query,tweet_date,username,name,text,url,translated_text,CLASSIFICACAO
Morbius trailer,28 Feb 2022,@GilaFilmID,GilaFilmID,"Ntar kalo diundur lagi, tinggal rilis 'Final Trailer B' #Morbius #Morbiustrailer",https://nitter.net/GilaFilmID/status/1498446171735740417#m,"Later, if it's postponed again, just release 'Final Trailer B' #Morbius #Morbiustrailer",0
Morbius trailer,28 Feb 2022,@DOReviewMovies,DO Review Movies,Trailer: Morbius from Sony Pictures in Theaters April 1 doreviewmovies.com/2022/02/2…,https://nitter.net/DOReviewMovies/status/1498445864209104898#m,Trailer: Morbius from Sony Pictures in Theaters April 1 doreviewmovies.com/2022/02/2…,0
Morbius trailer,28 Feb 2022,@MCU_Fanatics,MCU Fanatics,The final trailer for Morbius is sparking conversation. dlvr.it/SKqp27,https://nitter.net/MCU_Fanatics/status/1498444668949782528#m,The final trailer for Morbius is sparking conversation. dlvr.it/SKqp27,0
Morbius trailer,28 Feb 2022,@MZilla1954,M Zilla1954,Did you know that Horizon shown in the #Morbius final trailer is a company that creates advanced technology and in the comics #SpiderMan uses resources at Horizon to create new suits like the stealth suit and the Spider-Armor suit.,https://nitter.net/MZilla1954/status/1498444169836052480#m,Did you know that Horizon shown in the #Morbius final trailer is a company that creates advanced technology and in the comics #SpiderMan uses resources at Horizon to create new suits like the stealth suit and the Spider-Armor suit.,0
Morbius trailer,28 Feb 2022,@thetipbrat,The Tipbrat,Just watched the final trailer for Marvel's 'Morbius'....mehn it's mind blowing🤗,https://nitter.net/thetipbrat/status/1498444101066403842#m,Just watched the final trailer for Marvel's 'Morbius'....mehn it's mind blowing🤗,1
Morbius trailer,28 Feb 2022,@filmes_e_filmes,Filmes & Filmes,"A @SonyPictures divulgou o trailer final de ""Morbius"", novo longa do universo do Homem-Aranha estrelado por Jared Leto. Dirigido por Daniel Espinosa, o filme estreia dia 31 de março nos cinemas brasileiros.🔥🎬 #morbius #sonypictures #jaredleto",https://nitter.net/filmes_e_filmes/status/1498444086696726529#m,"@SonyPictures has released the final trailer for ""Morbius"", the new feature film in the Spider-Man universe starring Jared Leto. Directed by Daniel Espinosa, the film opens on March 31st in Brazilian cinemas.🔥🎬 #morbius #sonypictures #jaredleto",0
Morbius trailer,28 Feb 2022,@Spelochfilmse,Spelochfilm.se,Morbius visar sin sista trailer bloglovin.com/blogs/spel-och… on @bloglovin,https://nitter.net/Spelochfilmse/status/1498443923307606019#m,Morbius shows his final trailer bloglovin.com/blogs/spel-och… on @bloglovin,0
Morbius trailer,28 Feb 2022,@PopularTripe,Popular Tripe,"MORBIUS: FINAL TRAILER REACTION, Review & Thoughts! Was ready to veto because of Leto, hoped this trailer was going to change my mind! Did it? I’m guessing the thumbnail might’ve given the answer away… Hit the link to find out! #Morbius #Marvel #Spiderman piped.video/yuwTNvMm3Iw",https://nitter.net/PopularTripe/status/1498443676162437124#m,"MORBIUS: FINAL TRAILER REACTION, Review & Thoughts! Was ready to veto because of Leto, hoped this trailer was going to change my mind! Did it? I’m guessing the thumbnail might’ve given the answer away… Hit the link to find out! #Morbius #Marvel #Spiderman piped.video/yuwTNvMm3Iw",0
Morbius trailer,28 Feb 2022,@TheGossipMash,The Gossip Mash,MORBIUS Final Trailer (2022) thegossipmash.com/morbius-fi… #movies #movietrailers #celebritynews #movierecommendations,https://nitter.net/TheGossipMash/status/1498443548244516866#m,MORBIUS Final Trailer (2022) thegossipmash.com/morbius-fi… #movies #movietrailers #celebritynews #movierecommendations,0
Morbius trailer,28 Feb 2022,@mty_360,MTY360™,#JaredLeto se transforma en un vampiro sediento de sangre en el tráiler final de #Morbius mty360.net/cultura/cine/morb…,https://nitter.net/mty_360/status/1498442985645568000#m,#JaredLeto transforms into a bloodthirsty vampire in the final trailer for #Morbius mty360.net/cultura/cine/morb…,0
Morbius trailer,28 Feb 2022,@Cult_Faction,Cult Faction,Morbius final trailer released piped.video/watch?v=SQK-Qxxt… cultfaction.com/2022/03/01/m…,https://nitter.net/Cult_Faction/status/1498442243522412551#m,Morbius final trailer released piped.video/watch?v=SQK-Qxxt… cultfaction.com/2022/03/01/m…,0
Morbius trailer,28 Feb 2022,@ComicOutlook,Comic Book Outlook,"Watch ""MORBIUS - Final Trailer (HD)"" buff.ly/3McCGLF #Morbius #Marvel #Sony",https://nitter.net/ComicOutlook/status/1498440473840599043#m,"Watch ""MORBIUS - Final Trailer (HD)"" buff.ly/3McCGLF #Morbius #Marvel #Sony",0
Morbius trailer,28 Feb 2022,@TomatazosCom,@TomatazosCom,"Morbius, con Jared Leto, presenta nuevo tráiler oficial bit.ly/3stCakB",https://nitter.net/TomatazosCom/status/1498440378776698881#m,"Morbius, con Jared Leto, presenta nuevo tráiler oficial bit.ly/3stCakB",0
Morbius trailer,28 Feb 2022,@TheKiwiKingdom_,Kiwi TKK,"Matt's Trending because he is in the movie - Morbius, and he appeared quite a bit in the trailer that aired a few hours ago",https://nitter.net/TheKiwiKingdom_/status/1498440306429157377#m,"Matt's Trending because he is in the movie - Morbius, and he appeared quite a bit in the trailer that aired a few hours ago",1
Morbius trailer,28 Feb 2022,@HorrorCultFilms,HorrorCultFilms,Final Trailer and Lore Vignette Revealed For MORBIUS #Morbius horrorcultfilms.co.uk/2022/0…,https://nitter.net/HorrorCultFilms/status/1498440169141252097#m,Final Trailer and Lore Vignette Revealed For MORBIUS #Morbius horrorcultfilms.co.uk/2022/0…,0
Morbius trailer,28 Feb 2022,@MZilla1954,M Zilla1954,Also I would like to apologize for not making a reaction video for the #Morbius trailer. I’ve been super busy lately and I didn’t have time so again sorry.,https://nitter.net/MZilla1954/status/1498439697365749762#m,Also I would like to apologize for not making a reaction video for the #Morbius trailer. I’ve been super busy lately and I didn’t have time so again sorry.,1
Morbius trailer,28 Feb 2022,@MZilla1954,M Zilla1954,Just saw the final trailer for #Morbius and oh man as a #SpiderMan fan this movie is going to be damn freaking good 👏👏👏,https://nitter.net/MZilla1954/status/1498439044765790211#m,Just saw the final trailer for #Morbius and oh man as a #SpiderMan fan this movie is going to be damn freaking good 👏👏👏,1
Morbius trailer,28 Feb 2022,@TrailersPlayHD,Trailers Playground HD,Morbius - Official® Trailer 2 [HD] piped.video/xasn6OSwMTQ via @YouTube,https://nitter.net/TrailersPlayHD/status/1498438509266452481#m,Morbius - Official® Trailer 2 [HD] piped.video/xasn6OSwMTQ via @YouTube,0
Morbius trailer,28 Feb 2022,@Gamemasmx,Gamemásmx,Ve el tráiler final de Morbius que pronto llegará a cines. #Morbius #sonypictures #Marvel gamemasmx.blogspot.com/2022/…,https://nitter.net/Gamemasmx/status/1498436998952108037#m,Watch the final trailer for Morbius that will soon hit theaters. #Morbius #sonypictures #Marvel gamemasmx.blogspot.com/2022/…,0
Morbius trailer,28 Feb 2022,@sopitas,Sopitas,"¡Poor fin! Luego de mucha espera, ya tenemos el tráiler final de ‘Morbius’ con Jared Leto. Acá te lo compartimos 🙌🎞️ sopitas.com/entretenimiento/…",https://nitter.net/sopitas/status/1498436853904683008#m,"Poor end! After much waiting, we already have the final trailer for 'Morbius' with Jared Leto. Here we share it with you 🙌🎞️ sopitas.com/entretenimiento/…",0
Morbius trailer,28 Feb 2022,@zonafreakextra,ZONA FREAK 💥🍿,"Nuevamente tuvimos TRAILER de MORBIUS. Y nuevamente, los microsegundos de Keaton me dan más HYPE que todo el resto. ¿Qué opinan? piped.video/watch?v=o7eey-YJ… Su RT ayuda un monton.",https://nitter.net/zonafreakextra/status/1498436615584325636#m,"Again we had TRAILER of MORBIUS. And again, Keaton's microseconds give me more HYPE than all the rest. What do you think? piped.video/watch?v=o7eey-YJ… Your RT helps a lot.",0
Morbius trailer,28 Feb 2022,@kmax_chicago,K Max,#Movies2022 #Marvel #MORBIUS - Final Trailer (HD) piped.video/SQK-QxxtE8Y via @YouTube,https://nitter.net/kmax_chicago/status/1498436103833108480#m,#Movies2022 #Marvel #MORBIUS - Final Trailer (HD) piped.video/SQK-QxxtE8Y via @YouTube,0
Morbius trailer,28 Feb 2022,@965Wave,Wave FM 96.5,"Jared Leto is ""Morbius"" in Final Trailer for the Marvel Characters Debut #trending #wavefm bit.ly/3tgrnJU",https://nitter.net/965Wave/status/1498435612763770885#m,"Jared Leto is ""Morbius"" in Final Trailer for the Marvel Characters Debut #trending #wavefm bit.ly/3tgrnJU",0
Morbius trailer,28 Feb 2022,@End_Frontiers,Jed Morgan | The Endless Frontiers,Going live @ 7PM EST for Hollywood University to talk #TheBatman #GalacticStarcruiser #ironheart #Morbius trailer and the #FantasticBeasts trailer piped.video/fRMCb9rStRw,https://nitter.net/End_Frontiers/status/1498435568291643395#m,Going live @ 7PM EST for Hollywood University to talk #TheBatman #GalacticStarcruiser #ironheart #Morbius trailer and the #FantasticBeasts trailer piped.video/fRMCb9rStRw,0
Morbius trailer,28 Feb 2022,@893lafm,893LAFM,"Jared Leto is ""Morbius"" in Final Trailer for the Marvel Characters Debut #entertainment #lafm bit.ly/3M7TqUv",https://nitter.net/893lafm/status/1498435364708499456#m,"Jared Leto is ""Morbius"" in Final Trailer for the Marvel Characters Debut #entertainment #lafm bit.ly/3M7TqUv",0
Morbius trailer,28 Feb 2022,@couponlance,Couponlance,Final trailer of Jared Leto’s ‘Morbius’ is out: ‘Let go of what you used to be. Discover who you’re meant to be’ | English Movie News news.couponlance.com/final-t…,https://nitter.net/couponlance/status/1498434797114466314#m,Final trailer of Jared Leto’s ‘Morbius’ is out: ‘Let go of what you used to be. Discover who you’re meant to be’ | English Movie News news.couponlance.com/final-t…,0
Morbius trailer,28 Feb 2022,@JuancaScreams,Juan Camilo Ortiz,Ya prendí directo en @TwitchLatam hoy hablamos de la película #TheBatman trailer de #morbius y jugamos #Cyberpunk2077 te espero acá ya Twitch.tv/juancascreams,https://nitter.net/JuancaScreams/status/1498434766630174723#m,I already turned on live on @TwitchLatam today we talked about the movie #TheBatman trailer for #morbius and we played #Cyberpunk2077 I'll wait for you here Twitch.tv/juancascreams,0
Morbius trailer,28 Feb 2022,@Brando46620993,PelisOfficial,#Sony:piped.video/watch?v=SYOePdCZ… ya salío el tráiler final de Morbius,https://nitter.net/Brando46620993/status/1498434693007654919#m,#Sony:piped.video/watch?v=SYOePdCZ… the final trailer for Morbius is out,0
Morbius trailer,28 Feb 2022,@Snowx2k5,SnowX2K5,Morbius - Final #Trailer - Exclusively At Cinemas March 31 piped.video/RYw1RzwrClc via @YouTube #Marvel,https://nitter.net/Snowx2k5/status/1498434517442433024#m,Morbius - Final #Trailer - Exclusively At Cinemas March 31 piped.video/RYw1RzwrClc via @YouTube #Marvel,0
Morbius trailer,28 Feb 2022,@streamingthings,streaming things,"Confiram o trailer final de Morbius, filme estrelado por Jared Leto. Na trama, o bioquímico tenta descobrir a cura para um doença sanguínea e se transforma em vampiro durante um experimento. Estreia: 1º de abril.",https://nitter.net/streamingthings/status/1498434268137197577#m,"Check out the final trailer for Morbius, a film starring Jared Leto. In the plot, the biochemist tries to discover a cure for a blood disease and transforms into a vampire during an experiment. Premiere: April 1st.",0
Morbius trailer,28 Feb 2022,@bsmithh91,Steve Rodgers,Including that new morbius trailer that just dropped,https://nitter.net/bsmithh91/status/1498433845401636865#m,Including that new morbius trailer that just dropped,0
Morbius trailer,28 Feb 2022,@FeRRyCyberLG,Ƒ̷ΞⱤ̷Ɽ̷Ɏ̷,MORBIUS. Tráiler Final HD en español. En cines 1 de abril. piped.video/SYOePdCZfqM a través de @YouTube,https://nitter.net/FeRRyCyberLG/status/1498433593848250371#m,MORBIUS. Final HD Trailer in Spanish. In theaters April 1. piped.video/SYOePdCZfqM via @YouTube,0
Morbius trailer,28 Feb 2022,@geekyhijynx,GeekyHiJynx,Come and check out my latest reaction to Morbius!! Morbius Final Trailer REACTION!!! piped.video/kHQQwJ64uyc via @YouTube,https://nitter.net/geekyhijynx/status/1498433396091019266#m,Come and check out my latest reaction to Morbius!! Morbius Final Trailer REACTION!!! piped.video/kHQQwJ64uyc via @YouTube,0
Morbius trailer,28 Feb 2022,@zonafreakextra,ZONA FREAK 💥🍿,Nuevo Video!!! EL BUITRE recluta a MORBIUS para los SEIS SINIESTROS? | Trailer final de... piped.video/o7eey-YJ8xM a través de @YouTube,https://nitter.net/zonafreakextra/status/1498433237257015297#m,New Video!!! THE VULTURE recruits MORBIUS for the SINISTER SIX? | Final trailer for... piped.video/o7eey-YJ8xM via @YouTube,0
Morbius trailer,28 Feb 2022,@Vyral_News_,VyralNews,Mira el tráiler de la cinta del enigmático antihéroe #Morbius con Jared Leto vyral-news.com/2022/02/28/tr…,https://nitter.net/Vyral_News_/status/1498433079211278338#m,Watch the trailer for the film of the enigmatic antihero #Morbius with Jared Leto vyral-news.com/2022/02/28/tr…,0
Morbius trailer,28 Feb 2022,@mithile90321049,mithilesh kumar,Final trailer of Jared Leto’s ‘Morbius’ is out: ‘Let go of what you used to be. Discover who you’re meant to be’ | English Movie News indiatechnews.xyz/final-trai…,https://nitter.net/mithile90321049/status/1498433002967375880#m,Final trailer of Jared Leto’s ‘Morbius’ is out: ‘Let go of what you used to be. Discover who you’re meant to be’ | English Movie News indiatechnews.xyz/final-trai…,0
Morbius trailer,28 Feb 2022,@p1a55e,Marcel Plasse,Trailer de “Morbius” destaca aparição do Abutre pipocamoderna.com.br/2022/02…,https://nitter.net/p1a55e/status/1498432891902169090#m,Trailer for “Morbius” highlights appearance of the Vulture pipocamoderna.com.br/2022/02…,0
Morbius trailer,28 Feb 2022,@trailerrankings,Movie Trailer Rankings,Why the Final Trailer for '#Morbius' SCREAMS! #MorbiusTrailerReaction #movietrailers #movietrailerrankings #trailerreactions #filmmaking #editing piped.video/gVUUh8Kbl2o,https://nitter.net/trailerrankings/status/1498432850319794182#m,Why the Final Trailer for '#Morbius' SCREAMS! #MorbiusTrailerReaction #movietrailers #movietrailerrankings #trailerreactions #filmmaking #editing piped.video/gVUUh8Kbl2o,0
Morbius trailer,28 Feb 2022,@Pipoca_Moderna,Pipoca Moderna,Trailer de “Morbius” destaca aparição do Abutre pipocamoderna.com.br/2022/02…,https://nitter.net/Pipoca_Moderna/status/1498432846574276613#m,Trailer for “Morbius” highlights appearance of the Vulture pipocamoderna.com.br/2022/02…,0
Morbius trailer,1 Mar 2022,@creatusam,sam 📖 📼,trailer de #Morbius agoraa,https://nitter.net/creatusam/status/1498809665341300741#m,#Morbius agoraa trailer,0
Morbius trailer,1 Mar 2022,@KillerMari0,KillerMARI0 🐎🪽,"¡WICCAN Y SPEED EN DOCTOR STRANGE 2! Doctor Doom Illuminati, Trailer Morbius, Mejoraran No Way Home! piped.video/Rxu_myzQRpg a través de @YouTube #Marvel #Memes #DoctorStrange2",https://nitter.net/KillerMari0/status/1498807718664146952#m,"¡WICCAN Y SPEED EN DOCTOR STRANGE 2! Doctor Doom Illuminati, Trailer Morbius, Mejoraran No Way Home! piped.video/Rxu_myzQRpg a través de @YouTube #Marvel #Memes #DoctorStrange2",0
Morbius trailer,1 Mar 2022,@Kpunga_,Kpunga 🥁🎶,"eu gostei demais do novo trailer do Morbius, parece que o filme vai ser bom demais ein",https://nitter.net/Kpunga_/status/1498806939735760897#m,"I really liked the new Morbius trailer, it looks like the film is going to be really good, eh",0
Morbius trailer,1 Mar 2022,@Canal13Campeche,Canal 13 Campeche,"#Espectaculos🍿| Jared Leto está listo para convertirse en el doctor Michael Morbius, uno de los antihéroes de los cómics de Marvel que darán vida gracias a Sony Pictures en su parte que tienen del Universo Cinematográfico. #Campeche | #Noti13 canal13mexico.com/campeche/e…",https://nitter.net/Canal13Campeche/status/1498802766516416513#m,"#Shows🍿| Jared Leto is ready to become Dr. Michael Morbius, one of the antiheroes of the Marvel comics that will be brought to life thanks to Sony Pictures in their part of the Cinematographic Universe. #Campeche | #Noti13 canal13mexico.com/campeche/e…",0
Morbius trailer,1 Mar 2022,@elnuggito,Nugget,"It looks like Michael Keaton's Vulture is in ""Morbius"" uproxx.com/movies/how-is-mic…",https://nitter.net/elnuggito/status/1498797732021952515#m,"It looks like Michael Keaton's Vulture is in ""Morbius"" uproxx.com/movies/how-is-mic…",1
Morbius trailer,1 Mar 2022,@sw_jkmnr,####,Nieuwe trailer 'Morbius' zuigt ons dieper het Spider-Man Universe in filmtotaal.nl/nieuws/89496,https://nitter.net/sw_jkmnr/status/1498797473598521351#m,New trailer 'Morbius' draws us deeper into the Spider-Man Universe in filmtotaal.nl/nieuws/89496,0
Morbius trailer,1 Mar 2022,@Yarbin_gt,Yarbin,¡NUEVO AVANCE DE #MORBIUS! Tenemos el trailer final de la próxima cinta spin off de #SpiderMan protagonizada por #JaredLeto. Llega a cines este 1 de abril 🧛‍♂️,https://nitter.net/Yarbin_gt/status/1498795768244809732#m,NEW ADVANCE OF #MORBIUS! We have the final trailer for the next #SpiderMan spin off film starring #JaredLeto. Arrives in theaters this April 1st 🧛‍♂️,0
Morbius trailer,1 Mar 2022,@Gl4NTS,Gus🇦🇷,Desde ayer q estoy con que voy a ver el trailer final de morbius y siempre pasa algo o me olvido. Como se notan las ganas que tengo por ver la película,https://nitter.net/Gl4NTS/status/1498793098931015682#m,Since yesterday I've been thinking that I'm going to see the final trailer for Morbius and something always happens or I forget. How can you tell how much I want to see the movie?,0
Morbius trailer,1 Mar 2022,@cinemamoviesok,CINEMAMOVIES 🍿,Tráiler final de #Morbius. En cines el 31 de Marzo.,https://nitter.net/cinemamoviesok/status/1498792791236829189#m,#Morbius final trailer. In theaters March 31.,0
Morbius trailer,1 Mar 2022,@jessicacrnvr1,jessicacrnvr,MORBIUS - Final Trailer (HD) piped.video/SQK-QxxtE8Y via @YouTube,https://nitter.net/jessicacrnvr1/status/1498792082474950660#m,MORBIUS - Final Trailer (HD) piped.video/SQK-QxxtE8Y via @YouTube,0
Morbius trailer,1 Mar 2022,@FromPage2Screen,Stuart Bannerman,MORBIUS unleashes its Final Trailer and the film can be seen exclusively at cinemas March 31￼( @SonyPicturesUK ) piped.video/watch?v=UW4hP_X4… frompage2screen.com/2022/03/…,https://nitter.net/FromPage2Screen/status/1498791466935603202#m,MORBIUS unleashes its Final Trailer and the film can be seen exclusively at cinemas March 31￼( @SonyPicturesUK ) piped.video/watch?v=UW4hP_X4… frompage2screen.com/2022/03/…,1
Morbius trailer,1 Mar 2022,@TheRealZIG,ZIGvrt,"Another #Morbius trailer that just doesnt get me hyped at all for that movie, Sony’s definitely over estimating how much we care that Micheal Keatons Vulture is somehow showing up, wouldn’t be surprised if they’ve put all his scenes in the trailers to get some Spider-man hype",https://nitter.net/TheRealZIG/status/1498790769959784459#m,"Another #Morbius trailer that just doesnt get me hyped at all for that movie, Sony’s definitely over estimating how much we care that Micheal Keatons Vulture is somehow showing up, wouldn’t be surprised if they’ve put all his scenes in the trailers to get some Spider-man hype",1
Morbius trailer,1 Mar 2022,@TheBestDarnGirl,The Best Darn Girls,Check out the #MORBIUS final trailer #Atom: bit.ly/30ns2dD #Fandango: bit.ly/2QVgV8J #MovieTickets: bit.ly/35SzjmH piped.video/SQK-QxxtE8Y via @YouTube,https://nitter.net/TheBestDarnGirl/status/1498788411209043969#m,Check out the #MORBIUS final trailer #Atom: bit.ly/30ns2dD #Fandango: bit.ly/2QVgV8J #MovieTickets: bit.ly/35SzjmH piped.video/SQK-QxxtE8Y via @YouTube,0
Morbius trailer,1 Mar 2022,@ShainEThomas,Shain E. Thomas,MORBIUS TRAILER BREAKDOWN! Which Spiderverse Is It In? @NewRockstars @EAVoss piped.video/watch?v=kyQV-I-A…,https://nitter.net/ShainEThomas/status/1498787302390259712#m,MORBIUS TRAILER BREAKDOWN! Which Spiderverse Is It In? @NewRockstars @EAVoss piped.video/watch?v=kyQV-I-A…,0
Morbius trailer,1 Mar 2022,@RBcasting,RB Casting,"""Morbius"", il final trailer del film con Jared Leto. L'attore premio Oscar interpreta il nuovo antieroe della Marvel, il Dr. Morbius, nel film diretto da Daniel Espinosa. Al cinema dal 31 marzo. #Morbius rbcasting.com/?p=146139",https://nitter.net/RBcasting/status/1498785265934086153#m,"""Morbius"", the final trailer of the film with Jared Leto. The Oscar-winning actor plays Marvel's new antihero, Dr. Morbius, in the film directed by Daniel Espinosa. At the cinema from March 31st. #Morbius rbcasting.com/?p=146139",1
Morbius trailer,1 Mar 2022,@SangreTano,Lucas | ⊗ ᱬ La Cabaña de Sangre ᱬ ⊗,"El tráiler de Morbius que ha salido nuevo dice algo así como: “Llega una nueva leyenda de Marvel” ¿Pero qué leyenda ni qué leyenda, si no se acuerda de él ni el que lo creó? Literalmente la tía May es más leyenda de Marvel que Morbius.",https://nitter.net/SangreTano/status/1498784708355923972#m,"The new trailer for Morbius says something like: “A new Marvel legend is coming.” But what legend or what legend, if you don't remember him or the one who created him? Literally Aunt May is more of a Marvel legend than Morbius.",0
Morbius trailer,1 Mar 2022,@SCinecolon,Starlight CineColón,Dejá ir lo que solías ser. Descubrí quién estás destinado a ser. Mirá ahora el tráiler final. #Morbius en nuestra publicación anterior. Estreno 31 de Marzo en #StarlightCinemaDigital ⭐,https://nitter.net/SCinecolon/status/1498784123590172672#m,Dejá ir lo que solías ser. Discover who you are meant to be. Watch the final trailer now. #Morbius in our previous post. Premieres March 31 at #StarlightCinemaDigital ⭐,0
Morbius trailer,1 Mar 2022,@SCinecolon,Starlight CineColón,Dejá ir lo que solías ser. Descubrí quién estás destinado a ser. Mirá ahora el tráiler final. #Morbius Estreno 31 de Marzo en #StarlightCinemaDigital ⭐,https://nitter.net/SCinecolon/status/1498782493503279107#m,Let go of what you used to be. Discover who you are meant to be. Watch the final trailer now. #Morbius Premieres March 31 at #StarlightCinemaDigital ⭐,0
Morbius trailer,1 Mar 2022,@DiarioValorMx,Valor Noticias,"#ValorNoticias #Espectáculo La cinta ha sufrido modificaciones en su fecha de estreno; sin embargo, ya se difundió el último tráiler de este proyecto estelarizado por el ganador del Oscar. diariovalor.com/2022/03/01/y…",https://nitter.net/DiarioValorMx/status/1498780117211963400#m,"#ValorNoticias #Show The film has undergone changes to its release date; However, the latest trailer for this project starring the Oscar winner has already been released. diovalor.com/2022/03/01/y…",0
Morbius trailer,1 Mar 2022,@TheNaijaNerds,Naija Nerds,"Batman Appreciation In preparation for The #Batman movie coming out this week we reflect and talk about our favourite Batman stories Next week will be a big week as we be dissecting the Batman movie, that is one episode you don’t want to miss Direct link: buff.ly/3K5vDCL",https://nitter.net/TheNaijaNerds/status/1498778289837592582#m,"Batman Appreciation In preparation for The #Batman movie coming out this week we reflect and talk about our favourite Batman stories Next week will be a big week as we be dissecting the Batman movie, that is one episode you don’t want to miss Direct link: buff.ly/3K5vDCL",1
Morbius trailer,1 Mar 2022,@christen_salem,The void.,"Sony definitely changed this line from ""bat radar"" to ""echolocation"" in the final trailer. #Morbius #SSU",https://nitter.net/christen_salem/status/1498777682892447755#m,"Sony definitely changed this line from ""bat radar"" to ""echolocation"" in the final trailer. #Morbius #SSU",0
Morbius trailer,1 Mar 2022,@Daily_Express,Daily Express,How does #Morbius fit into MCU after Venom revelation? express.co.uk/entertainment/…,https://nitter.net/Daily_Express/status/1498775585967030282#m,How does #Morbius fit into MCU after Venom revelation? express.co.uk/entertainment/…,0
Morbius trailer,1 Mar 2022,@TAGMAGbe,TAGMAG,'Morbius' zal vanaf 30 maart te zien zijn in de bioscoop! 🎬 tagmag.news/feed/176335-zien…,https://nitter.net/TAGMAGbe/status/1498773399006597120#m,'Morbius' will be in cinemas from March 30! 🎬 tagmag.news/feed/176335-zien…,0
Morbius trailer,1 Mar 2022,@alissera_,Alissera,quando fui ver NWH o trailer do Morbius passou DUAS VEZES! o.O,https://nitter.net/alissera_/status/1498772995682168832#m,when I went to see NWH the Morbius trailer played TWICE! o.O,0
Morbius trailer,1 Mar 2022,@GardockiDigital,Gardocki Digital VFX,ift.tt/75hsADK,https://nitter.net/GardockiDigital/status/1498767935640412160#m,ift.tt/75hsADK,0
Morbius trailer,1 Mar 2022,@ClaroNicaragua,Claro Nicaragua,🍿 🎬 Deja ir lo que solías ser. Descubre quién estás destinado a ser. Mira el tráiler final ahora. #Morbius exclusivamente en cines este 31 de Marzo 😎 🤩.,https://nitter.net/ClaroNicaragua/status/1498765706837512193#m,🍿 🎬 Let go of what you used to be. Discover who you are meant to be. Watch the final trailer now. #Morbius exclusively in theaters this March 31st 😎 🤩.,0
Morbius trailer,1 Mar 2022,@9ja_breed,9ja Breed,MORBIUS TRAILER BREAKDOWN! Which Spiderverse Is It In? dlvr.it/SKtqXg,https://nitter.net/9ja_breed/status/1498765321317933060#m,MORBIUS TRAILER BREAKDOWN! Which Spiderverse Is It In? dlvr.it/SKtqXg,0
Morbius trailer,1 Mar 2022,@Skullnerd,AH NERD!,"Vem comigo nessa análise do Trailer Honesto final de Morbius! Vamos olhar os detalhes, pegar as referências e zoar o que tem pra ser zoado! LINK: piped.video/urs6TRkJhKk #morbius",https://nitter.net/Skullnerd/status/1498763823842533376#m,"Come with me in this analysis of the final Honest Trailer for Morbius! Let's look at the details, get the references and make fun of what has to be made fun of! LINK: piped.video/urs6TRkJhKk #morbius",0
Morbius trailer,1 Mar 2022,@OmarLandazuri29,Omar Landazuri,My reaction today when I saw that they released the Final Morbius trailer yesterday and I missed it,https://nitter.net/OmarLandazuri29/status/1498763474704416769#m,My reaction today when I saw that they released the Final Morbius trailer yesterday and I missed it,1
Morbius trailer,1 Mar 2022,@dickgraysosn,lesbian al gaib,vendo trailer de morbius,https://nitter.net/dickgraysosn/status/1498762389252149257#m,morbius trailer for sale,0
Morbius trailer,1 Mar 2022,@AngelsCorner2,Angel's Corner,"El 1 de abril llega a los cines #Morbius , nueva película de @sonypictures_es que adapta al personaje vampírico de @MarvelSpain , interpretado por @JaredLeto . Os dejo el tráiler: piped.video/SYOePdCZfqM @MarvelStudios #Marvel #SonyPictures #JaredLeto",https://nitter.net/AngelsCorner2/status/1498761810123571200#m,"#Morbius, a new film by @sonypictures_es that adapts the vampire character from @MarvelSpain, played by @JaredLeto, hits theaters on April 1. I leave you the trailer: piped.video/SYOePdCZfqM @MarvelStudios #Marvel #SonyPictures #JaredLeto",0
Morbius trailer,1 Mar 2022,@NewRockstars,New Rockstars,"Here’s our full breakdown of the final trailer for #Morbius! @eavoss takes us frame-by-frame through all of the new footage, answering your biggest questions about the film and the universe it’s set in! ⬇️⬇️⬇️ piped.video/kyQV-I-AeQU",https://nitter.net/NewRockstars/status/1498761058823061510#m,"Here’s our full breakdown of the final trailer for #Morbius! @eavoss takes us frame-by-frame through all of the new footage, answering your biggest questions about the film and the universe it’s set in! ⬇️⬇️⬇️ piped.video/kyQV-I-AeQU",1
Morbius trailer,1 Mar 2022,@AlSweenCN,Producer Al Sween,MORBIUS TRAILER BREAKDOWN! Which Spiderverse Is It In? piped.video/kyQV-I-AeQU via @YouTube,https://nitter.net/AlSweenCN/status/1498760861896392711#m,MORBIUS TRAILER BREAKDOWN! Which Spiderverse Is It In? piped.video/kyQV-I-AeQU via @YouTube,0
Morbius trailer,1 Mar 2022,@JeremiahofNY,Jeremiah,Let go of what you used to be. Discover who you’re meant to be. Watch the final trailer now. #Morbius is exclusively in movie theaters April 1.,https://nitter.net/JeremiahofNY/status/1498758941232222209#m,Let go of what you used to be. Discover who you’re meant to be. Watch the final trailer now. #Morbius is exclusively in movie theaters April 1.,1
Morbius trailer,1 Mar 2022,@anomuras,maisa,TRAILER DE MORBIUS,https://nitter.net/anomuras/status/1498758550780366850#m,TRAILER DE MORBIUS,0
Morbius trailer,1 Mar 2022,@AnimationShare,Animation Share,Sony Drops Final Trailer for Marvel Supercreature Feature 'Morbius' - Animation World Network dlvr.it/SKtmCZ,https://nitter.net/AnimationShare/status/1498757997064908800#m,Sony Drops Final Trailer for Marvel Supercreature Feature 'Morbius' - Animation World Network dlvr.it/SKtmCZ,0
Morbius trailer,1 Mar 2022,@ANIMATIONWorld,AWN,"Sony Drops Final Trailer for Marvel Supercreature Feature ‘Morbius’: New film delves into the origins of a biochemist-turned-bloodsucker, who first appeared in Marvel comics as a foil to Spider-Man and later became a flawed antihero. bit.ly/35qMmSa",https://nitter.net/ANIMATIONWorld/status/1498756734826913795#m,"Sony Drops Final Trailer for Marvel Supercreature Feature ‘Morbius’: New film delves into the origins of a biochemist-turned-bloodsucker, who first appeared in Marvel comics as a foil to Spider-Man and later became a flawed antihero. bit.ly/35qMmSa",1
Morbius trailer,1 Mar 2022,@3ative,3ATIVE 🌐,Sony Drops Final Trailer for Marvel Supercreature Feature ‘Morbius’ dlvr.it/SKtk7l,https://nitter.net/3ative/status/1498754468136964096#m,Sony Drops Final Trailer for Marvel Supercreature Feature ‘Morbius’ dlvr.it/SKtk7l,0
Morbius trailer,1 Mar 2022,@Cinebooom,Cinebooom,Jared Leto expande el universo de Spider-Man en un nuevo trailer de “Morbius” piped.video/watch?v=ii34Jb2M… cinebooom.cl/jared-leto-expa…,https://nitter.net/Cinebooom/status/1498754346170863632#m,Jared Leto expands the Spider-Man universe in a new trailer for “Morbius” piped.video/watch?v=ii34Jb2M… cinebooom.cl/jared-leto-expa…,0
Morbius trailer,1 Mar 2022,@_PrimeSilver_,⚜Elias•Silver⚜,NEUE MORBIUS TRAILER REACTION IST ONLINE piped.video/z-BZQYp2chk,https://nitter.net/_PrimeSilver_/status/1498752133675597826#m,NEUE MORBIUS TRAILER REACTION IST ONLINE piped.video/z-BZQYp2chk,0
Morbius trailer,2 Mar 2022,@ttvcluelessmeg,Meg,just saw the morbius trailer. holy fucking shit.,https://nitter.net/ttvcluelessmeg/status/1499168901975867392#m,just saw the morbius trailer. holy fucking shit.,1
Morbius trailer,2 Mar 2022,@embahgendut,Embah Endut Cayang,"Damn..,....look like it was a real ghost😨 as i remember this scene was in the first trailer. This scene was Morbius using his echolocation ability in a lab",https://nitter.net/embahgendut/status/1499167828221460480#m,"Damn..,....look like it was a real ghost😨 as i remember this scene was in the first trailer. This scene was Morbius using his echolocation ability in a lab",1
Morbius trailer,2 Mar 2022,@HollywoodGlee,Larry Gleeson,Morbius - Final Trailer dlvr.it/SKyjCM,https://nitter.net/HollywoodGlee/status/1499161521548521474#m,Morbius - Final Trailer dlvr.it/SKyjCM,0
Morbius trailer,2 Mar 2022,@uncleLurk,2Dreadz,Morbius - Final Trailer dlvr.it/SKyfGS,https://nitter.net/uncleLurk/status/1499156238377967618#m,Morbius - Final Trailer dlvr.it/SKyfGS,0
Morbius trailer,2 Mar 2022,@rick_roninpunk,Rick,Morbius final trailer reaction video is up! My feelings on the release for Morbius and that thing Jared Leto did. YouTube link in bio 🔗 #trailerreaction #Morbius #Marvel #SonyPictures instagram.com/p/CanlZGjPID9/…,https://nitter.net/rick_roninpunk/status/1499152291135377408#m,Morbius final trailer reaction video is up! My feelings on the release for Morbius and that thing Jared Leto did. YouTube link in bio 🔗 #trailerreaction #Morbius #Marvel #SonyPictures instagram.com/p/CanlZGjPID9/…,0
Morbius trailer,2 Mar 2022,@agglais_,𝕵𝖚𝖆𝖓k,Estaba viendo el trailer de morbius y sólo pienso en que si no canta the killer de thirty seconds to mars me salgo del cine.,https://nitter.net/agglais_/status/1499149113832710149#m,"I was watching the trailer for Morbius and I just thought that if The Killer from Thirty Seconds to Mars doesn't sing, I'll walk out of the theater.",0
Morbius trailer,2 Mar 2022,@cineecia,CINEeCIA.,"Estrelado por Jared Leto, filme chega aos cinemas em março Assista aqui: bit.ly/3pykgv9 @SonyPicturesBr #morbius",https://nitter.net/cineecia/status/1499144000829329411#m,"Starring Jared Leto, film hits theaters in March Watch here: bit.ly/3pykgv9 @SonyPicturesBr #morbius",0
Morbius trailer,2 Mar 2022,@mxdwn,Raymond Flotat,via @mxdwnmovies: Final @MorbiusMovie Trailer Prepares Audiences for Character Study and Possible MCU (@Marvel) Connection #Morbius #MCU movies.mxdwn.com/news/final-…,https://nitter.net/mxdwn/status/1499142507019472898#m,via @mxdwnmovies: Final @MorbiusMovie Trailer Prepares Audiences for Character Study and Possible MCU (@Marvel) Connection #Morbius #MCU movies.mxdwn.com/news/final-…,0
Morbius trailer,2 Mar 2022,@kencan_0406,Alexsandria,Morbius - Final Trailer dlvr.it/SKyT8D,https://nitter.net/kencan_0406/status/1499138748407185408#m,Morbius - Final Trailer dlvr.it/SKyT8D,0
Morbius trailer,2 Mar 2022,@razzakratan1989,Ratan Razzak,Morbius - Final Trailer dlvr.it/SKyScF,https://nitter.net/razzakratan1989/status/1499137741048586241#m,Morbius - Final Trailer dlvr.it/SKyScF,0
Morbius trailer,2 Mar 2022,@Kcricehill,𝕶𝕮 𝖙𝖍𝖊 𝕹𝖎𝖌𝖍𝖙 𝖂𝖆𝖑𝖐𝖊𝖗 🇯🇵,マーベル『モービウス』新予告編が公開 ─ 『ヴェノム』に続く、スパイダーマンの新たなるヴィラン映画 theriver.jp/morbius-trailer-… @the_river_jpから,https://nitter.net/Kcricehill/status/1499137689274044417#m,"Marvel's ""Mobius"" new trailer released - Spider-Man's new villain movie following ""Venom"" theriver.jp/morbius-trailer-… From @the_river_jp",0
Morbius trailer,2 Mar 2022,@PatahapaKE,Patahapa,Morbius - Final Trailer dlvr.it/SKySKR,https://nitter.net/PatahapaKE/status/1499136808830967808#m,Morbius - Final Trailer dlvr.it/SKySKR,0
Morbius trailer,2 Mar 2022,@PodcastUDC,DC Comics | 🎙️,"Poxa na minha não mostraram, queria ter visto na tela grande. Aqui passou o trailer de Morbius e Northmen",https://nitter.net/PodcastUDC/status/1499136285843329024#m,"Wow, they didn't show it, I wish I had seen it on the big screen. Here was the trailer for Morbius and Northmen",0
Morbius trailer,2 Mar 2022,@RadioHuancavilk,Radio Huancavilca 830AM,Lanzan tráiler final de ‘Morbius’; aquí todos los detalles radiohuancavilca.com.ec/lanz…,https://nitter.net/RadioHuancavilk/status/1499131172256894980#m,Final trailer for 'Morbius' released; here all the details radiohuancavilca.com.ec/lanz…,0
Morbius trailer,2 Mar 2022,@360aproko,360aproko,Morbius Final Trailer (2022) | Movieclips Trailers 360aproko.com/morbius-final-…,https://nitter.net/360aproko/status/1499128181537845258#m,Morbius Final Trailer (2022) | Movieclips Trailers 360aproko.com/morbius-final-…,0
Morbius trailer,2 Mar 2022,@ch4rlzt0n,C,That Morbius trailer… yikes,https://nitter.net/ch4rlzt0n/status/1499124216796483585#m,That Morbius trailer… yikes,0
Morbius trailer,2 Mar 2022,@Moviies,Moviies,New trailer: Morbius - Final Trailer ift.tt/JU7z92c,https://nitter.net/Moviies/status/1499118382058254338#m,New trailer: Morbius - Final Trailer ift.tt/JU7z92c,0
Morbius trailer,2 Mar 2022,@Revand_Hadi,Revand Hadipurwanto,Morbius - Final Trailer dlvr.it/SKyDy3,https://nitter.net/Revand_Hadi/status/1499115626803064832#m,Morbius - Final Trailer dlvr.it/SKyDy3,0
Morbius trailer,2 Mar 2022,@FlipsFlops88,FLipFLop,Morbius - Final Trailer dlvr.it/SKyCVh,https://nitter.net/FlipsFlops88/status/1499113582956449792#m,Morbius - Final Trailer dlvr.it/SKyCVh,0
Morbius trailer,2 Mar 2022,@datjovialguy,Dotun,Morbius - Final Trailer dlvr.it/SKy9hv,https://nitter.net/datjovialguy/status/1499110197373005826#m,Morbius - Final Trailer dlvr.it/SKy9hv,0
Morbius trailer,2 Mar 2022,@TrailerSam,Movie Trailer 🎬 🌠,Morbius - Final Trailer: One of Marvel’s most compelling and conflicted characters comes to the big screen as Oscar® winner Jared Leto transforms into the enigmatic antihero Michael Morbius. Dangerously ill with a rare blood disorder and determined to… dlvr.it/SKy9gS,https://nitter.net/TrailerSam/status/1499110183150112768#m,Morbius - Final Trailer: One of Marvel’s most compelling and conflicted characters comes to the big screen as Oscar® winner Jared Leto transforms into the enigmatic antihero Michael Morbius. Dangerously ill with a rare blood disorder and determined to… dlvr.it/SKy9gS,0
Morbius trailer,2 Mar 2022,@cinenjambre,CINENJAMBRE,Llegó el tráiler final para la película Morbius de @SonyPicturesMX. piped.video/SRmkwTBvTiM,https://nitter.net/cinenjambre/status/1499101053815509000#m,The final trailer for the movie Morbius by @SonyPicturesMX has arrived. piped.video/SRmkwTBvTiM,0
Morbius trailer,2 Mar 2022,@TibetEllor,Tibet Ellor,"Morbius Final Trailer Breakdown – The Latest Film to Join the Spider-Man Universe Is Almost Here Most of us would love to wake up tomorrow morning with some sort of superpower, even if they aren’t without their downsides. Plenty of comic book adaptation… ift.tt/xDCZoTd",https://nitter.net/TibetEllor/status/1499098408325419018#m,"Morbius Final Trailer Breakdown – The Latest Film to Join the Spider-Man Universe Is Almost Here Most of us would love to wake up tomorrow morning with some sort of superpower, even if they aren’t without their downsides. Plenty of comic book adaptation… ift.tt/xDCZoTd",1
Morbius trailer,2 Mar 2022,@BleedingFool,Bleeding Fool,"With this final trailer, Morbius, Sony's next Spider-Man related film, is starting to take shape and we’ve learned even more details about the cast, particularly the characters played by Jared Harris and Matt Smith. is.gd/YX9NcY #Morbius #MCU #SpiderMan #Marvel",https://nitter.net/BleedingFool/status/1499097232028614657#m,"With this final trailer, Morbius, Sony's next Spider-Man related film, is starting to take shape and we’ve learned even more details about the cast, particularly the characters played by Jared Harris and Matt Smith. is.gd/YX9NcY #Morbius #MCU #SpiderMan #Marvel",1
Morbius trailer,2 Mar 2022,@KillerMari0,KillerMARI0 🐎🪽,"¡MORBIUS TRAILER FINAL! Buitre, Loxias Villano, Spiderman UCM, Andrew Garfield, Martine Vampiro! bit.ly/3M90vEc #Marvel #Memes #Morbius",https://nitter.net/KillerMari0/status/1499088145425604615#m,"¡MORBIUS TRAILER FINAL! Buitre, Loxias Villano, Spiderman UCM, Andrew Garfield, Martine Vampiro! bit.ly/3M90vEc #Marvel #Memes #Morbius",0
Morbius trailer,2 Mar 2022,@Priyamkkk341,Priyamkkk34,Thor 4 trailer when and is there any Spidey in morbius or in its post credit scene ?,https://nitter.net/Priyamkkk341/status/1499086387970461696#m,Thor 4 trailer when and is there any Spidey in morbius or in its post credit scene ?,0
Morbius trailer,2 Mar 2022,@Priyamkkk341,Priyamkkk34,Thor 4 trailer when and is there any Spidey in morbius or in its post credit scene ?,https://nitter.net/Priyamkkk341/status/1499086162866348040#m,Thor 4 trailer when and is there any Spidey in morbius or in its post credit scene ?,0
Morbius trailer,2 Mar 2022,@LaComikeria,La Comikeria,¡Jared Leto está listo para convertirse en el nuevo anti-héroe de Marvel! No te pierdas el tráiler final de #Morbius. #BornToBeGeek bit.ly/3tvoDIS,https://nitter.net/LaComikeria/status/1499083086956539904#m,Jared Leto is ready to become Marvel's new anti-hero! Don't miss the final trailer for #Morbius. #BornToBeGeek bit.ly/3tvoDIS,0
Morbius trailer,2 Mar 2022,@BingeCorner,Binge Corner,WATCH: Morbius – Final Trailer via @BingeCorner #MORBIUS bingecorner.com/2022/02/28/w…,https://nitter.net/BingeCorner/status/1499081824575885318#m,WATCH: Morbius – Final Trailer via @BingeCorner #MORBIUS bingecorner.com/2022/02/28/w…,0
Morbius trailer,2 Mar 2022,@AKlay19,Adam Klay,"Oh right, that new MORBIUS trailer. Don’t have high hopes for this one.",https://nitter.net/AKlay19/status/1499079433499643908#m,"Oh right, that new MORBIUS trailer. Don’t have high hopes for this one.",1
Morbius trailer,2 Mar 2022,@DREZZEDNews,D/REZZED,Sony Pictures Drops Final ‘Morbius’ Trailer drezzed.clownfishtv.com/sony…,https://nitter.net/DREZZEDNews/status/1499078215012425728#m,Sony Pictures Drops Final ‘Morbius’ Trailer drezzed.clownfishtv.com/sony…,0
Morbius trailer,2 Mar 2022,@Rafa_DCNauta,Rafael Hater do Snyder,Na minha teve um trailer dr morbius 🤡,https://nitter.net/Rafa_DCNauta/status/1499076127016505350#m,There was a Dr Morbius trailer in mine 🤡,0
Morbius trailer,2 Mar 2022,@urbano_noticias,URBANO📍Noticia Puebla y Tlaxcala,#Entretenimiento 🎬🍿 ¡Por fin! Morbius ya tiene fecha de estreno y tráiler oficial con Jared Leto Urbano Noticias México urbanopuebla.com.mx/entreten…,https://nitter.net/urbano_noticias/status/1499074399533768708#m,#Entertainment 🎬🍿 Finally! Morbius already has a release date and official trailer with Jared Leto Urbano Noticias México urbanpuebla.com.mx/entreten…,0
Morbius trailer,2 Mar 2022,@KillerMari0,KillerMARI0 🐎🪽,"¡MORBIUS TRAILER FINAL! Buitre, Loxias Villano, Spiderman UCM, Andrew Garfield, Martine Vampiro! piped.video/kinduWxo6b8 a través de @YouTube #Marvel #Memes #Morbius",https://nitter.net/KillerMari0/status/1499073855654174722#m,"MORBIUS FINAL TRAILER! Vulture, Loxias Villano, Spiderman UCM, Andrew Garfield, Martine Vampiro! piped.video/kinduWxo6b8 via @YouTube #Marvel #Memes #Morbius",0
Morbius trailer,2 Mar 2022,@vicrb__,let em é tempo de retomada,Na minha sessão exibiram o trailer de morbius ☠️,https://nitter.net/vicrb__/status/1499070057481228300#m,At my session they showed the trailer for morbius ☠️,0
Morbius trailer,2 Mar 2022,@RenierJustWonIt,Renier Swanepoel,MORBIUS - Final Trailer (HD) piped.video/SQK-QxxtE8Y via @YouTube,https://nitter.net/RenierJustWonIt/status/1499068027341615113#m,MORBIUS - Final Trailer (HD) piped.video/SQK-QxxtE8Y via @YouTube,0
Morbius trailer,2 Mar 2022,@BrandonDavisBD,Brandon Davis,"This week's MCU news, live now! -Netflix shows on Disney+ -New #Morbius trailer -Patrick Stewart gives up -More #DoctorStrange 2 news -Secret Invasion, Ironheart casting -Deadpool 3 updates?! Live now: twitch.tv/comicbook",https://nitter.net/BrandonDavisBD/status/1499067840330190849#m,"This week's MCU news, live now! -Netflix shows on Disney+ -New #Morbius trailer -Patrick Stewart gives up -More #DoctorStrange 2 news -Secret Invasion, Ironheart casting -Deadpool 3 updates?! Live now: twitch.tv/comicbook",0
Morbius trailer,2 Mar 2022,@ComicBook,ComicBook.com,"MCU discussions on today's @PhaseZeroCB episode: -Netflix shows on Disney+ -New #Morbius trailer -Patrick Stewart gives up -More #DoctorStrange 2 news -Secret Invasion, Ironheart casting -Deadpool 3 updates?! Live now: twitch.tv/comicbook",https://nitter.net/ComicBook/status/1499067705856512003#m,"MCU discussions on today's @PhaseZeroCB episode: -Netflix shows on Disney+ -New #Morbius trailer -Patrick Stewart gives up -More #DoctorStrange 2 news -Secret Invasion, Ironheart casting -Deadpool 3 updates?! Live now: twitch.tv/comicbook",0
Morbius trailer,2 Mar 2022,@PhaseZeroCB,Phase Zero - MCU,"Big week of MCU updates! Discussing on today's show: -Netflix shows on Disney+ -New #Morbius trailer -Patrick Stewart gives up -More #DoctorStrange 2 news -Secret Invasion, Ironheart casting -Deadpool 3 updates?! Live: twitch.tv/comicbook",https://nitter.net/PhaseZeroCB/status/1499067546338836490#m,"Big week of MCU updates! Discussing on today's show: -Netflix shows on Disney+ -New #Morbius trailer -Patrick Stewart gives up -More #DoctorStrange 2 news -Secret Invasion, Ironheart casting -Deadpool 3 updates?! Live: twitch.tv/comicbook",0
Morbius trailer,3 Mar 2022,@ThamHusband,Ti Mongoose,The way my whole theater burst out laughing when the Morbius trailer came up,https://nitter.net/ThamHusband/status/1499528674986676228#m,The way my whole theater burst out laughing when the Morbius trailer came up,1
Morbius trailer,3 Mar 2022,@SimaSwini,Simo Alami,Liked on YouTube: MORBIUS - Final Trailer (HD) piped.video/watch?v=SQK-Qxxt…,https://nitter.net/SimaSwini/status/1499522556193345544#m,Liked on YouTube: MORBIUS - Final Trailer (HD) piped.video/watch?v=SQK-Qxxt…,0
Morbius trailer,3 Mar 2022,@spdrmn2099,aisha🔻(ia),if the morbius trailer does hint at tom hardy's venom being part of the andrew spideyverse im gonna collapse,https://nitter.net/spdrmn2099/status/1499519004582772738#m,if the morbius trailer does hint at tom hardy's venom being part of the andrew spideyverse im gonna collapse,1
Morbius trailer,3 Mar 2022,@tedtakes,Ted Takes,"NEW TRAILER‼️ “Biochemist Michael Morbius tries to cure himself of a rare blood disease, but he inadvertently infects himself with a form of vampirism instead.” Starring @JaredLeto, Matt Smith, Adria Arjona, and Tyrese Gibson. Trailer ➡️ tedtakes.com @MorbiusMovie",https://nitter.net/tedtakes/status/1499514661213028364#m,"NEW TRAILER‼️ “Biochemist Michael Morbius tries to cure himself of a rare blood disease, but he inadvertently infects himself with a form of vampirism instead.” Starring @JaredLeto, Matt Smith, Adria Arjona, and Tyrese Gibson. Trailer ➡️ tedtakes.com @MorbiusMovie",0
Morbius trailer,3 Mar 2022,@XanderpussRex,Xanderpuss *️⃣,"Just watched the newest Morbius trailer on YouTube, and the autocaptions transliterated his spoken name as ""More BS""",https://nitter.net/XanderpussRex/status/1499512788166844421#m,"Just watched the newest Morbius trailer on YouTube, and the autocaptions transliterated his spoken name as ""More BS""",0
Morbius trailer,3 Mar 2022,@SoulReyes,╭∩╮ (︶︿︶) ╭∩╮ Andres,Morbius: TRÁILER FINAL 😱¿Qué UNIVERSO es este? 😱 piped.video/1GW7kyUG43I a través de @YouTube,https://nitter.net/SoulReyes/status/1499512391083728897#m,Morbius: FINAL TRAILER 😱What UNIVERSE is this? 😱 piped.video/1GW7kyUG43I via @YouTube,0
Morbius trailer,3 Mar 2022,@Jekylisoo,A,Using a Voiceover talking about a “new marvel legend” for the morbius trailer it’s definitely gonna flop omg,https://nitter.net/Jekylisoo/status/1499501482114179082#m,Using a Voiceover talking about a “new marvel legend” for the morbius trailer it’s definitely gonna flop omg,1
Morbius trailer,3 Mar 2022,@UHDSpain,Ultra Alta Definición España,"El 1 de abril, @sonypictures_es estrenará en los cines españoles #Morbius, y en EE UU. ya se confirma la edición en formato físico 4K Ultra HD por parte de @SonyPicsHomeEnt, a España nos debe llegar en agosto de mano de @ArviLicensing Os dejo el tráiler ⤵️ piped.video/SYOePdCZfqM",https://nitter.net/UHDSpain/status/1499498042721984512#m,"On April 1, @sonypictures_es will premiere #Morbius in Spanish cinemas, and in the US the edition in 4K Ultra HD physical format is already confirmed by @SonyPicsHomeEnt, it should arrive in Spain in August from @ArviLicensing I leave you the trailer ⤵️ piped.video/SYOePdCZfqM",0
Morbius trailer,3 Mar 2022,@chi1mmy_,𝘒𝘦𝘭𝘭𝘺 🖤,"bora lá ver o vídeo do peter, o trailer final de morbius, porque meus olhos estão todos voltados para esse vilãozinho e meu amor @JaredLeto TO ANSIOSA",https://nitter.net/chi1mmy_/status/1499494948336504835#m,"Let's go watch Peter's video, the final trailer for Morbius, because my eyes are all on this little villain and my love @JaredLeto SO EXCITED",0
Morbius trailer,3 Mar 2022,@uariasflores,Ubaldo Arias Flores,‘Morbius’ presenta su tráiler final: el vampiro de Marvel interpretado por Jared Leto llega por fin al Spider-Verso espinof.com/trailers/morbius…,https://nitter.net/uariasflores/status/1499492514914607110#m,'Morbius' presents its final trailer: the Marvel vampire played by Jared Leto finally arrives in the Spider-Verse espinof.com/trailers/morbius…,0
Morbius trailer,3 Mar 2022,@ownerofloki,carol,saw the trailer for Morbius while waiting for the movie and ............yeah......that looks awful,https://nitter.net/ownerofloki/status/1499492194587131904#m,saw the trailer for Morbius while waiting for the movie and ............yeah......that looks awful,1
Morbius trailer,3 Mar 2022,@uariasflores,Ubaldo Arias Flores,Tráiler final de 'Morbius': Michael Keaton vuelve como el Adrian Toomes de 'Spider-Man' en el nuevo adelanto sensacine.com/noticias/cine/…,https://nitter.net/uariasflores/status/1499492161120870407#m,'Morbius' final trailer: Michael Keaton returns as Adrian Toomes from 'Spider-Man' in the new preview sensacine.com/noticias/cine/…,0
Morbius trailer,3 Mar 2022,@Virtualfitnessx,⚡️VirtualX⚡️,MORBIUS - Final Trailer (HD) piped.video/SQK-QxxtE8Y via @YouTube LFG!!!!!!!,https://nitter.net/Virtualfitnessx/status/1499491585121087503#m,MORBIUS - Final Trailer (HD) piped.video/SQK-QxxtE8Y via @YouTube LFG!!!!!!!,0
Morbius trailer,3 Mar 2022,@__roseii,yam yam,I luv watching the morbius trailer,https://nitter.net/__roseii/status/1499491457689870339#m,I luv watching the morbius trailer,1
Morbius trailer,3 Mar 2022,@Tardis9M,Mitch3,モービウスのtrailer何回見ても、「蝶ネクタイはいいぞおじさんっ！！」ってなる。どっかのtrailerでマットスミスがナレーションっていうかセリフバックで流れてるtrailer なんてもろドクター感あった好こ #モービウス #Morbius #ドクターフー #drwho #marvel,https://nitter.net/Tardis9M/status/1499489971463340032#m,"No matter how many times I watch the Morbius trailer, I always end up thinking, ""You look great in a bow tie, man!"" I like the trailer where Matt Smith is narrating or playing the dialogue in the background. It has a doctor feel to it. #Morbius #DoctorWho #drwho #marvel",0
Morbius trailer,3 Mar 2022,@xayy_kray,bojack humanman,"they been showing this morbius trailer in the the movies for too fucking long, put the shit out",https://nitter.net/xayy_kray/status/1499479426186231816#m,"they been showing this morbius trailer in the the movies for too fucking long, put the shit out",1
Morbius trailer,3 Mar 2022,@rickscurlyhair,"katy (new account, check pinned)",They’re showing the morbius trailer lol,https://nitter.net/rickscurlyhair/status/1499475824738816007#m,They’re showing the morbius trailer lol,1
Morbius trailer,3 Mar 2022,@caleidoscopioes,Caleidoscópio,"Morbius, filme do enigmático anti-herói da Marvel, divulga novo trailer dlvr.it/SL1vyZ",https://nitter.net/caleidoscopioes/status/1499473988325568512#m,"Morbius, the film about Marvel's enigmatic anti-hero, releases new trailer dlvr.it/SL1vyZ",0
Morbius trailer,3 Mar 2022,@DynamoCooligan,Jeff Strong,MORBIUS - Final Trailer (HD) piped.video/SQK-QxxtE8Y via @YouTube,https://nitter.net/DynamoCooligan/status/1499473321750155268#m,MORBIUS - Final Trailer (HD) piped.video/SQK-QxxtE8Y via @YouTube,0
Morbius trailer,3 Mar 2022,@eudivenv,Eudiven Villarreal⨺,Revelaron el Tráiler final de Morbius lanacion.com.mx/revelaron-el…,https://nitter.net/eudivenv/status/1499471482774331394#m,They revealed the final Trailer of Morbius lanacion.com.mx/revelaron-el…,0
Morbius trailer,5 Mar 2022,@Hulk_Chas,Chocolate Storm 💙,Somebody tell me what/who Morbius is. I finally watched the trailer and I’m super interested,https://nitter.net/Hulk_Chas/status/1500248284987863044#m,Somebody tell me what/who Morbius is. I finally watched the trailer and I’m super interested,0
Morbius trailer,5 Mar 2022,@soypelusaec,Cessia Murillo Cedeño,"Acabo de ver el trailer de #Morbius, ¡qué bello es Jared Leto! 🤩",https://nitter.net/soypelusaec/status/1500247083810443265#m,"I just saw the trailer for #Morbius, how beautiful Jared Leto is! 🤩",0
Morbius trailer,5 Mar 2022,@KyleKrajewski,Kyle Krajewski,Went to see #TheBatman and I don’t think the kid next to me was amped for anything more than he was for the Morbius trailer ¯\_(ツ)_/¯,https://nitter.net/KyleKrajewski/status/1500244717182898180#m,Went to see #TheBatman and I don’t think the kid next to me was amped for anything more than he was for the Morbius trailer ¯\_(ツ)_/¯,1
Morbius trailer,5 Mar 2022,@GamingToday4,Gaming Today,Morbius: nuovo trailer del cinecomic Sony gamingtoday.it/recensioni/ci…,https://nitter.net/GamingToday4/status/1500244309752389639#m,Morbius: new trailer for the Sony cinecomic gamingtoday.it/recensioni/ci…,0
Morbius trailer,5 Mar 2022,@vailenespanol,Vail en Espanol,lnkd.in/ezxwKH_M lnkd.in/ezu4_stz,https://nitter.net/vailenespanol/status/1500238999604113411#m,lnkd.in/ezxwKH_M lnkd.in/ezu4_stz,0
Morbius trailer,5 Mar 2022,@vailenespanol,Vail en Espanol,Morbius revela su trailer final - Vail En Espanol Magazine vailenespanol.com/tv/cine/mo…,https://nitter.net/vailenespanol/status/1500238984672276484#m,Morbius reveals its final trailer - Vail En Espanol Magazine vailenespanol.com/tv/cine/mo…,0
Morbius trailer,5 Mar 2022,@CharkSamudio,Charles Samudio,Morbius - Final Trailer dlvr.it/SL8TgL,https://nitter.net/CharkSamudio/status/1500236479955488769#m,Morbius - Final Trailer dlvr.it/SL8TgL,0
Morbius trailer,5 Mar 2022,@selimnosam,Miles Mason,Worst thing about seeing The Batman? My theater showed a trailer for Morbius back to back before the movie started. #TheBatman,https://nitter.net/selimnosam/status/1500226453585244169#m,Worst thing about seeing The Batman? My theater showed a trailer for Morbius back to back before the movie started. #TheBatman,1
Morbius trailer,5 Mar 2022,@itsallmarvel410,It's All Marvel,Catch up on the latest #Marvel news that broke this week - #Defenders shows are coming to #Disney+ and final #Morbius trailer itsallmarvel.com/catch-up-on…,https://nitter.net/itsallmarvel410/status/1500224076148879364#m,Catch up on the latest #Marvel news that broke this week - #Defenders shows are coming to #Disney+ and final #Morbius trailer itsallmarvel.com/catch-up-on…,0
Morbius trailer,5 Mar 2022,@WholeLottaRafee,rafee,I couldn’t care less about Morbius but then they showed Tyrese in the trailer before The Batman and now I’m thinking I have to be there day one,https://nitter.net/WholeLottaRafee/status/1500223228421226498#m,I couldn’t care less about Morbius but then they showed Tyrese in the trailer before The Batman and now I’m thinking I have to be there day one,1
Morbius trailer,5 Mar 2022,@MovieSignature,Movie Signature,"Biochemist Michael Morbius tries to cure himself of a uncommon blood cancer, but he unwittingly infects himself with a organize of vampirism instead.Read more: rspec.io/r/1291pbZp2055794",https://nitter.net/MovieSignature/status/1500214857756393473#m,"Biochemist Michael Morbius tries to cure himself of a uncommon blood cancer, but he unwittingly infects himself with a organize of vampirism instead.Read more: rspec.io/r/1291pbZp2055794",0
Morbius trailer,5 Mar 2022,@OnScreenMX,OnScreen,#LoMásLeído | El tráiler final de #Morbius muestra la película #Marvel de #Sony screentearing.mx/el-trailer-…,https://nitter.net/OnScreenMX/status/1500214570585051138#m,#MostRead | The final trailer for #Morbius shows the #Marvel movie from #Sony screentearing.mx/el-trailer-…,0
Morbius trailer,5 Mar 2022,@Luan_rss,Four Wheeler,Perdi a vontade de ver morbius por causa dos adiamentos infinitos e de cada trailer ter um homem aranha diferente,https://nitter.net/Luan_rss/status/1500214233786638340#m,I lost the desire to see Morbius because of the infinite postponements and each trailer having a different Spider-Man,0
Morbius trailer,5 Mar 2022,@jermaine611,jermaine jones,"In the morbius trailer, it says marvels morbius. Do you feel that Sony is trying to trick people in to thinking it’s a marvel mcu movie",https://nitter.net/jermaine611/status/1500213886225633285#m,"In the morbius trailer, it says marvels morbius. Do you feel that Sony is trying to trick people in to thinking it’s a marvel mcu movie",0
Morbius trailer,5 Mar 2022,@jermaine611,jermaine jones,@rob_keyes do you think Sony is false advertising when it says come and see marvels morbius in the trailer?,https://nitter.net/jermaine611/status/1500213196757651462#m,@rob_keyes do you think Sony is false advertising when it says come and see marvels morbius in the trailer?,0
Morbius trailer,5 Mar 2022,@KishinJay,💫,Meant to say as well they played the Morbius trailer before the film and that shit looks ass,https://nitter.net/KishinJay/status/1500210781694136324#m,Meant to say as well they played the Morbius trailer before the film and that shit looks ass,1
Morbius trailer,5 Mar 2022,@106KMEL,106 KMEL,So ready for the #Morbius movie! ihe.art/OQmkyhx,https://nitter.net/106KMEL/status/1500202508832100359#m,So ready for the #Morbius movie! ihe.art/OQmkyhx,1
Morbius trailer,5 Mar 2022,@MarshbubbleUK,Marsh,Just got the #MultiverseOfMadness trailer then the #Morbius trailer then the #JurassicWorldDominion trailer all in a row whilst waiting for #TheBatman to start how much more peak can you get?,https://nitter.net/MarshbubbleUK/status/1500197731897380871#m,Just got the #MultiverseOfMadness trailer then the #Morbius trailer then the #JurassicWorldDominion trailer all in a row whilst waiting for #TheBatman to start how much more peak can you get?,0
Morbius trailer,5 Mar 2022,@soysa007,Ⓜ️auricio JaⓂ️es ,I'm nowhere near being a @MarvelStudios fan but the #Morbius trailer they showed looks Darker than the whole #TheBatmanMovie .,https://nitter.net/soysa007/status/1500182114892849157#m,I'm nowhere near being a @MarvelStudios fan but the #Morbius trailer they showed looks Darker than the whole #TheBatmanMovie .,1
Morbius trailer,5 Mar 2022,@SKMcOba,Makhoba 🏗🦺,"Okes, have you seen the trailer for MORBIUS?😳🔥",https://nitter.net/SKMcOba/status/1500181657957064711#m,"Okes, have you seen the trailer for MORBIUS?😳🔥",0
Morbius trailer,5 Mar 2022,@sumer16_,✨sumer ✨,If I see the same Morbius trailer I’m going shoot myself!🙃 They show that whole movie in that 3 minutes trailer.,https://nitter.net/sumer16_/status/1500172842700267523#m,If I see the same Morbius trailer I’m going shoot myself!🙃 They show that whole movie in that 3 minutes trailer.,1
Morbius trailer,5 Mar 2022,@M_O16_,M,The trailer for Morbius came on before Batman yesterday and that film looks so shit icl,https://nitter.net/M_O16_/status/1500163504883572741#m,The trailer for Morbius came on before Batman yesterday and that film looks so shit icl,1
Morbius trailer,5 Mar 2022,@fernando_h_15,Fernando Henríquez,La peor parte de #TheBatman fue el trailer de #Morbius y #DoctorStrange,https://nitter.net/fernando_h_15/status/1500161719993208838#m,The worst part of #TheBatman was the #Morbius and #DoctorStrange trailer,0
Morbius trailer,5 Mar 2022,@ThestarBulletin,The Star Bulletin,thestarbulletin.com/morbius-…,https://nitter.net/ThestarBulletin/status/1500161061898846208#m,thestarbulletin.com/morbius-…,0
Morbius trailer,5 Mar 2022,@IgorAirosa,（╹◡╹）,That Morbius trailer looks interesting,https://nitter.net/IgorAirosa/status/1500158940457361410#m,That Morbius trailer looks interesting,1
Morbius trailer,5 Mar 2022,@Peter91634673,Peter Chackie Sleboda,Sledujte „Morbius | Finální trailer | Reakce | Pořád spíš bojím...“ v službe YouTube piped.video/1-HAPGclvzs,https://nitter.net/Peter91634673/status/1500157465211645957#m,"Watch ""Morbius | Final Trailer | Reactions | I'm Still More Scared..."" on YouTube piped.video/1-HAPGclvzs",0
Morbius trailer,5 Mar 2022,@tomiemustdie,tomie salvatore,ta passando o trailer de morbius,https://nitter.net/tomiemustdie/status/1500156510961385477#m,ta passing or trailer de morbius,0
Morbius trailer,5 Mar 2022,@omniplexcinema,Omniplex Cinemas,Morbius | Trailer | Omniplex Cinemas Watch the final trailer for #Morbius now. Coming to Omniplex Cinemas Fri 1 April.,https://nitter.net/omniplexcinema/status/1500154178160803841#m,Morbius | Trailer | Omniplex Cinemas Watch the final trailer for #Morbius now. Coming to Omniplex Cinemas Fri 1 April.,0
Morbius trailer,5 Mar 2022,@MovieBurners,Movie Burner Entertainment,Should be a Hoot! We saw the Morbius trailer today!,https://nitter.net/MovieBurners/status/1500148884764569605#m,Should be a Hoot! We saw the Morbius trailer today!,1
Morbius trailer,5 Mar 2022,@poolwarden,Pool Warden,MORBIUS - Final Trailer (HD) piped.video/SQK-QxxtE8Y via @YouTube,https://nitter.net/poolwarden/status/1500144242156765187#m,MORBIUS - Final Trailer (HD) piped.video/SQK-QxxtE8Y via @YouTube,0
Morbius trailer,5 Mar 2022,@tyradise_,SteelMagnolia,Sorry but……I’m over this Morbius trailer,https://nitter.net/tyradise_/status/1500140806937657346#m,Sorry but……I’m over this Morbius trailer,0
Morbius trailer,5 Mar 2022,@nickolicious001,Nickolicious,Vulture was in the trailer? I have a theory that Morbius kinda swaps universes a lot in this movie,https://nitter.net/nickolicious001/status/1500138469670236170#m,Vulture was in the trailer? I have a theory that Morbius kinda swaps universes a lot in this movie,1
Morbius trailer,5 Mar 2022,@Maiconribeiro_S,Maiquin,"Eu tô seco p assistir Morbius, vi o trailer esses dias e tirou da cabeça aquela atuação bisonha do Jared Leto como Coringa",https://nitter.net/Maiconribeiro_S/status/1500137382401691657#m,"I'm desperate to watch Morbius, I saw the trailer the other day and it took my mind off of Jared Leto's badass performance as the Joker",0
Morbius trailer,5 Mar 2022,@TomatazosCom,@TomatazosCom,"#Morbius, con #JaredLeto, presenta nuevo tráiler oficial y es completamente espectacular. Mira el avance aquí:😍➡️ bit.ly/3hmWWMD",https://nitter.net/TomatazosCom/status/1500131520975147009#m,"#Morbius, with #JaredLeto, presents a new official trailer and it is completely spectacular. Watch the trailer here:😍➡️ bit.ly/3hmWWMD",0
Morbius trailer,5 Mar 2022,@SkylerGiordano,SKY FIERI | Listen to Omega Star 7,*On Instagram* Video with Seinfeld Theme *scroll* Morbius Trailer Me: Yeah…,https://nitter.net/SkylerGiordano/status/1500130982485237764#m,*On Instagram* Video with Seinfeld Theme *scroll* Morbius Trailer Me: Yeah…,0
Morbius trailer,5 Mar 2022,@ElNomqui,ElNomqui,Trailer final de #Morbius.,https://nitter.net/ElNomqui/status/1500128450904002560#m,#Morbius final trailer.,0
Morbius trailer,5 Mar 2022,@TheGeekGossipP1,TheGeekGossipPodcast,"Get ready for our next episode, where Jack and Artie will break down their thoughts on the final #Morbius trailer!! Follow us for updates. #Marvel #SpiderMan",https://nitter.net/TheGeekGossipP1/status/1500123830278361089#m,"Get ready for our next episode, where Jack and Artie will break down their thoughts on the final #Morbius trailer!! Follow us for updates. #Marvel #SpiderMan",0
Morbius trailer,5 Mar 2022,@wihelde,WIHEL,Finaler Trailer: Morbius wihel.de/finaler-trailer-mor…,https://nitter.net/wihelde/status/1500123222595051524#m,Finaler Trailer: Morbius wihel.de/finaler-trailer-mor…,0
Morbius trailer,6 Mar 2022,@TheGeekGossipP1,TheGeekGossipPodcast,"Check out the latest Geek Gossip episode, featuring Jack's review of #TheBatman and Artie's breakdown of the #Morbius trailer! LINK - bit.ly/Batman-Morbius-TGG #Marvel #batmanmovie #Batman",https://nitter.net/TheGeekGossipP1/status/1500619847763480578#m,"Check out the latest Geek Gossip episode, featuring Jack's review of #TheBatman and Artie's breakdown of the #Morbius trailer! LINK - bit.ly/Batman-Morbius-TGG #Marvel #batmanmovie #Batman",0
Morbius trailer,6 Mar 2022,@euviooasis,EU VI O OASIS,Sozinha na sala de cinema pra ver Batman E JA SURTEI COM O TRAILER DE MORBIUS,https://nitter.net/euviooasis/status/1500618081323954179#m,Alone in the movie theater to watch Batman AND I ALREADY FREAKED OUT WITH THE MORBIUS TRAILER,1
Morbius trailer,6 Mar 2022,@Kizbrown99,Kieron Brown,"Before the Batman movie came on yesterday there was a trailer for morbius that ended with a voice saying “a new marvel legend” or something to that effect and the whole cinema laughed, I’m not joking.",https://nitter.net/Kizbrown99/status/1500608832346771456#m,"Before the Batman movie came on yesterday there was a trailer for morbius that ended with a voice saying “a new marvel legend” or something to that effect and the whole cinema laughed, I’m not joking.",1
Morbius trailer,6 Mar 2022,@QuevedoOrlando,Orlando Quevedo 🗯️,"Entre otras cosas, en la previa de la película, pasaron el Trailer de Morbius. Parece que llegó la hora de ver a Jared Leto dejando atrás su versión de Joker. Gracias al seyor.",https://nitter.net/QuevedoOrlando/status/1500606632388173825#m,"Among other things, in the preview of the film, they showed the Morbius Trailer. It seems that the time has come to see Jared Leto leaving his version of the Joker behind. Thank you sir.",0
Morbius trailer,6 Mar 2022,@TheM4vie,♠️,That ending to the Morbius trailer will never not be funny,https://nitter.net/TheM4vie/status/1500603865858772992#m,That ending to the Morbius trailer will never not be funny,0
Morbius trailer,6 Mar 2022,@MatsuriDurango,Matsuri Durango,Tráiler final de Morbius. Se estrenará en los cines el 31 de marzo. piped.video/watch?v=SRmkwTBv…,https://nitter.net/MatsuriDurango/status/1500596334570532864#m,Morbius final trailer. It will be released in theaters on March 31. piped.video/watch?v=SRmkwTBv…,0
Morbius trailer,6 Mar 2022,@KyloStrange,pau ☾,ME PUSIERON EL TRAILER DE ANIMALES FANTÁSTICOS VOY A LLORAR Y AHORA ESTA EL DE MORBIUS,https://nitter.net/KyloStrange/status/1500587583205691392#m,ME PUSIERON EL TRAILER DE ANIMALES FANTÁSTICOS VOY A LLORAR Y AHORA ESTA EL DE MORBIUS,0
Morbius trailer,6 Mar 2022,@loftipixels,Lofti Pixels,I've seen the Morbius trailer like 5 times now and it just doesn't look interesting. The PG-13 rating doesn't help.,https://nitter.net/loftipixels/status/1500570090739318784#m,I've seen the Morbius trailer like 5 times now and it just doesn't look interesting. The PG-13 rating doesn't help.,0
Morbius trailer,6 Mar 2022,@highonaquaria,matheus,O TRAILER DE MORBIUS JARED GOSTOSOOOOO,https://nitter.net/highonaquaria/status/1500570010867187713#m,THE MORBIUS JARED TRAILER IS YUMMY,0
Morbius trailer,6 Mar 2022,@flywas,ryo flywas,Il nuovo trailer del film @sonypicturesit dedicato a #morbius é in arrivo instagram.com/p/CaxpjS5sazT/…,https://nitter.net/flywas/status/1500568814890536960#m,The new trailer for the @sonypicturesit film dedicated to #morbius is coming soon instagram.com/p/CaxpjS5sazT/…,1
Morbius trailer,6 Mar 2022,@u1ltraviolence,Melody | ultimate spiderham fan |,about to watch batman and morbius trailer is on,https://nitter.net/u1ltraviolence/status/1500548451108409344#m,about to watch batman and morbius trailer is on,1
Morbius trailer,6 Mar 2022,@Vanyaland617,Vanyaland,"Seriously, guys, here’s the final #Morbius trailer vanyaland.com/2022/02/28/ser…",https://nitter.net/Vanyaland617/status/1500537948609007617#m,"Seriously, guys, here’s the final #Morbius trailer vanyaland.com/2022/02/28/ser…",0
Morbius trailer,6 Mar 2022,@javiercyb,j. javier arnau,POR SI ACASO: PREVINIENDO DESASTRES: MORBIUS (trailer final en español) jjarnau1.blogspot.com/2022/0…,https://nitter.net/javiercyb/status/1500536116646187012#m,JUST IN CASE: PREVENTING DISASTERS: MORBIUS (final trailer in Spanish) jjarnau1.blogspot.com/2022/0…,0
Morbius trailer,6 Mar 2022,@lajacovi,Luis Alberto Jiménez,"Tráiler final de “Morbius”, con Jared Leto. Estreno en abril por Sony Pictures Entertainment Iberia cineparadisfrutar.com/2022/0…",https://nitter.net/lajacovi/status/1500529405684236291#m,"Final trailer for “Morbius”, with Jared Leto. Premiering in April by Sony Pictures Entertainment Iberia cineparadisfrutar.com/2022/0…",0
Morbius trailer,6 Mar 2022,@jpalvs_20,Manduquinha Shippuden,Fui ver o trailer de Morbius agora e percebi que esse filme vai ser o crepúsculo da Marvel,https://nitter.net/jpalvs_20/status/1500513697516724233#m,I went to see the Morbius trailer just now and realized that this film will be Marvel's twilight,0
Morbius trailer,6 Mar 2022,@mat_clinton,matthew.c,"My theatre didn’t show trailers. They showed ads and a single trailer, being Morbius. I’m still upset. Good to hear your theatre did actually show more than one trailer 😂",https://nitter.net/mat_clinton/status/1500512384011706373#m,"My theatre didn’t show trailers. They showed ads and a single trailer, being Morbius. I’m still upset. Good to hear your theatre did actually show more than one trailer 😂",0
Morbius trailer,6 Mar 2022,@komradekhris,"Chris'thulu, the Accursed Harbinger 🐙🐲",If I see this fuckin Morbius trailer one more time imma have to intervene,https://nitter.net/komradekhris/status/1500506452091449371#m,If I see this fuckin Morbius trailer one more time imma have to intervene,0
Morbius trailer,6 Mar 2022,@ppqgp,ピエトロ,Morbius | Final Trailer | Experience It In IMAX® piped.video/F5aOk1Pxmgo @YouTubeより,https://nitter.net/ppqgp/status/1500466439844614146#m,Morbius | Final Trailer | Experience It In IMAX® piped.video/F5aOk1Pxmgo @YouTubeより,0
Morbius trailer,6 Mar 2022,@epicheroes,Epic Heroes,buff.ly/35T1w2s - #MORBIUSMovie Final Trailer #HD 2022 w/ #JaredLeto 👿,https://nitter.net/epicheroes/status/1500463781499097089#m,buff.ly/35T1w2s - #MORBIUSMovie Final Trailer #HD 2022 w/ #JaredLeto 👿,0
Morbius trailer,6 Mar 2022,@CutsceneConvos,Cutscene Convos,New Youtube Video now Live! NEW Morbius Trailer || CC Highlights piped.video/8mp7whjTV7w,https://nitter.net/CutsceneConvos/status/1500463356565721104#m,New Youtube Video now Live! NEW Morbius Trailer || CC Highlights piped.video/8mp7whjTV7w,0
Morbius trailer,6 Mar 2022,@Tec_Mundo,TecMundo,"[MAIS LIDAS DA SEMANA] O vídeo promocional conta com cenas inéditas de Dr. Michael Morbius, interpretado por Jared Leto, se transformando no vampiro nzn.me/a234581",https://nitter.net/Tec_Mundo/status/1500456228828422145#m,"[MOST READ OF THE WEEK] The promotional video features never-before-seen scenes of Dr. Michael Morbius, played by Jared Leto, transforming into the vampire nzn.me/a234581",0
Morbius trailer,6 Mar 2022,@noufseratu,𝖓𝖔𝖚𝖋 🖤🕷️,they marvelized people are strange by the doors for morbius trailer 🤨,https://nitter.net/noufseratu/status/1500450990952177668#m,they marvelized people are strange by the doors for morbius trailer 🤨,0
Morbius trailer,6 Mar 2022,@patriciaalonso,Patricia 🌷,Deseando que estrenen #Morbius y dejar de ver el mismo trailer durante dos años cada vez que voy al cine.,https://nitter.net/patriciaalonso/status/1500429059737669634#m,I can't wait for #Morbius to be released and stop watching the same trailer for two years every time I go to the cinema.,0
Morbius trailer,6 Mar 2022,@advitreides,Advit (moved to @advitwake),Yes but the Morbius trailer came on the superior bat thing,https://nitter.net/advitreides/status/1500411496555167750#m,Yes but the Morbius trailer came on the superior bat thing,1
Morbius trailer,6 Mar 2022,@Batman19784,Official The Batman 15a/12a Petition Account,"I agree with 15a with so many superhero movies bound to push the pg 13 limits such as morbius, dr strange and black adam maybe flash the first look trailer was a little bit violent it could be 15 here.",https://nitter.net/Batman19784/status/1500408278064541697#m,"I agree with 15a with so many superhero movies bound to push the pg 13 limits such as morbius, dr strange and black adam maybe flash the first look trailer was a little bit violent it could be 15 here.",1
Morbius trailer,6 Mar 2022,@medicinehelp,Charles Myrick -CEO,MORBIUS – Final Trailer (HD) charlesmyrick.xyz/morbius-fi…,https://nitter.net/medicinehelp/status/1500389697192964101#m,MORBIUS – Final Trailer (HD) charlesmyrick.xyz/morbius-fi…,0
Morbius trailer,6 Mar 2022,@TheChrisLambert,Chris Lambert,I’m glad I only watched the first Batman trailer. 2 and 3 give way too much away. Whoever makes trailers should stop showing so much of the movies. I don’t even need to see Morbius,https://nitter.net/TheChrisLambert/status/1500378758238605312#m,I’m glad I only watched the first Batman trailer. 2 and 3 give way too much away. Whoever makes trailers should stop showing so much of the movies. I don’t even need to see Morbius,1
Morbius trailer,6 Mar 2022,@jakeformers,Jacob 🔴🎬,"I can’t wait for Morbius to be out, because it means we won’t have to see trailers for Morbius anymore. To put it in perspective, the first trailer for Morbius was in front of Sonic The Hedgehog. Sonic 2 comes out 1 week after Morbius finally releases.",https://nitter.net/jakeformers/status/1500377178202161152#m,"I can’t wait for Morbius to be out, because it means we won’t have to see trailers for Morbius anymore. To put it in perspective, the first trailer for Morbius was in front of Sonic The Hedgehog. Sonic 2 comes out 1 week after Morbius finally releases.",1
Morbius trailer,6 Mar 2022,@ry_ceratops,Ry,At this point I just want the Morbius movie to release because I’m sick of seeing that trailer everywhere.,https://nitter.net/ry_ceratops/status/1500370146409340930#m,At this point I just want the Morbius movie to release because I’m sick of seeing that trailer everywhere.,1
Morbius trailer,6 Mar 2022,@Inka_Dageryager,H.R.H Yamil Palacios Absi 🤴,"Morbius - Official Teaser Trailer First Look (2020) Jared Leto, Matt Smith piped.video/9eQBl3_6FKA via @YouTube",https://nitter.net/Inka_Dageryager/status/1500355787700555780#m,"Morbius - Official Teaser Trailer First Look (2020) Jared Leto, Matt Smith piped.video/9eQBl3_6FKA via @YouTube",0
Morbius trailer,6 Mar 2022,@rozaycanseco,Ric,"When I see the Morbius trailer, I whisper aloud “There’s something inside of me,” a la @BrentWeinbach ‘s mindjack, and I recommend everyone else do the same.",https://nitter.net/rozaycanseco/status/1500354417521926145#m,"When I see the Morbius trailer, I whisper aloud “There’s something inside of me,” a la @BrentWeinbach ‘s mindjack, and I recommend everyone else do the same.",1
Morbius trailer,6 Mar 2022,@groys_tateshi,𝑔𝓇𝑜𝓎𝓈 𝓉𝒶𝓉𝑒𝓈𝒽𝒾,Swear I’ve been seeing the trailer for Morbius for more than a year now how has it not been released,https://nitter.net/groys_tateshi/status/1500338729310986247#m,Swear I’ve been seeing the trailer for Morbius for more than a year now how has it not been released,1
Morbius trailer,6 Mar 2022,@filmskyrie,chloe,morbius trailer,https://nitter.net/filmskyrie/status/1500337913682284545#m,morbius trailer,1
Morbius trailer,6 Mar 2022,@ryanbakerman,bakerman,tbh i got no clue what morbius does that trailer had him lookin fucked up i think batman could just vibe in his crib and that’s an auto W,https://nitter.net/ryanbakerman/status/1500326721135992832#m,tbh i got no clue what morbius does that trailer had him lookin fucked up i think batman could just vibe in his crib and that’s an auto W,0
Morbius trailer,6 Mar 2022,@annimal26,Annie Logan,"After watching that full ass trailer, Joanie thought that Morbius was about a man who turned himself into an evil monkey. Not a bat. She missed that detail some how.",https://nitter.net/annimal26/status/1500316652134707200#m,"After watching that full ass trailer, Joanie thought that Morbius was about a man who turned himself into an evil monkey. Not a bat. She missed that detail some how.",1
Morbius trailer,6 Mar 2022,@marvelmex,Marvel Cómics México,¿Te perdiste el tráiler final de #Morbius? ¡Velo aquí las veces que quieras! 😉👇🏻 smashmexico.com.mx/marvel/mo…,https://nitter.net/marvelmex/status/1500311456067342336#m,Did you miss the final #Morbius trailer? Watch it here as many times as you want! 😉👇🏻 smashmexico.com.mx/marvel/mo…,0
Morbius trailer,6 Mar 2022,@juanitagroisman,Juanita,OTRA VEZ EL TRAILER DE MORBIUS EN EL CINE YA COMETE EL MALDITO FRACASO,https://nitter.net/juanitagroisman/status/1500309861216751619#m,OTRA VEZ EL TRAILER DE MORBIUS EN EL CINE YA COMETE EL MALDITO FRACASO,0
Morbius trailer,6 Mar 2022,@TheHypefilo,THE HYPE,"Sara Varela, de #SonyPictures, nos cuenta como llegar a las premieres, en el episodio 3 de #ElRinconHype. Hablamos de #Morbius, #SpidermanNoWayHome y reaccionamos al trailer de #BulletTrain. piped.video/watch?v=ByYi0AJ-…",https://nitter.net/TheHypefilo/status/1500309765431468036#m,"Sara Varela, from #SonyPictures, tells us how to get to the premieres, in episode 3 of #ElRinconHype. We talk about #Morbius, #SpidermanNoWayHome and react to the #BulletTrain trailer. piped.video/watch?v=ByYi0AJ-…",0
Morbius trailer,8 Mar 2022,@Dynamic_Duel,Dynamic Duel Podcast,"New Episode! ""The Batman Review"" Join our patreon: patreon.com/dynamicduel **SPOILER REVIEW** • 0:00:00 - Introduction • 0:02:17 - No-Prize Time • 0:05:02 - Morbius Final Trailer… Player links & show notes: dynamicduel.com/the-batman-r…",https://nitter.net/Dynamic_Duel/status/1501316591820099589#m,"New Episode! ""The Batman Review"" Join our patreon: patreon.com/dynamicduel **SPOILER REVIEW** • 0:00:00 - Introduction • 0:02:17 - No-Prize Time • 0:05:02 - Morbius Final Trailer… Player links & show notes: dynamicduel.com/the-batman-r…",0
Morbius trailer,8 Mar 2022,@skDanT,Dan Thomas,"Can’t wait for #Morbius to come out in cinemas so I don’t have to watch that fucking trailer again for the 97th time before another, inevitably much better film",https://nitter.net/skDanT/status/1501313015454470144#m,"Can’t wait for #Morbius to come out in cinemas so I don’t have to watch that fucking trailer again for the 97th time before another, inevitably much better film",1
Morbius trailer,8 Mar 2022,@guicepeda,Guilherme Cepeda,“Morbius” estreia em 31 de março nos cinemas brasileiros. burnbook.com.br/cinema/jared…,https://nitter.net/guicepeda/status/1501312330549772289#m,“Morbius” opens on March 31 in Brazilian cinemas. burnbook.com.br/cinema/jared…,0
Morbius trailer,8 Mar 2022,@Azazel_Wyrmwud,A Z A Z E L,Am I the only one excited about there being a new Blade movie!! As soon as the Morbius trailer was released I’ve been waiting!,https://nitter.net/Azazel_Wyrmwud/status/1501311732295233538#m,Am I the only one excited about there being a new Blade movie!! As soon as the Morbius trailer was released I’ve been waiting!,1
Morbius trailer,8 Mar 2022,@faithinlou28,mickey,the morbius trailer is so good idk theres just something about it that hits different like that is a good fucking trailer,https://nitter.net/faithinlou28/status/1501311140910931970#m,the morbius trailer is so good idk theres just something about it that hits different like that is a good fucking trailer,1
Morbius trailer,8 Mar 2022,@Ariascz,gustavoooo,No había visto el último trailer de Morbius nopuedeser,https://nitter.net/Ariascz/status/1501303447970140163#m,I had not seen the latest trailer for Morbius you can't be,0
Morbius trailer,8 Mar 2022,@LaNoticiaViral,La Noticia Viral,El vampiro de Marvel protagonizado por Jared Leto está a punto de llegar a la pantalla grande. excelsior.com.mx/funcion/lan…,https://nitter.net/LaNoticiaViral/status/1501302184549527552#m,Marvel's vampire starring Jared Leto is about to hit the big screen. excelsior.com.mx/funcion/lan…,0
Morbius trailer,8 Mar 2022,@mikeycubed,Mike,Me going to the cinema for the first time in ages tomorrow and seeing the Morbius trailer for the first time.,https://nitter.net/mikeycubed/status/1501284695358722053#m,Me going to the cinema for the first time in ages tomorrow and seeing the Morbius trailer for the first time.,1
Morbius trailer,8 Mar 2022,@DigitalSuicide5,Digital Suicide,Me when I see the Morbius trailer for the 8 thousandth time.,https://nitter.net/DigitalSuicide5/status/1501283969446330372#m,Me when I see the Morbius trailer for the 8 thousandth time.,0
Morbius trailer,8 Mar 2022,@MikeCzoot,Michael Caulfield 🐜,"The #MORBIUS trailer didn't grab me until the very end when #JaredLeto says ""I'm Doctor Michael Morbius at your service."" He says it so authentically. Is Jared Leto a real doctor?",https://nitter.net/MikeCzoot/status/1501268810610798594#m,"The #MORBIUS trailer didn't grab me until the very end when #JaredLeto says ""I'm Doctor Michael Morbius at your service."" He says it so authentically. Is Jared Leto a real doctor?",1
Morbius trailer,8 Mar 2022,@TheAbyssOfWhoa,Moth,"Another movie seen in the theater, another Morbius trailer. I think that’s been happening since shang-chi. Black Widow? I am beginning to doubt the movie is real. They will keep pushing it back and playing the trailer before every movie for years. As a test. An experiment.",https://nitter.net/TheAbyssOfWhoa/status/1501267392055418884#m,"Another movie seen in the theater, another Morbius trailer. I think that’s been happening since shang-chi. Black Widow? I am beginning to doubt the movie is real. They will keep pushing it back and playing the trailer before every movie for years. As a test. An experiment.",1
Morbius trailer,8 Mar 2022,@culturaocio,CulturaOcio,"#Morbius, atrapado entre la cura y la maldición en el nuevo tráiler de la película de #JaredLeto culturaocio.com/cine/noticia…",https://nitter.net/culturaocio/status/1501257752496197638#m,"#Morbius, caught between the cure and the curse in the new trailer for the #JaredLeto film culturaocio.com/cine/noticia…",0
Morbius trailer,8 Mar 2022,@Filmy_Hype,Filmy Hype,#Morbius: New Official Photos And A New Trailer Out and Some Behind The Scene Photos piped.video/watch?v=SQK-Qxxt… filmyhype.com/morbius-new-of…,https://nitter.net/Filmy_Hype/status/1501244605857026049#m,#Morbius: New Official Photos And A New Trailer Out and Some Behind The Scene Photos piped.video/watch?v=SQK-Qxxt… filmyhype.com/morbius-new-of…,0
Morbius trailer,8 Mar 2022,@ATGBrokers,Alexander,Morbius Trailer Reveals Jared Leto Caught Between a Cure and a Curseon 8. March 2022 at 16:10 - jameslion.com/morbius-traile…,https://nitter.net/ATGBrokers/status/1501229155194744838#m,Morbius Trailer Reveals Jared Leto Caught Between a Cure and a Curseon 8. March 2022 at 16:10 - jameslion.com/morbius-traile…,0
Morbius trailer,8 Mar 2022,@AdivinaCuantos,Adivina Cuántos,Nuevo tráiler de Morbius: Cura o maldición > @Cinemascomics ift.tt/coGMSCq #news,https://nitter.net/AdivinaCuantos/status/1501211652800274441#m,New trailer for Morbius: Cure or Curse > @Cinemascomics ift.tt/coGMSCq #news,0
Morbius trailer,8 Mar 2022,@cineblogit,cineblog,Morbius: 6 nuovi spot tv in italiano tutte le anticipazioni sul film con Jared Leto ift.tt/o5Eniza,https://nitter.net/cineblogit/status/1501202052617281548#m,Morbius: 6 new TV spots in Italian all the previews on the film with Jared Leto ift.tt/o5Eniza,0
Morbius trailer,8 Mar 2022,@Ash71Pietro,Pietro Ferraro,Morbius: 6 nuovi spot tv in italiano tutte le anticipazioni sul film con Jared Leto cineblog.it/post/morbius-fil…,https://nitter.net/Ash71Pietro/status/1501187484872544260#m,Morbius: 6 new TV spots in Italian all the previews on the film with Jared Leto cineblog.it/post/morbius-fil…,0
Morbius trailer,8 Mar 2022,@Cinemascomics,Cinemascomics,Nuevo tráiler con contenido inédito de la espectacular película #Morbiuselvampiroviviente de #Marvel protagonizada por #JaredLeto cinemascomics.com/nuevo-trai…,https://nitter.net/Cinemascomics/status/1501181973062160389#m,New trailer with unreleased content of the spectacular #Marvel movie #Morbiuselvampiroviviente starring #JaredLeto cinemascomics.com/nuevo-trai…,0
Morbius trailer,8 Mar 2022,@DianeTheUnicorn,🏠🪴,i am so tired of seeing the morbius trailer like just release that shit already,https://nitter.net/DianeTheUnicorn/status/1501172107224440839#m,i am so tired of seeing the morbius trailer like just release that shit already,0
Morbius trailer,8 Mar 2022,@LionhearTVNet,LionhearTV.net,WATCH: Final trailer of ‘Morbius’ unleashes the darkness inside lionheartv.net/2022/03/watch… #Morbius,https://nitter.net/LionhearTVNet/status/1501165842649731072#m,WATCH: Final trailer of ‘Morbius’ unleashes the darkness inside lionheartv.net/2022/03/watch… #Morbius,0
Morbius trailer,8 Mar 2022,@JustNerd_IT,JustNerd,#Morbius: il nuovo teaser trailer in vista dell'uscita del film - Leggi l'articolo completo su: justnerd.it/?p=179701 #JaredLeto #Cinema,https://nitter.net/JustNerd_IT/status/1501162894620348418#m,#Morbius: the new teaser trailer ahead of the film's release - Read the full article on: justnerd.it/?p=179701 #JaredLeto #Cinema,1
Morbius trailer,8 Mar 2022,@WellChild,WellChild,Wait a second… We recognise that young man! It was very exciting to spot 2018 WellChild Award winner @JakeStacey10 in the new #Morbius trailer. #WellChildAwards,https://nitter.net/WellChild/status/1501143016442056705#m,Wait a second… We recognise that young man! It was very exciting to spot 2018 WellChild Award winner @JakeStacey10 in the new #Morbius trailer. #WellChildAwards,0
Morbius trailer,8 Mar 2022,@nerdist,Nerdist,Jared Leto finally embraces being a baddie in the final trailer for Morbius. trib.al/wqnLMdY,https://nitter.net/nerdist/status/1501107732417769479#m,Jared Leto finally embraces being a baddie in the final trailer for Morbius. trib.al/wqnLMdY,1
Morbius trailer,8 Mar 2022,@__Aizensama__,Aizen,That could be. In the final trailer it seems he personally know Morbius and trying to convince him to become a villain and working like a psychiatrist.,https://nitter.net/__Aizensama__/status/1501100303524892676#m,That could be. In the final trailer it seems he personally know Morbius and trying to convince him to become a villain and working like a psychiatrist.,0
Morbius trailer,8 Mar 2022,@__Aizensama__,Aizen,"Left one is from MCU. But in SSU, Ravencroft exists having an orange prison jumpsuit. Also we still don't know if Michael Keaton is Adrian Toomes or different character because he doesn't seem like a criminal in every trailer of Morbius. Maybe he is playing Dr Paine.",https://nitter.net/__Aizensama__/status/1501098167143919617#m,"Left one is from MCU. But in SSU, Ravencroft exists having an orange prison jumpsuit. Also we still don't know if Michael Keaton is Adrian Toomes or different character because he doesn't seem like a criminal in every trailer of Morbius. Maybe he is playing Dr Paine.",0
Morbius trailer,8 Mar 2022,@winejugs,thedrunkandtherestless,If I have to see this morbius trailer one more damn time,https://nitter.net/winejugs/status/1501077807614414849#m,If I have to see this morbius trailer one more damn time,0
Morbius trailer,8 Mar 2022,@beatlesxwalls,aguitos🫡,morbius en el trailer tiene un tema the doors AAAAA,https://nitter.net/beatlesxwalls/status/1501045089556172807#m,morbius in the trailer has a theme the doors AAAAA,0
Morbius trailer,8 Mar 2022,@SnarkmarkD,SnarkmarkDusty,So based on the Morbius trailer I will need to add “People are strange” by the doors as a great song added to a bad movie trailer to try to make people think it’s gonna be good. Also in this HOF: Sympathy for the Devil Sweet Dreams(are made of this) Any CCR song(for war movies),https://nitter.net/SnarkmarkD/status/1501044988901163010#m,So based on the Morbius trailer I will need to add “People are strange” by the doors as a great song added to a bad movie trailer to try to make people think it’s gonna be good. Also in this HOF: Sympathy for the Devil Sweet Dreams(are made of this) Any CCR song(for war movies),0
Morbius trailer,8 Mar 2022,@GlaziarGambol,Glaziar 🧊,"piped.video/m76CVuZAVFE #MORBIUS released their final trailer and we had a lot to say about it. We discussed the teases and what's missing so far, and we compare it to #ThorLoveAndThunder. Check it out now on #Youtube.",https://nitter.net/GlaziarGambol/status/1501044247369191427#m,"piped.video/m76CVuZAVFE #MORBIUS released their final trailer and we had a lot to say about it. We discussed the teases and what's missing so far, and we compare it to #ThorLoveAndThunder. Check it out now on #Youtube.",1
Morbius trailer,8 Mar 2022,@devastation79,anthony eye 🇺🇸,that #morbius trailer tho.,https://nitter.net/devastation79/status/1501039618879332355#m,that #morbius trailer tho.,0
Morbius trailer,8 Mar 2022,@fincherfilmz,ro,nvm the morbius trailer came on,https://nitter.net/fincherfilmz/status/1501033759579074561#m,nvm the morbius trailer came on,1
Morbius trailer,8 Mar 2022,@mixaliskrat,Mixalis Kratimenos,superheronews.gr/2022/02/fin…,https://nitter.net/mixaliskrat/status/1501010311016595460#m,superheronews.gr/2022/02/fin…,0
Morbius trailer,9 Mar 2022,@vrxnakova,wen 🏒,"si aun caso le tengo ganas a morbius porque el trailer pinta muy bien, pero miedo me da que la caguen como hicieron con la segunda de venom y la de doctor strange le tengo ganas pero al mismo tiempo no porque todo lo del multiverso me tiene hasta el mismísimo coño",https://nitter.net/vrxnakova/status/1501705576828616710#m,"Yes, I'm still looking forward to Morbius because the trailer looks very good, but I'm afraid that they'll screw it up like they did with the second Venom and Doctor Strange. I'm looking forward to it, but at the same time not because everything about the multiverse has me sick and tired of it.",0
Morbius trailer,9 Mar 2022,@hollyweirdo,kelly mcinerney,"the funniest part in the new batman movie was probably when the morbius trailer was shown, calling him a ""legend"" and an audience member loudly stated ""i don't know about that.""",https://nitter.net/hollyweirdo/status/1501679747385860097#m,"the funniest part in the new batman movie was probably when the morbius trailer was shown, calling him a ""legend"" and an audience member loudly stated ""i don't know about that.""",1
Morbius trailer,9 Mar 2022,@JustSam93_,aweSAMe,Ik zag (in de bioscoop) een trailer van Morbius en was dus even in de war.,https://nitter.net/JustSam93_/status/1501677948801273858#m,I saw a trailer for Morbius (in the cinema) and was therefore confused for a moment.,0
Morbius trailer,9 Mar 2022,@YharnumsRaven,TheRavenLord,No Joke when I went to see The Batman my family and I saw the trailer for Morbius and it still said “Coming January”,https://nitter.net/YharnumsRaven/status/1501671778308997127#m,No Joke when I went to see The Batman my family and I saw the trailer for Morbius and it still said “Coming January”,0
Morbius trailer,9 Mar 2022,@Daniflouzao,Daniflouzao,3 veces he ido y no me ha salido en ninguna wkdjqknwnq Me ha salido el trailer de Morbius en las 3. Por algo será,https://nitter.net/Daniflouzao/status/1501670542507749383#m,I've been there 3 times and it hasn't appeared in any wkdjqknwnq The Morbius trailer has appeared in all 3 of them. It must be for a reason,0
Morbius trailer,9 Mar 2022,@uestsyde,wesley,"fui segunda... vai ver eles já tinham decidido adiar... mas prefiria ter visto esse ai, do que trailer de morbius e animais fanta",https://nitter.net/uestsyde/status/1501667738112114691#m,I went on Monday... maybe they had already decided to postpone it... but I would rather have seen this one than the trailer for Morbius and fantasy animals,0
Morbius trailer,9 Mar 2022,@Nicolix8921,Nicolix,"#Marvel #MORBIUS ##reaction #trailer MARVEL MORBIUS : REACTION au DERNIER TRAILER (oui, encore) ! piped.video/gY6n70dUfes via @YouTube #YouTube @MatteoSapin",https://nitter.net/Nicolix8921/status/1501634638896316424#m,"#Marvel #MORBIUS ##reaction #trailer MARVEL MORBIUS : REACTION au DERNIER TRAILER (oui, encore) ! piped.video/gY6n70dUfes via @YouTube #YouTube @MatteoSapin",0
Morbius trailer,9 Mar 2022,@lastpersonleft,Miriam,Saw the trailer to Morbius before The Batman and who the hell is going to watch that movie????,https://nitter.net/lastpersonleft/status/1501627443513372674#m,Saw the trailer to Morbius before The Batman and who the hell is going to watch that movie????,0
Morbius trailer,9 Mar 2022,@Salty_Language,Salty Language Pod,"NEW! On Ep 552, We talk life, Elden Ring, Our Flag Means Death. John DiMaggio back as Bender, Morbius trailer, Starlight Coke, Gran Tourismo 7, FART license plate, THE QoftheW, and more!buff.ly/3IO4P9L #podernfamily",https://nitter.net/Salty_Language/status/1501625126604922884#m,"NEW! On Ep 552, We talk life, Elden Ring, Our Flag Means Death. John DiMaggio back as Bender, Morbius trailer, Starlight Coke, Gran Tourismo 7, FART license plate, THE QoftheW, and more!buff.ly/3IO4P9L #podernfamily",0
Morbius trailer,9 Mar 2022,@PinewoodStudios,Pinewood Studios,A new Marvel legend arrives. Watch the final trailer for #Morbius released in cinemas from 1st April and #ShotAtPinewood on F Stage and M Stage,https://nitter.net/PinewoodStudios/status/1501610088708157443#m,A new Marvel legend arrives. Watch the final trailer for #Morbius released in cinemas from 1st April and #ShotAtPinewood on F Stage and M Stage,0
Morbius trailer,9 Mar 2022,@CaputoItalo,Italo Caputo,"Hashtag Available da un'idea di Stefano Donno : MORBIUS (2022) Trailer ""Rischi"" del Film Marvel co... hashtagavailable.blogspot.co…",https://nitter.net/CaputoItalo/status/1501609341861965829#m,"Hashtag Available from an idea by Stefano Donno: MORBIUS (2022) Trailer ""Risks"" of the Marvel Film co... hashtagavailable.blogspot.co…",1
Morbius trailer,9 Mar 2022,@CallumCFC_,Callum,YouTube keep giving me back to back unskipable ads that always includes a morbius trailer. This should be classified as torture under the Geneva conventions.,https://nitter.net/CallumCFC_/status/1501608384067518470#m,YouTube keep giving me back to back unskipable ads that always includes a morbius trailer. This should be classified as torture under the Geneva conventions.,0
Morbius trailer,9 Mar 2022,@Wazupnaija,Whazupnaija,New 'Morbius' Teaser Trailer Focuses on Jared Leto's Journey To Find a Cure - #naijaforum #naijablog #naijamusic - wazupnaija.com/new-morbius-t…,https://nitter.net/Wazupnaija/status/1501605882685186050#m,New 'Morbius' Teaser Trailer Focuses on Jared Leto's Journey To Find a Cure - #naijaforum #naijablog #naijamusic - wazupnaija.com/new-morbius-t…,0
Morbius trailer,9 Mar 2022,@MeriStation,MeriStation,"Sony ha publicado un nuevo tráiler de #Morbius, uno de los antihéroes más icónicos y legendarios del universo Marvel 🎬 as.com/meristation/2022/03/0…",https://nitter.net/MeriStation/status/1501603725357436932#m,"Sony has published a new trailer for #Morbius, one of the most iconic and legendary antiheroes of the Marvel universe 🎬 as.com/meristation/2022/03/0…",0
Morbius trailer,9 Mar 2022,@SlumLordDaddy,Law Rune,The year is 2030. I have seen the Morbius trailer 100 times,https://nitter.net/SlumLordDaddy/status/1501598899458482181#m,The year is 2030. I have seen the Morbius trailer 100 times,0
Morbius trailer,9 Mar 2022,@geekblogbrasi,Geekblog,Novo trailer de 'Morbius' revela Jared Leto preso entre uma cura e uma maldiçãohttps://bit.ly/3MBGd6B,https://nitter.net/geekblogbrasi/status/1501595662743449607#m,New 'Morbius' trailer reveals Jared Leto caught between a cure and a cursehttps://bit.ly/3MBGd6B,0
Morbius trailer,9 Mar 2022,@vailenespanol,Vail en Espanol,lnkd.in/erYmxFEY lnkd.in/ezu4_stz,https://nitter.net/vailenespanol/status/1501594159186075652#m,lnkd.in/erYmxFEY lnkd.in/ezu4_stz,0
Morbius trailer,9 Mar 2022,@vailenespanol,Vail en Espanol,Morbius revela su trailer final - Vail En Espanol Magazine vailenespanol.com/tv/cine/mo…,https://nitter.net/vailenespanol/status/1501594119994413058#m,Morbius reveals its final trailer - Vail En Espanol Magazine vailenespanol.com/tv/cine/mo…,0
Morbius trailer,9 Mar 2022,@failgreep,malpais legate,i can’t wait till the batman is out in hd so i don’t have to sit through the morbius trailer everytime i come to the cinema to see it,https://nitter.net/failgreep/status/1501592985716281347#m,i can’t wait till the batman is out in hd so i don’t have to sit through the morbius trailer everytime i come to the cinema to see it,1
Morbius trailer,9 Mar 2022,@SabresSwords,Lilith_Stans Yibo,Jared Leto looking interesting as Morbius in the trailer #Morbius,https://nitter.net/SabresSwords/status/1501592681562050561#m,Jared Leto looking interesting as Morbius in the trailer #Morbius,1
Morbius trailer,9 Mar 2022,@RemyWheeze,Mr. Wheeze,Yooo I need to see Morbius when it comes into theaters. Trailer looks 🔥,https://nitter.net/RemyWheeze/status/1501591676313350148#m,Yooo I need to see Morbius when it comes into theaters. Trailer looks 🔥,1
Morbius trailer,9 Mar 2022,@pow3rg1rl,zonnie,"is anyone gonna watch morbius w jared leto? cus ive seen the trailer in cinemas too many times now and everytime i see it, it looks more and more ass",https://nitter.net/pow3rg1rl/status/1501589854563577859#m,"is anyone gonna watch morbius w jared leto? cus ive seen the trailer in cinemas too many times now and everytime i see it, it looks more and more ass",1
Morbius trailer,9 Mar 2022,@FamilyFriendlyG,FamilyFriendlyGaming,Video for FFG Reacts Morbius Trailer familyfriendlygaming.com/Vid… #FFG #movies #YouTuber #trailer #reacts #FFGReacts #Morbius #trailerreacts #Morbiusreacts,https://nitter.net/FamilyFriendlyG/status/1501581559769575429#m,Video for FFG Reacts Morbius Trailer familyfriendlygaming.com/Vid… #FFG #movies #YouTuber #trailer #reacts #FFGReacts #Morbius #trailerreacts #Morbiusreacts,0
Morbius trailer,9 Mar 2022,@MovieOutpost,Last Movie Outpost,Yet another MORBIUS trailer: lastmovieoutpost.com/another… #Morbius #morbiusthelivingvampire,https://nitter.net/MovieOutpost/status/1501578845538992128#m,Yet another MORBIUS trailer: lastmovieoutpost.com/another… #Morbius #morbiusthelivingvampire,0
Morbius trailer,9 Mar 2022,@moreaufixation,red,it could be because in the morbius trailer theres a spiderman thing so either hes in one of the spiderman universes or it could be just an easter egg but the picture of him does say murderer so…,https://nitter.net/moreaufixation/status/1501575818102726657#m,it could be because in the morbius trailer theres a spiderman thing so either hes in one of the spiderman universes or it could be just an easter egg but the picture of him does say murderer so…,0
Morbius trailer,9 Mar 2022,@slebrethon,Stephane LEBRETHON,[Film] Trailer final pour Morbius... piped.video/watch?v=SQK-Qxxt… #trailer #morbius,https://nitter.net/slebrethon/status/1501572213950066693#m,[Film] Trailer final pour Morbius... piped.video/watch?v=SQK-Qxxt… #trailer #morbius,0
Morbius trailer,9 Mar 2022,@Coonet5,Coonet Tv,"✅ Daniel Arévalo - Micro Espectáculos 🥊 Pelea de ex-Intrusos: Jorge Rial destrozó a Adrián Pallares 🧛🏻‍♂️ Morbius, atrapado entre la cura y la maldición en el nuevo tráiler de la película de Jared Leto 🦇 'The Batman' marca el camino de las salas de cine",https://nitter.net/Coonet5/status/1501556726373523456#m,"✅ Daniel Arévalo - Micro Espectáculos 🥊 Fight of ex-Intruders: Jorge Rial destroyed Adrián Pallares 🧛🏻‍♂️ Morbius, trapped between the cure and the curse in the new trailer for Jared Leto's film 🦇 'The Batman' marks the path for movie theaters",0
Morbius trailer,9 Mar 2022,@N79news,N79,Morbius desafía a la épica en su nuevo tráiler: cura o maldición ift.tt/rt2bxZR,https://nitter.net/N79news/status/1501548650148904973#m,Morbius challenges epic in its new trailer: cure or curse ift.tt/rt2bxZR,0
Morbius trailer,9 Mar 2022,@21roIeV2,',The morbius trailer looks nice ngl,https://nitter.net/21roIeV2/status/1501537851456225282#m,The morbius trailer looks nice ngl,1
Morbius trailer,9 Mar 2022,@MaidenEngland96,⛧maidenn⛧,Yup. & the trailer for Morbius.,https://nitter.net/MaidenEngland96/status/1501534906878418945#m,Yup. & the trailer for Morbius.,1
Morbius trailer,9 Mar 2022,@MyVideoClubfr,MyVideoClub,Morbius - Bande-annonce finale VF facebook.com/738462003803140 #cinema #movies #series #trailer,https://nitter.net/MyVideoClubfr/status/1501516904850243587#m,Morbius - Bande-annonce finale VF facebook.com/738462003803140 #cinema #movies #series #trailer,0
Morbius trailer,9 Mar 2022,@HYPEBEAST,HYPEBEAST,New 'Morbius' Teaser Trailer Focuses on Jared Leto's Journey To Find a Cure hypebeast.com/2022/3/sony-pi…,https://nitter.net/HYPEBEAST/status/1501511663685615616#m,New 'Morbius' Teaser Trailer Focuses on Jared Leto's Journey To Find a Cure hypebeast.com/2022/3/sony-pi…,0
Morbius trailer,9 Mar 2022,@stefanodonno75,stefano,"Hashtag Available da un'idea di Stefano Donno : MORBIUS (2022) Trailer ""Rischi"" del Film Marvel co... hashtagavailable.blogspot.co…",https://nitter.net/stefanodonno75/status/1501506882174963717#m,"Hashtag Available from an idea by Stefano Donno: MORBIUS (2022) Trailer ""Risks"" of the Marvel Film co... hashtagavailable.blogspot.co…",1
Morbius trailer,9 Mar 2022,@Moviejones,Moviejones,Blut geleckt: Der finale Trailer zu Morbius beisst zu! bit.ly/3Kf9Nwv,https://nitter.net/Moviejones/status/1501505672487358464#m,Tasted blood: The final trailer for Morbius bites! bit.ly/3Kf9Nwv,0
Morbius trailer,9 Mar 2022,@FilmiUpdates4u,Filmiupdates.us -All OTT's Latest News and Updates,Morbius(2022)Official Trailer|Release date|Teaser▶ottlatest.com/sonyliv/morbiu… #Morbius #BTSJIMIN #BTSSUGA #SugaBirthdayCongrats,https://nitter.net/FilmiUpdates4u/status/1501489383051956225#m,Morbius(2022)Official Trailer|Release date|Teaser▶ottlatest.com/sonyliv/morbiu… #Morbius #BTSJIMIN #BTSSUGA #SugaBirthdayCongrats,0
Morbius trailer,9 Mar 2022,@MyVideoClubfr,MyVideoClub,Morbius - Bande-annonce finale VOSTFR facebook.com/443036494178546 #cinema #movies #series #trailer,https://nitter.net/MyVideoClubfr/status/1501486706301800448#m,Morbius - Bande-annonce finale VOSTFR facebook.com/443036494178546 #cinema #movies #series #trailer,0
Morbius trailer,9 Mar 2022,@medicinehelp,Charles Myrick -CEO,MORBIUS – Final Trailer (HD) charlesmyrick.monster/morbiu…,https://nitter.net/medicinehelp/status/1501469221255102464#m,MORBIUS – Final Trailer (HD) charlesmyrick.monster/morbiu…,0
Morbius trailer,9 Mar 2022,@bro_knighty,Bro Knight,Thor 4 trailer is attached to Morbius,https://nitter.net/bro_knighty/status/1501459832502878209#m,Thor 4 trailer is attached to Morbius,0
Morbius trailer,9 Mar 2022,@retrorambleblog,Retro Ramble Podcast,"When the latest #Morbius trailer says ""witness the birth of a new Marvel legend"".",https://nitter.net/retrorambleblog/status/1501447087539503105#m,"When the latest #Morbius trailer says ""witness the birth of a new Marvel legend"".",0
Morbius trailer,9 Mar 2022,@MarkoStankic,Marko Stankic,Morbius - Final Trailer: One of Marvel’s most compelling and conflicted characters comes to the big screen as Oscar® winner Jared Leto transforms into the enigmatic antihero Michael Morbius. Dangerously ill with a rare blood disorder and determined to… trailers.apple.com/trailers/…,https://nitter.net/MarkoStankic/status/1501439902273048576#m,Morbius - Final Trailer: One of Marvel’s most compelling and conflicted characters comes to the big screen as Oscar® winner Jared Leto transforms into the enigmatic antihero Michael Morbius. Dangerously ill with a rare blood disorder and determined to… trailers.apple.com/trailers/…,0
Morbius trailer,11 Mar 2022,@Pkoswald2,Pkoswald,Very excited for Morbius to come out so I never have to see another Morbius trailer again,https://nitter.net/Pkoswald2/status/1502422112719495177#m,Very excited for Morbius to come out so I never have to see another Morbius trailer again,1
Morbius trailer,11 Mar 2022,@blackpowerpufff,aisha,my villain origin story is how many times that morbius trailer has been shoved down our throat,https://nitter.net/blackpowerpufff/status/1502416956552589312#m,my villain origin story is how many times that morbius trailer has been shoved down our throat,1
Morbius trailer,11 Mar 2022,@criscaettano,Cris Caetano,🖤🖤Für Elise - Morbius trailer music - cello cover piped.video/3CGWVoJGeBc,https://nitter.net/criscaettano/status/1502414339948560397#m,🖤🖤For Elise - Morbius trailer music - cello cover piped.video/3CGWVoJGeBc,0
Morbius trailer,11 Mar 2022,@FictionTalking,TalkingFiction,What are the chances of Spider-Man or dear ask… Venom? Appear in #MORBIUS. The trailer really doesn’t cut it in terms of excitement for me.,https://nitter.net/FictionTalking/status/1502404239666073608#m,What are the chances of Spider-Man or dear ask… Venom? Appear in #MORBIUS. The trailer really doesn’t cut it in terms of excitement for me.,0
Morbius trailer,11 Mar 2022,@feeling3000_,Jay,Morbius wasn’t getting gas and I just seen a trailer and Tyrese is in it That movie about to go quadruple styrofoam man,https://nitter.net/feeling3000_/status/1502397432117792774#m,Morbius wasn’t getting gas and I just seen a trailer and Tyrese is in it That movie about to go quadruple styrofoam man,1
Morbius trailer,11 Mar 2022,@PositivelyWolf1,Nice Guy Wolfie T,I think they've been running the trailer in theaters since 2019. It just won't be the same seeing a movie without the Morbius trailer before it.,https://nitter.net/PositivelyWolf1/status/1502391458413920256#m,I think they've been running the trailer in theaters since 2019. It just won't be the same seeing a movie without the Morbius trailer before it.,1
Morbius trailer,11 Mar 2022,@wolfking20ten,Wolfking/ResistanceOfficer/#MakeSolo2Happen,Probably the last trailer before the film. Morbius should be a nice addition to the MCU.,https://nitter.net/wolfking20ten/status/1502374915021942790#m,Probably the last trailer before the film. Morbius should be a nice addition to the MCU.,1
Morbius trailer,11 Mar 2022,@WorldDailyNB,World Daily News Blog,"Morbius final trailer: Jared Leto struggles to embrace his dangerous side, watch video worlddailynewsblog.com/enter…",https://nitter.net/WorldDailyNB/status/1502350183862050819#m,"Morbius final trailer: Jared Leto struggles to embrace his dangerous side, watch video worlddailynewsblog.com/enter…",0
Morbius trailer,11 Mar 2022,@JEDIYUTH,JEDIYUTH,"จาเรด เลโต กลายเป็นแวมไพร์ในตัวอย่างสุดท้ายของ #Morbius ภาคแยก ""Venom"" jediyuth.com/2022/03/12/morb…",https://nitter.net/JEDIYUTH/status/1502349531735740417#m,"Jared Leto becomes a vampire in the final trailer for #Morbius spin-off ""Venom"" jediyuth.com/2022/03/12/morb…",0
Morbius trailer,11 Mar 2022,@TweetHechicero,Ryder,Morbius tiene buena pinta. Al menos el trailer que he visto me llama la atención.,https://nitter.net/TweetHechicero/status/1502348523869810693#m,Morbius looks good. At least the trailer I've seen catches my attention.,0
Morbius trailer,11 Mar 2022,@PimLiam,Liam Pim,MORBIUS Final Trailer (NEW 2022) #movienews #movietheaters screenteasers.com/hollywood-…,https://nitter.net/PimLiam/status/1502315612034506758#m,MORBIUS Final Trailer (NEW 2022) #movienews #movietheaters screenteasers.com/hollywood-…,0
Morbius trailer,11 Mar 2022,@Movie2kMovie,Movie2k Guy,MORBIUS Final Trailer (NEW 2022) movietrailerbeast.com/traile…,https://nitter.net/Movie2kMovie/status/1502313497530667012#m,MORBIUS Final Trailer (NEW 2022) movietrailerbeast.com/traile…,0
Morbius trailer,11 Mar 2022,@9ja_breed,9ja Breed,MORBIUS Final Trailer (NEW 2022) dlvr.it/SLWKF7,https://nitter.net/9ja_breed/status/1502311909319593992#m,MORBIUS Final Trailer (NEW 2022) dlvr.it/SLWKF7,0
Morbius trailer,11 Mar 2022,@matrix45832,21finz.com,21finz just discovered: MORBIUS Final Trailer (NEW 2022) - 21finz.com/2022/03/11/morbiu…,https://nitter.net/matrix45832/status/1502310745790455808#m,21finz just discovered: MORBIUS Final Trailer (NEW 2022) - 21finz.com/2022/03/11/morbiu…,0
Morbius trailer,11 Mar 2022,@dinocrusher,Dynocrusher,"Strong doubt, they would've just used an Andrew pic in that case. We can't take anything from the trailer at face value if we believe that. Also leakers started saying Morbius fucks up everything, probably in the multiverse context.",https://nitter.net/dinocrusher/status/1502299870639661061#m,"Strong doubt, they would've just used an Andrew pic in that case. We can't take anything from the trailer at face value if we believe that. Also leakers started saying Morbius fucks up everything, probably in the multiverse context.",0
Morbius trailer,11 Mar 2022,@dinocrusher,Dynocrusher,1 = Spider-Man Homecoming 2 = Morbius trailer,https://nitter.net/dinocrusher/status/1502294699155075075#m,1 = Spider-Man Homecoming 2 = Morbius trailer,0
Morbius trailer,11 Mar 2022,@SuperReactBros,Super Reaction Bros.,A not-vampire tries his best to not be a very bad man in our reaction to the Final Trailer for Morbius. #Morbius #Marvel #JaredLeto piped.video/uq676sg0z-k,https://nitter.net/SuperReactBros/status/1502291268428255236#m,A not-vampire tries his best to not be a very bad man in our reaction to the Final Trailer for Morbius. #Morbius #Marvel #JaredLeto piped.video/uq676sg0z-k,0
Morbius trailer,11 Mar 2022,@TaliB1den,J-Dust,Tobeys in the morbius trailer?never noticed that,https://nitter.net/TaliB1den/status/1502280724698869761#m,Tobeys in the morbius trailer?never noticed that,0
Morbius trailer,11 Mar 2022,@benoriginal,BE'N ORIGINAL,Morbius – Final Trailer urbanmag-online.com/morbius-… via @urbanmagazine,https://nitter.net/benoriginal/status/1502274247737200643#m,Morbius – Final Trailer urbanmag-online.com/morbius-… via @urbanmagazine,0
Morbius trailer,11 Mar 2022,@indieopium,Alek,"Went in to see Batman yesterday T_T And they showed the Morbius trailer ... gave me Venom-vibes, which .. we didn't like Venom either.",https://nitter.net/indieopium/status/1502262018451116035#m,"Went in to see Batman yesterday T_T And they showed the Morbius trailer ... gave me Venom-vibes, which .. we didn't like Venom either.",0
Morbius trailer,12 Mar 2022,@RealRandyChavez,Randy Chavez ⭕,"Am I Vulture and are you Morbius from that Morbius trailer? Because ""You and I should stay in touch!: 😉",https://nitter.net/RealRandyChavez/status/1502779636689911809#m,"Am I Vulture and are you Morbius from that Morbius trailer? Because ""You and I should stay in touch!: 😉",0
Morbius trailer,12 Mar 2022,@CinemaSight,Wesley Lovell,Trailer Watch: Morbius (2022) Updated cinemasight.com/trailer-watc…,https://nitter.net/CinemaSight/status/1502766620099452934#m,Trailer Watch: Morbius (2022) Updated cinemasight.com/trailer-watc…,0
Morbius trailer,12 Mar 2022,@Cinemark,Cinemark Theatres,#Morbius: Everything you need to know Read: cinemark.com/movie-news/arti…,https://nitter.net/Cinemark/status/1502766386518495232#m,#Morbius: Everything you need to know Read: cinemark.com/movie-news/arti…,0
Morbius trailer,12 Mar 2022,@bradyskjeidy,danielle,NOT THE MORBIUS TRAILER AGAIN,https://nitter.net/bradyskjeidy/status/1502737744853929989#m,NOT THE MORBIUS TRAILER AGAIN,1
Morbius trailer,12 Mar 2022,@MoviesSwords,Movies @ Swords,"This is just the beginning, get ready to see what else he can do. #Morbius Exclusively At Cinemas March 31. Watch full trailer here: movies-at.ie/event/morbius/",https://nitter.net/MoviesSwords/status/1502736257352404992#m,"This is just the beginning, get ready to see what else he can do. #Morbius Exclusively At Cinemas March 31. Watch full trailer here: movies-at.ie/event/morbius/",0
Morbius trailer,12 Mar 2022,@SGCDungarvan,Movies @ Dungarvan,"This is just the beginning, get ready to see what else he can do. #Morbius Exclusively At Cinemas March 31. Watch full trailer here: movies-at.ie/event/morbius/",https://nitter.net/SGCDungarvan/status/1502736233964912646#m,"This is just the beginning, get ready to see what else he can do. #Morbius Exclusively At Cinemas March 31. Watch full trailer here: movies-at.ie/event/morbius/",0
Morbius trailer,12 Mar 2022,@MoviesCinemas,Movies @ Cinemas,"This is just the beginning, get ready to see what else he can do. #Morbius Exclusively At Cinemas March 31. Watch full trailer here: movies-at.ie/event/morbius/",https://nitter.net/MoviesCinemas/status/1502736232698241026#m,"This is just the beginning, get ready to see what else he can do. #Morbius Exclusively At Cinemas March 31. Watch full trailer here: movies-at.ie/event/morbius/",0
Morbius trailer,12 Mar 2022,@moviesatgorey,Movies @ Gorey,"This is just the beginning, get ready to see what else he can do. #Morbius Exclusively At Cinemas March 31. Watch full trailer here: movies-at.ie/event/morbius/",https://nitter.net/moviesatgorey/status/1502736232564068360#m,"This is just the beginning, get ready to see what else he can do. #Morbius Exclusively At Cinemas March 31. Watch full trailer here: movies-at.ie/event/morbius/",0
Morbius trailer,12 Mar 2022,@MoviesDundrum,Movies @ Dundrum,"This is just the beginning, get ready to see what else he can do. #Morbius Exclusively At Cinemas March 31. Watch full trailer here: movies-at.ie/event/morbius/",https://nitter.net/MoviesDundrum/status/1502736229133127681#m,"This is just the beginning, get ready to see what else he can do. #Morbius Exclusively At Cinemas March 31. Watch full trailer here: movies-at.ie/event/morbius/",0
Morbius trailer,12 Mar 2022,@MoviesSwords,Movies @ Swords,"This is just the beginning, get ready to see what else he can do. #Morbius Exclusively At Cinemas March 31. Watch full trailer here: movies-at.ie/event/morbius/",https://nitter.net/MoviesSwords/status/1502736223030456322#m,"This is just the beginning, get ready to see what else he can do. #Morbius Exclusively At Cinemas March 31. Watch full trailer here: movies-at.ie/event/morbius/",0
Morbius trailer,12 Mar 2022,@LuisVilchisN,Legend In Chief,"Cuando en el tráiler de 'Morbius' veo que ponen: ""Del estudio que te trajo Venom""... bueno, no me da mucha confianza. 😅",https://nitter.net/LuisVilchisN/status/1502731919506690057#m,"When in the 'Morbius' trailer I see that it says: ""From the studio that brought you Venom""... well, it doesn't give me much confidence. 😅",0
Morbius trailer,12 Mar 2022,@POSITIVE_LIFES1,Positive lifes,MORBIUS Trailer 2 German Deutsch (2022) de.your-shop-online.in/?p=76…,https://nitter.net/POSITIVE_LIFES1/status/1502731606632636419#m,MORBIUS Trailer 2 German Deutsch (2022) de.your-shop-online.in/?p=76…,0
Morbius trailer,12 Mar 2022,@DonELichterman,Sunset,MORBIUS Trailer 2 (2022) media.sunset-tv.com/morbius-…,https://nitter.net/DonELichterman/status/1502724383390973958#m,MORBIUS Trailer 2 (2022) media.sunset-tv.com/morbius-…,0
Morbius trailer,12 Mar 2022,@HohenheimPro,Kelly McKinney,"Sucking the Soul Out of Super-Hero Origins? - ""Morbius"" Trailer Reaction piped.video/UqxgHbumrIc via @YouTube #MCU #Marvel #Morbius #Reaction #Review #TrailerReaction #JaredLeto",https://nitter.net/HohenheimPro/status/1502719089801932800#m,"Sucking the Soul Out of Super-Hero Origins? - ""Morbius"" Trailer Reaction piped.video/UqxgHbumrIc via @YouTube #MCU #Marvel #Morbius #Reaction #Review #TrailerReaction #JaredLeto",0
Morbius trailer,12 Mar 2022,@KUNALGU59266669,KUNAL GUPTA,MORBIUS 2022 TRAILER.. English movie SUBSCRIBE AND SHARE AND COMMENT AND LIKE MY YOUTUBE CHANNEL. piped.video/XvPD5TaFbVw via @YouTube,https://nitter.net/KUNALGU59266669/status/1502709665473634304#m,MORBIUS 2022 TRAILER.. English movie SUBSCRIBE AND SHARE AND COMMENT AND LIKE MY YOUTUBE CHANNEL. piped.video/XvPD5TaFbVw via @YouTube,1
Morbius trailer,12 Mar 2022,@QuidVacuo,QuidVacuo,Hace unos meses: SI SONY RETRASA LA PELÍCULA HACEMOS BOYCOT A TODOS SUS PRODUCTOS. (MILES DE DISLIKE EN EL TRAILER DE MORBIUS) Ahora: No entiendo porque Sony nos entregó un producto sin acabar. No entiendo a la gente.,https://nitter.net/QuidVacuo/status/1502706162436874247#m,A few months ago: IF SONY DELAYS THE MOVIE WE WILL BOYCOT ALL THEIR PRODUCTS. (THOUSANDS OF DISLIKE IN THE MORBIUS TRAILER) Now: I don't understand why Sony gave us an unfinished product. I don't understand people.,0
Morbius trailer,12 Mar 2022,@jieuneuteamo,☆,"pq no trailer de morbius tem uma pixacao do miranha escrito murderer encima ? to perdido, tipo sera que eh pq todo mundo ainda acredita que ele matou o mysterio ?",https://nitter.net/jieuneuteamo/status/1502703867984850951#m,"Why does the Morbius trailer have a graffiti of Miranha written murderer above it? I'm lost, like is it because everyone still believes he killed the mystery?",0
Morbius trailer,12 Mar 2022,@redcarpetcrash,Red Carpet Crash,"Watch Trailer For ‘Morbius’ In Theaters Friday, April 1st redcarpetcrash.com/watch-tra…",https://nitter.net/redcarpetcrash/status/1502691136908967936#m,"Watch Trailer For ‘Morbius’ In Theaters Friday, April 1st redcarpetcrash.com/watch-tra…",0
Morbius trailer,12 Mar 2022,@LAFLEURFOTO,ABRAHAM A. LAFLEUR,"MORBIUS - Teaser Trailer (HD) piped.video/jLMBLuGJTsA via @YouTube April 1, 2022",https://nitter.net/LAFLEURFOTO/status/1502685291441704967#m,"MORBIUS - Teaser Trailer (HD) piped.video/jLMBLuGJTsA via @YouTube April 1, 2022",0
Morbius trailer,12 Mar 2022,@millycam,Camilla,Morbius trailer too lmfao nice,https://nitter.net/millycam/status/1502653971244236815#m,Morbius trailer too lmfao nice,0
Morbius trailer,12 Mar 2022,@EDNA_cz,EDNA.cz,Několikrát odložená premiéra filmu Morbius se kvapem blíží. Podívejte se na poslední trailer. edna.cz/venomverse/novinky/m…,https://nitter.net/EDNA_cz/status/1502651976001232900#m,"The premiere of the film Morbius, which has been postponed several times, is fast approaching. Check out the latest trailer. edna.cz/venomverse/novinky/m…",0
Morbius trailer,12 Mar 2022,@TheGossipMash,The Gossip Mash,MORBIUS Final Trailer (NEW 2022) thegossipmash.com/morbius-fi… #movies #movietrailers #celebritynews #movierecommendations,https://nitter.net/TheGossipMash/status/1502643217799561227#m,MORBIUS Final Trailer (NEW 2022) thegossipmash.com/morbius-fi… #movies #movietrailers #celebritynews #movierecommendations,0
Morbius trailer,12 Mar 2022,@dodmagazine,dod Magazine,Marvel comparte el tráiler final de 'Morbius' > bit.ly/3huq0lm,https://nitter.net/dodmagazine/status/1502639299619172358#m,Marvel shares the final trailer for 'Morbius' > bit.ly/3huq0lm,0
Morbius trailer,12 Mar 2022,@JuJu_Bee53,Ju,So.... Been seeing the marketing for Moon Knight and it's sort of lackluster. Morbius also comes out April 1st and I just saw the first trailer. Like wtf,https://nitter.net/JuJu_Bee53/status/1502637649558966275#m,So.... Been seeing the marketing for Moon Knight and it's sort of lackluster. Morbius also comes out April 1st and I just saw the first trailer. Like wtf,1
Morbius trailer,12 Mar 2022,@Movie2kMovie,Movie2k Guy,MORBIUS “Vampire Powers” Trailer (NEW 2022) Vampire Superhero Movie HD movietrailerbeast.com/traile…,https://nitter.net/Movie2kMovie/status/1502630584702676997#m,MORBIUS “Vampire Powers” Trailer (NEW 2022) Vampire Superhero Movie HD movietrailerbeast.com/traile…,0
Morbius trailer,12 Mar 2022,@007Dufour007,Dufour patrick,"MORBIUS ""Vampire Superhero"" Trailer 2022 | Releasing 1 ApriPray for People Ukrainien🙏🇺🇦.l piped.video/e5aKqOxkvmA via @YouTube",https://nitter.net/007Dufour007/status/1502627964550361096#m,"MORBIUS ""Vampire Superhero"" Trailer 2022 | Releasing 1 ApriPray for People Ukrainien🙏🇺🇦.l piped.video/e5aKqOxkvmA via @YouTube",0
Morbius trailer,12 Mar 2022,@AMYAD4MS,kelly,the amount of times the fucking morbius trailer has come on in this cinema i want this movie to release so i never have to see it again,https://nitter.net/AMYAD4MS/status/1502622904202272778#m,the amount of times the fucking morbius trailer has come on in this cinema i want this movie to release so i never have to see it again,1
Morbius trailer,12 Mar 2022,@DonELichterman,Sunset,MORBIUS Trailer 3 (2022) media.sunset-tv.com/morbius-…,https://nitter.net/DonELichterman/status/1502616941340594176#m,MORBIUS Trailer 3 (2022) media.sunset-tv.com/morbius-…,0
Morbius trailer,12 Mar 2022,@ComicBookRumors,ComicBookRumors,The final trailer for Sony's Marvel thriller 'Morbius' is here! dlvr.it/SLYjc1,https://nitter.net/ComicBookRumors/status/1502616660242432002#m,The final trailer for Sony's Marvel thriller 'Morbius' is here! dlvr.it/SLYjc1,0
Morbius trailer,12 Mar 2022,@unununtrium,Unun,Ayer en el cine pusieron el tráiler de Morbius y no me puedo creer que vaya a ver de nuevo otra película con Jared Leto como protagonista solo porque sale un actor que me gusta (Jared Harris).,https://nitter.net/unununtrium/status/1502611447481778179#m,Yesterday at the cinema they showed the trailer for Morbius and I can't believe I'm going to see another movie with Jared Leto as the protagonist again just because an actor I like is in it (Jared Harris).,0
Morbius trailer,12 Mar 2022,@dodmagazine,dod Magazine,Marvel comparte el tráiler final de 'Morbius' bit.ly/3huq0lm,https://nitter.net/dodmagazine/status/1502609100705828864#m,Marvel shares the final trailer for 'Morbius' bit.ly/3huq0lm,0
Morbius trailer,12 Mar 2022,@3333Mary3333,Kiều Long,Morbius vs Doctor Strange Teaser Trailer piped.video/_JK6P0-0GLo,https://nitter.net/3333Mary3333/status/1502598272074280962#m,Morbius vs Doctor Strange Teaser Trailer piped.video/_JK6P0-0GLo,0
Morbius trailer,12 Mar 2022,@roycabs,Roy Cablewski,"@Channel10AU when your kid’s watching a G rated show on 10Play, I wouldn’t be expecting to see the trailer for Morbius for the 100th time , which is clearly not going to be rated G. Brains please.",https://nitter.net/roycabs/status/1502521808934776835#m,"@Channel10AU when your kid’s watching a G rated show on 10Play, I wouldn’t be expecting to see the trailer for Morbius for the 100th time , which is clearly not going to be rated G. Brains please.",0
Morbius trailer,12 Mar 2022,@ANDHDHUN,charu,morbius trailer playing in the theater not a single person paying attention,https://nitter.net/ANDHDHUN/status/1502509503706656772#m,morbius trailer playing in the theater not a single person paying attention,1
Morbius trailer,12 Mar 2022,@GallosPole57,CT Gallo,"I've probably watched, no exaggeration, that stupid Morbius trailer 20 times and this kills me every time... ""Do you need a doctor?"" ""I am doctor."" BITCH THAT DONT MEAN YOU DONT NEED OUTSIDE HELP! What's wrong with another set of eyes, you dumb fuck?!",https://nitter.net/GallosPole57/status/1502496630313996289#m,"I've probably watched, no exaggeration, that stupid Morbius trailer 20 times and this kills me every time... ""Do you need a doctor?"" ""I am doctor."" BITCH THAT DONT MEAN YOU DONT NEED OUTSIDE HELP! What's wrong with another set of eyes, you dumb fuck?!",0
Morbius trailer,12 Mar 2022,@Duncan_TASM2,Duncan 🇺🇸🏴󠁧󠁢󠁳󠁣󠁴󠁿🇩🇪,Trailer got leaked so it released early. Movie got leaked so it released early. Somebody hurry up and leak Morbius already!!!,https://nitter.net/Duncan_TASM2/status/1502494077710966785#m,Trailer got leaked so it released early. Movie got leaked so it released early. Somebody hurry up and leak Morbius already!!!,1
Morbius trailer,12 Mar 2022,@HSteinfeldCAN,Hailee Steinfeld Canada ☀️💋,i’m truly hoping we get an Across the Spider-Verse trailer w/ the release of Morbius 🙏,https://nitter.net/HSteinfeldCAN/status/1502492627924623365#m,i’m truly hoping we get an Across the Spider-Verse trailer w/ the release of Morbius 🙏,0
Morbius trailer,12 Mar 2022,@TheRealSpilner,Two Time Back to Back,Tobey Spidey being in the Morbius trailer is a pretty big reputable source lmao he’s literally painted on the wall behind Morbius,https://nitter.net/TheRealSpilner/status/1502488142380736515#m,Tobey Spidey being in the Morbius trailer is a pretty big reputable source lmao he’s literally painted on the wall behind Morbius,0
Morbius trailer,12 Mar 2022,@Stormy_Nichole1,Stormy Nichole,I know little to nothing about this new movie morbius but I wanna see it because Jared Leto is in it and he looks so fine in the trailer 🔥,https://nitter.net/Stormy_Nichole1/status/1502485545766862850#m,I know little to nothing about this new movie morbius but I wanna see it because Jared Leto is in it and he looks so fine in the trailer 🔥,1
Morbius trailer,12 Mar 2022,@DavidSa08528315,David Sadler,"Much like The Batman, MoM's trailer assorts better with Morbius than L&T's.",https://nitter.net/DavidSa08528315/status/1502483341693624321#m,"Much like The Batman, MoM's trailer assorts better with Morbius than L&T's.",0
Morbius trailer,13 Mar 2022,@vodafoneantonya,Maria Antónia,vê o trailer do morbius. mais um trauma que vem aí,https://nitter.net/vodafoneantonya/status/1503149193564725251#m,watch the morbius trailer. another trauma coming,0
Morbius trailer,13 Mar 2022,@bmmohteraj,jareth *FIRE WELTMAN* cutestory,I cannot WAIT for Morbius to come out!!!! #Morbius I cannot wait because I’m sick of seeing this fucking trailer every commercial break.,https://nitter.net/bmmohteraj/status/1503136487621242882#m,I cannot WAIT for Morbius to come out!!!! #Morbius I cannot wait because I’m sick of seeing this fucking trailer every commercial break.,0
Morbius trailer,13 Mar 2022,@DaRefScottGrady,Scott Grady,"And that’s probably the creation of what happened in No Way Home including with the scene in the trailer where Morbius says,”I …am Venom.” (Whether that makes it into the release is up in the air.) The canon here starts with No Way Home",https://nitter.net/DaRefScottGrady/status/1503123606699659272#m,"And that’s probably the creation of what happened in No Way Home including with the scene in the trailer where Morbius says,”I …am Venom.” (Whether that makes it into the release is up in the air.) The canon here starts with No Way Home",0
Morbius trailer,13 Mar 2022,@DonELichterman,Sunset,"MORBIUS ""International"" Trailer (2022) New Footage media.sunset-tv.com/morbius-…",https://nitter.net/DonELichterman/status/1503122703376695297#m,"MORBIUS ""International"" Trailer (2022) New Footage media.sunset-tv.com/morbius-…",0
Morbius trailer,13 Mar 2022,@DetectiveManhu1,Detective Manhunter #ElMayarah,"As Morbius will finally be released on April Fool's Day, wouldn't it be hilarious that the movie only consisted of the trailers we have already seen? I mean, that the movie was just one trailer after another, and nothing else had been shot. I would love it!",https://nitter.net/DetectiveManhu1/status/1503117394172157953#m,"As Morbius will finally be released on April Fool's Day, wouldn't it be hilarious that the movie only consisted of the trailers we have already seen? I mean, that the movie was just one trailer after another, and nothing else had been shot. I would love it!",1
Morbius trailer,13 Mar 2022,@sylabdul,SyL ☕ | #RumorRoulette🎰,"#DYLSM🩸 (all things horror/thriller) 🚨PREMEIRE UPLOAD! 6PM CST/7PM EST!🚨 ending off this Sunday Upload Extravaganza with a #MORBIUS trailer reaction/discussion! feat. my co-host, up & coming actor/film making powerhouse @itsnavacado 🙏🏿 piped.video/RCXlMbmIyA8",https://nitter.net/sylabdul/status/1503106306101686277#m,"#DYLSM🩸 (all things horror/thriller) 🚨PREMEIRE UPLOAD! 6PM CST/7PM EST!🚨 ending off this Sunday Upload Extravaganza with a #MORBIUS trailer reaction/discussion! feat. my co-host, up & coming actor/film making powerhouse @itsnavacado 🙏🏿 piped.video/RCXlMbmIyA8",1
Morbius trailer,13 Mar 2022,@bradyskjeidy,danielle,YES THE MORBIUS TRAILER,https://nitter.net/bradyskjeidy/status/1503086994100043779#m,YES THE MORBIUS TRAILER,1
Morbius trailer,13 Mar 2022,@bradyskjeidy,danielle,my only talent is being able to recite the morbius trailer word for word,https://nitter.net/bradyskjeidy/status/1503084690680565771#m,my only talent is being able to recite the morbius trailer word for word,1
Morbius trailer,13 Mar 2022,@bradyskjeidy,danielle,i'm only here to see the morbius trailer,https://nitter.net/bradyskjeidy/status/1503083991041204224#m,i'm only here to see the morbius trailer,1
Morbius trailer,13 Mar 2022,@cwdarney,Caroline Darney,Every trailer for Morbius looks worse than the one before it.,https://nitter.net/cwdarney/status/1503075885611638791#m,Every trailer for Morbius looks worse than the one before it.,0
Morbius trailer,13 Mar 2022,@poxataynaro,Taynaro,Matt Smith não foi pro #BAFTA não aparece no trailer de Morbius esse homem está DESAPARECIDO,https://nitter.net/poxataynaro/status/1503068004988465155#m,"Matt Smith didn't go to the #BAFTA, he doesn't appear in the Morbius trailer, this man is MISSING",0
Morbius trailer,13 Mar 2022,@cineworld,Cineworld,We're really looking forward to Morbius too- Jared Leto looks awesome as the living vampire! Have you seen the trailer? >>fal.cn/3mTNF,https://nitter.net/cineworld/status/1503061549782556683#m,We're really looking forward to Morbius too- Jared Leto looks awesome as the living vampire! Have you seen the trailer? >>fal.cn/3mTNF,1
Morbius trailer,13 Mar 2022,@DonELichterman,Sunset,MORBIUS Final Trailer (2022) media.sunset-tv.com/morbius-…,https://nitter.net/DonELichterman/status/1503061311155965953#m,MORBIUS Final Trailer (2022) media.sunset-tv.com/morbius-…,0
Morbius trailer,13 Mar 2022,@TerrellThaddie1,Terrell Thaddies,"It's not a MCU movie. Marvel Studios aren't co-financing Morbius, Kraven the Hunter, or any other Sony's Spider-Man spinoffs Marvel movies that isn't Spider-Man. If it ain't a Marvel Studios property, don't expect a never before seen trailer for Thor 4 to pop up in April",https://nitter.net/TerrellThaddie1/status/1503045205968179205#m,"It's not a MCU movie. Marvel Studios aren't co-financing Morbius, Kraven the Hunter, or any other Sony's Spider-Man spinoffs Marvel movies that isn't Spider-Man. If it ain't a Marvel Studios property, don't expect a never before seen trailer for Thor 4 to pop up in April",0
Morbius trailer,13 Mar 2022,@MCUverse_,MCUverse,"Sent you the request for morbius final trailer, accept it.",https://nitter.net/MCUverse_/status/1503040812426297349#m,"Sent you the request for morbius final trailer, accept it.",0
Morbius trailer,13 Mar 2022,@DonELichterman,Sunset,"MORBIUS Final Trailer (2022) Jared Leto, Marvel Movie HD media.sunset-tv.com/morbius-…",https://nitter.net/DonELichterman/status/1503024787114782721#m,"MORBIUS Final Trailer (2022) Jared Leto, Marvel Movie HD media.sunset-tv.com/morbius-…",0
Morbius trailer,13 Mar 2022,@Movie2kMovie,Movie2k Guy,MORBIUS “Monster” Trailer (NEW 2022) Vampire Superhero Movie HD movietrailerbeast.com/traile…,https://nitter.net/Movie2kMovie/status/1503008597688692736#m,MORBIUS “Monster” Trailer (NEW 2022) Vampire Superhero Movie HD movietrailerbeast.com/traile…,0
Morbius trailer,13 Mar 2022,@Herrkilman,Joakim Kilman,"Morbius ser verkligen inte bra ut. Nu går det inte att lita på en trailer åt varken det ena eller det andra hållet, men den hej och hå så fånig den såg ut.",https://nitter.net/Herrkilman/status/1502989366997757959#m,"Morbius really doesn't look good. Now you can't trust a trailer either way, but it looked silly.",0
Morbius trailer,13 Mar 2022,@paintingthewind,carla ϟ,"Osea, en menos de cinco meses a Sony le han filtrado: -La escena post-créditos de Venom. -Escenas BTS de NWH. -El tráiler de NWH. -El póster de NWH. -Parte del segundo tráiler de NWH. -La película de NWH completa en 4K. -Parte de los extras de NWH. Ya veremos con Morbius xd",https://nitter.net/paintingthewind/status/1502954159733194752#m,"I mean, in less than five months they have leaked to Sony: -The Venom post-credits scene. -BTS scenes from NWH. -The NWH trailer. -The NWH poster. -Part of the second NWH trailer. -The complete NWH movie in 4K. -Part of the NWH extras. We'll see with Morbius xd",0
Morbius trailer,13 Mar 2022,@retroadicto,Retroadicto,"RT MeriStation: Jared Leto vuelve a enfurecerse en el nuevo tráiler de #Morbius, que se estrenará el próximo mes de abril as.com/meristation/2022/03/0…",https://nitter.net/retroadicto/status/1502928136014643201#m,"RT MeriStation: Jared Leto gets angry again in the new trailer for #Morbius, which will be released next April as.com/meristation/2022/03/0…",0
Morbius trailer,13 Mar 2022,@KepekciSerpil,Serpil,Für Elise - Morbius trailer music - cello cover piped.video/3CGWVoJGeBc @YouTube aracılığıyla,https://nitter.net/KepekciSerpil/status/1502908581066289159#m,Für Elise - Morbius trailer music - cello cover piped.video/3CGWVoJGeBc via @YouTube,0
Morbius trailer,13 Mar 2022,@IrfanRinaldi,Irfan Rinaldi,"Saw Morbius trailer, I misheard the vouce over as ""More BS"" 🤣",https://nitter.net/IrfanRinaldi/status/1502874695649005574#m,"Saw Morbius trailer, I misheard the vouce over as ""More BS"" 🤣",0
Morbius trailer,13 Mar 2022,@saintstxffi,"meatball, you italian",that morbius trailer is sick. i only like superhero villains cus they’re sexc so ofc i’m watching this,https://nitter.net/saintstxffi/status/1502868470450425856#m,that morbius trailer is sick. i only like superhero villains cus they’re sexc so ofc i’m watching this,1
Morbius trailer,13 Mar 2022,@WhenTheGsWalkIn,G💰,The more I see this Morbius trailer the more excited I get about it,https://nitter.net/WhenTheGsWalkIn/status/1502845571098460160#m,The more I see this Morbius trailer the more excited I get about it,1
Morbius trailer,13 Mar 2022,@kngchanisfoot,grace 🦥,the new marvel movie morbius thats comin out in april- i saw the vulture from spider-man in the trailer and i'm exploding,https://nitter.net/kngchanisfoot/status/1502845522515832832#m,the new marvel movie morbius thats comin out in april- i saw the vulture from spider-man in the trailer and i'm exploding,1
Morbius trailer,13 Mar 2022,@kngchanisfoot,grace 🦥,i'm going to explode jus saw the vulture in the morbius trailer what the fuck,https://nitter.net/kngchanisfoot/status/1502845000043966466#m,i'm going to explode jus saw the vulture in the morbius trailer what the fuck,1
Morbius trailer,13 Mar 2022,@TheEman22,Ethan Greenberg,"The ""I am venom"" line in the Morbius trailer is the single worst piece of cinema in earth's history",https://nitter.net/TheEman22/status/1502834118614142978#m,"The ""I am venom"" line in the Morbius trailer is the single worst piece of cinema in earth's history",1
Morbius trailer,13 Mar 2022,@TheSilverLake18,Jer 💜,The Sony Movies are clearly setting up for Spider-Man. The image in Morbius’ trailer The End Credits in Carnage The End Credits in No Way Home There’s a trail of crumbs. And at the end has to be Spider-Man. I just hope it’s Andrew.,https://nitter.net/TheSilverLake18/status/1502818091671171072#m,The Sony Movies are clearly setting up for Spider-Man. The image in Morbius’ trailer The End Credits in Carnage The End Credits in No Way Home There’s a trail of crumbs. And at the end has to be Spider-Man. I just hope it’s Andrew.,0
Morbius trailer,13 Mar 2022,@MeriStation,MeriStation,"Jared Leto vuelve a enfurecerse en el nuevo tráiler de #Morbius, que se estrenará el próximo mes de abril as.com/meristation/2022/03/0…",https://nitter.net/MeriStation/status/1502811684213243904#m,"Jared Leto gets angry again in the new trailer for #Morbius, which will be released next April as.com/meristation/2022/03/0…",0
Morbius trailer,13 Mar 2022,@Gabrielahc6,Gabriela,"En el cine pusieron en el trailer de Morbius la parte de ""A QUE COSTO? "" JAJAJAJ es inevitable.",https://nitter.net/Gabrielahc6/status/1502810658169139206#m,"In the cinema they put in the Morbius trailer the part about ""AT WHAT COST?"" HAHAHAHA it's inevitable.",0
Morbius trailer,13 Mar 2022,@CM_J_,Mr. J.,"The vulture thing is the most confusing. Cause he is in the trailer. Morbius references venom, and there's a picture of Toby's spiderman in grafitti.... 🤦🤦",https://nitter.net/CM_J_/status/1502809918872641542#m,"The vulture thing is the most confusing. Cause he is in the trailer. Morbius references venom, and there's a picture of Toby's spiderman in grafitti.... 🤦🤦",1
Morbius trailer,13 Mar 2022,@CM_J_,Mr. J.,Me too JJk gonna be awesome. That trailer looked dope Yea I don't think there's any shot we are getting blade first real appearance in morbius. That's hopeful. I get why It would make sense but from the trailer they have no idea what universe this movie is even in lol.,https://nitter.net/CM_J_/status/1502807410183970820#m,Me too JJk gonna be awesome. That trailer looked dope Yea I don't think there's any shot we are getting blade first real appearance in morbius. That's hopeful. I get why It would make sense but from the trailer they have no idea what universe this movie is even in lol.,1
Morbius trailer,13 Mar 2022,@annastewartwho,Annie,"Also, the Morbius trailer played before the movie, and I got to see Matt Smith on the big screen and that made me so happy",https://nitter.net/annastewartwho/status/1502804722775990275#m,"Also, the Morbius trailer played before the movie, and I got to see Matt Smith on the big screen and that made me so happy",1
Morbius trailer,14 Mar 2022,@Superduper25,heartbroken Luka fan 💔,Anyone else really REALLY fucking sick of seeing the morbius trailer?,https://nitter.net/Superduper25/status/1503519854736945153#m,Anyone else really REALLY fucking sick of seeing the morbius trailer?,1
Morbius trailer,14 Mar 2022,@drakengardlover,Hen,that morbius trailer is so fucking awful i hate jared leto,https://nitter.net/drakengardlover/status/1503510264435539973#m,that morbius trailer is so fucking awful i hate jared leto,1
Morbius trailer,14 Mar 2022,@GabiMG_News,Gabi MG,"Reviewing the first #Morbius trailer, this part of the plot is also very probably confirmed!! - Jared Harris as Emil Nikos probably dies and is the man lying on the floor (light shirt and black pants). - The pink walls and white frames are the same (it's probably Nikos's house).",https://nitter.net/GabiMG_News/status/1503505330298404870#m,"Reviewing the first #Morbius trailer, this part of the plot is also very probably confirmed!! - Jared Harris as Emil Nikos probably dies and is the man lying on the floor (light shirt and black pants). - The pink walls and white frames are the same (it's probably Nikos's house).",0
Morbius trailer,14 Mar 2022,@Astralus,Ricardo Romero,"Morbius: nuova featurette, poster IMAX e tutte le anticipazioni sul film con Jared Leto dlvr.it/SLhbWf",https://nitter.net/Astralus/status/1503502873123979266#m,"Morbius: new featurette, IMAX poster and all the previews on the film with Jared Leto dlvr.it/SLhbWf",1
Morbius trailer,14 Mar 2022,@Bananchekut1,Medic,Im really excited because of the venom movies. I personnaly love them and the Morbius trailer has a similar vibe,https://nitter.net/Bananchekut1/status/1503501865912356868#m,Im really excited because of the venom movies. I personnaly love them and the Morbius trailer has a similar vibe,1
Morbius trailer,14 Mar 2022,@mattmcfletch,Matt Fletcher,Me having to watch the same Morbius trailer before every movie for the past 3 years.,https://nitter.net/mattmcfletch/status/1503492390912466953#m,Me having to watch the same Morbius trailer before every movie for the past 3 years.,1
Morbius trailer,14 Mar 2022,@LEAIST30,loui 🦉,I've seen the Morbius trailer like 6 times and just realized THAT'S JARED LETO. the same guy who played the WORST Joker ever! 🥴,https://nitter.net/LEAIST30/status/1503489227178184704#m,I've seen the Morbius trailer like 6 times and just realized THAT'S JARED LETO. the same guy who played the WORST Joker ever! 🥴,0
Morbius trailer,14 Mar 2022,@cineblogit,cineblog,"Morbius: nuova featurette, poster IMAX e tutte le anticipazioni sul film con Jared Leto ift.tt/MIN5Y4l",https://nitter.net/cineblogit/status/1503482087411748870#m,"Morbius: new featurette, IMAX poster and all the previews on the film with Jared Leto ift.tt/MIN5Y4l",1
Morbius trailer,14 Mar 2022,@zuggyc1,zuggyc,When morbius in the trailer goes “I am venom” like you can’t be that dense to watch the trailer and miss that out.,https://nitter.net/zuggyc1/status/1503481485071994891#m,When morbius in the trailer goes “I am venom” like you can’t be that dense to watch the trailer and miss that out.,0
Morbius trailer,14 Mar 2022,@iamdeadarse,jamac crow,if i have to see that morbius trailer one more time….. i’m going to throw up,https://nitter.net/iamdeadarse/status/1503476518344876045#m,if i have to see that morbius trailer one more time….. i’m going to throw up,1
Morbius trailer,14 Mar 2022,@Ash71Pietro,Pietro Ferraro,"Morbius: nuova featurette, poster IMAX e tutte le anticipazioni sul film con Jared Leto cineblog.it/post/morbius-fil…",https://nitter.net/Ash71Pietro/status/1503471449071407105#m,"Morbius: new featurette, IMAX poster and all the previews on the film with Jared Leto cineblog.it/post/morbius-fil…",0
Morbius trailer,14 Mar 2022,@phantomcrow777,Phantom Crow,Maybe we'll get the trailer during MOM hell maybe even during morbius,https://nitter.net/phantomcrow777/status/1503468413062197248#m,Maybe we'll get the trailer during MOM hell maybe even during morbius,0
Morbius trailer,14 Mar 2022,@ethauvin,Erik C. Thauvin,Erik's Weblog - Morbius #movies #trailer #marvel thauv.in/3tUU0MT,https://nitter.net/ethauvin/status/1503467232310927362#m,Erik's Weblog - Morbius #movies #trailer #marvel thauv.in/3tUU0MT,0
Morbius trailer,14 Mar 2022,@harrysttr,Harry,Every time I go to the cinema I am subjected to viewing the trailer for Morbius (2022),https://nitter.net/harrysttr/status/1503461603982950406#m,Every time I go to the cinema I am subjected to viewing the trailer for Morbius (2022),1
Morbius trailer,14 Mar 2022,@DonELichterman,Sunset,MORBIUS Official Trailer #1 (2020) Jared Leto media.sunset-tv.com/morbius-…,https://nitter.net/DonELichterman/status/1503460399672438791#m,MORBIUS Official Trailer #1 (2020) Jared Leto media.sunset-tv.com/morbius-…,0
Morbius trailer,14 Mar 2022,@chloebodman,chloe 🍉,I am SICK of seeing the morbius trailer I am SICK of seeing creepy cult boi jared leto,https://nitter.net/chloebodman/status/1503456143368237062#m,I am SICK of seeing the morbius trailer I am SICK of seeing creepy cult boi jared leto,1
Morbius trailer,14 Mar 2022,@JoeyisaGeek,joey (unqualified film critic),"I have seen a Morbius trailer before every single movie for the past 5 months, and I go to the movies at least once a week. I'm done. Just release it. Please. I'm begging.",https://nitter.net/JoeyisaGeek/status/1503452435217584133#m,"I have seen a Morbius trailer before every single movie for the past 5 months, and I go to the movies at least once a week. I'm done. Just release it. Please. I'm begging.",1
Morbius trailer,14 Mar 2022,@Mrmajestic227,🇨🇦 The Main Event 🇨🇦,I'm getting fucking sick of that Morbius trailer and Jared Leto's stupid fucking face.,https://nitter.net/Mrmajestic227/status/1503449295260946432#m,I'm getting fucking sick of that Morbius trailer and Jared Leto's stupid fucking face.,0
Morbius trailer,14 Mar 2022,@bigtunaonfilm,Sean Boelman,"Tickets might be on sale for MORBIUS but I still don't think it's a real movie. We're gonna show up on opening day and they're just gonna show the trailer and be like ""APRIL FOOLS!""",https://nitter.net/bigtunaonfilm/status/1503445867767816192#m,"Tickets might be on sale for MORBIUS but I still don't think it's a real movie. We're gonna show up on opening day and they're just gonna show the trailer and be like ""APRIL FOOLS!""",1
Morbius trailer,14 Mar 2022,@Fogeleon_X5,Fogeleon,"Nuevo trailer de ""Morbius"".",https://nitter.net/Fogeleon_X5/status/1503437662446927877#m,"New trailer for ""Morbius"".",0
Morbius trailer,15 Mar 2022,@SpTweetMN,Sp,Ive never heard the “Trailer voice guy” in a trailer played in the theater. The morbius trailer literally announces “A NEW MARVEL LEGEND ARRIVES APRIL 1ST”,https://nitter.net/SpTweetMN/status/1503880976627249153#m,Ive never heard the “Trailer voice guy” in a trailer played in the theater. The morbius trailer literally announces “A NEW MARVEL LEGEND ARRIVES APRIL 1ST”,1
Morbius trailer,15 Mar 2022,@0samaBinDiesel,Sunset Soul,Hard to think of a time when someone won’t be watching the #Morbius trailer,https://nitter.net/0samaBinDiesel/status/1503878692375834630#m,Hard to think of a time when someone won’t be watching the #Morbius trailer,1
Morbius trailer,15 Mar 2022,@whiskynsunshine,Dame Jana Seitzer,"MORBIUS Final Trailer and @IMAX Poster, experience it IMAX April 1 #MORBIUS @MorbiusMovie whiskynsunshine.com/morbius-…",https://nitter.net/whiskynsunshine/status/1503878689183965193#m,"MORBIUS Final Trailer and @IMAX Poster, experience it IMAX April 1 #MORBIUS @MorbiusMovie whiskynsunshine.com/morbius-…",0
Morbius trailer,15 Mar 2022,@thewoopgod,rach🏳️‍⚧️,"so keep seeing this trailer for marvels ""morbius"" and have thoughts. who is morbius? I have never heard of him before. why have I seen no news on this film at all and it comes out in 2 weeks? the mcu has nothing now. they did everything",https://nitter.net/thewoopgod/status/1503871085296734210#m,"so keep seeing this trailer for marvels ""morbius"" and have thoughts. who is morbius? I have never heard of him before. why have I seen no news on this film at all and it comes out in 2 weeks? the mcu has nothing now. they did everything",1
Morbius trailer,15 Mar 2022,@MarkWil41449149,The Algo Riddim Killa🎼🔊🪩🏴󠁧󠁢󠁥󠁮󠁧󠁿,"Morbius - Official Trailer 2 (2022) Jared Leto, Michael Keaton, Matt Smith piped.video/G_lZnQPVrcg via @YouTube I cant wait for this banger!",https://nitter.net/MarkWil41449149/status/1503847024394919941#m,"Morbius - Official Trailer 2 (2022) Jared Leto, Michael Keaton, Matt Smith piped.video/G_lZnQPVrcg via @YouTube I cant wait for this banger!",0
Morbius trailer,15 Mar 2022,@BigToneant,Big Tone #MorbiusSweep,Showed the #Morbius trailer to a greek coworker and she almost broke into tears. She always asked about MCU stuff to show to her daughter and now she has one. This is what it’s all about. Y’all can stay mad. It’s bigger than you #FckYourFandom,https://nitter.net/BigToneant/status/1503846223119224833#m,Showed the #Morbius trailer to a greek coworker and she almost broke into tears. She always asked about MCU stuff to show to her daughter and now she has one. This is what it’s all about. Y’all can stay mad. It’s bigger than you #FckYourFandom,0
Morbius trailer,15 Mar 2022,@yoslolz,y.o,I keep seeing that morbius trailer. I’m kinda thinking I should give it a chance & go watch it even though I’m like 90% sure I won’t like it .,https://nitter.net/yoslolz/status/1503845738824048640#m,I keep seeing that morbius trailer. I’m kinda thinking I should give it a chance & go watch it even though I’m like 90% sure I won’t like it .,1
Morbius trailer,15 Mar 2022,@Roman_Reckless,gerard guey,Thors coming out in July and we still haven’t gotten a trailer for it?! Either morbius or doctor strange are about to drop some heavy shit we can’t even see yet! I can’t wait,https://nitter.net/Roman_Reckless/status/1503832846187700224#m,Thors coming out in July and we still haven’t gotten a trailer for it?! Either morbius or doctor strange are about to drop some heavy shit we can’t even see yet! I can’t wait,1
Morbius trailer,15 Mar 2022,@TheNews_Lab,🔔THE NEWS LAB🔔 - 😈REGRESO A HELL´S KITCHEN 😈,MÁS PUNTOS🚨 #OFICIAL Tenemos nuevo trailer sensualon de #Morbius #MarvelRP #SonyPictures #Marvel #Sony #SpiderMan #FelizMartesATodos,https://nitter.net/TheNews_Lab/status/1503828409327263744#m,MORE POINTS🚨 #OFFICIAL We have a new sensual trailer for #Morbius #MarvelRP #SonyPictures #Marvel #Sony #SpiderMan #HappyTuesdayEveryone,0
Morbius trailer,15 Mar 2022,@bat0utofh3ll,• willow • follow me on @_sofiagigante,every single time i go on tiktok i get a trailer for morbius,https://nitter.net/bat0utofh3ll/status/1503825727367622657#m,every single time i go on tiktok i get a trailer for morbius,0
Morbius trailer,15 Mar 2022,@GeeklyGoods,Leo Rydel,Me seeing the #Morbius trailer before X last night,https://nitter.net/GeeklyGoods/status/1503824620801048577#m,Me seeing the #Morbius trailer before X last night,0
Morbius trailer,15 Mar 2022,@CaptainKaye42,Mike Kaye,"What if we're just not ready for a trailer yet? Lately Marvel's been keeping their stuff relatively close to the chest, so they might be waiting until, like Morbius to drop something.",https://nitter.net/CaptainKaye42/status/1503821307938578443#m,"What if we're just not ready for a trailer yet? Lately Marvel's been keeping their stuff relatively close to the chest, so they might be waiting until, like Morbius to drop something.",1
Morbius trailer,15 Mar 2022,@Thiag0Almeida,Thiago Almeida 💉🐊🇧🇷,"Assisti ao trailer final de Morbius. Sinceramente não sei se vai dar muito certo, mas tem vídeo novo no canal! piped.video/watch?v=DUscgCBF…",https://nitter.net/Thiag0Almeida/status/1503815812070715396#m,"I watched the final trailer for Morbius. I honestly don't know if it's going to work out very well, but there's a new video on the channel! piped.video/watch?v=DUscgCBF…",0
Morbius trailer,15 Mar 2022,@UHDSpain,Ultra Alta Definición España,"Morbius se estrena en cines el próximo 1 de abril pero ya podemos ver anunciado el lanzamiento 4K Ultra HD en otros países, a España debe llegar en agosto. Os dejo el tráiler ⤵️ piped.video/mCNhWmD3VtE",https://nitter.net/UHDSpain/status/1503815650610921476#m,"Morbius opens in theaters on April 1 but we can already see the 4K Ultra HD launch announced in other countries, it should arrive in Spain in August. I leave you the trailer ⤵️ piped.video/mCNhWmD3VtE",0
Morbius trailer,15 Mar 2022,@mochipopnetwork,MOCHiPOP,"# # # # # # # #Pachinko Series’- Release date, trailer, cast, plot, and latest news”‘Pachinko’ is a new worldwide drama that is told in three different languages: Korean, Japanese, and English.Pachinko mochipop.net/morbius-release…",https://nitter.net/mochipopnetwork/status/1503782198176010241#m,"# # # # # # # #Pachinko Series’- Release date, trailer, cast, plot, and latest news”‘Pachinko’ is a new worldwide drama that is told in three different languages: Korean, Japanese, and English.Pachinko mochipop.net/morbius-release…",0
Morbius trailer,15 Mar 2022,@humn_sadnezz,rita,Trailer de Morbius 🤢,https://nitter.net/humn_sadnezz/status/1503778766224568320#m,Morbius trailer 🤢,0
Morbius trailer,15 Mar 2022,@anja_witt,Midgardsnake🐉#buntstattbraun,@StrangePenny hast du die Morbius Trailer gesehen? Jared Leto ist witzig! Der hat GAGS!!!! 😳😜,https://nitter.net/anja_witt/status/1503752602177130502#m,@StrangePenny have you seen the Morbius trailers? Jared Leto is funny! He has GAGS!!!! 😳😜,0
Morbius trailer,15 Mar 2022,@LokiBaggins,camthalion ☾ wants to be a hobbit,"E comunque no, il primo aprile esce Morbius e non avrebbe senso mettere il trailer di thor in quei giorni",https://nitter.net/LokiBaggins/status/1503740304872120326#m,"And anyway no, Morbius comes out on April 1st and it wouldn't make sense to put the Thor trailer on those days",0
Morbius trailer,15 Mar 2022,@mjcs4nt0s,M̵̻͍̘̈́̽̔J̴͙͔̺̐̐ 𓁿,"The more I see the Morbius trailer,the more I associate it with Ardyn. Both healers wanting to cure the world's illnesses but ends up as a villain to many.",https://nitter.net/mjcs4nt0s/status/1503737814650916870#m,"The more I see the Morbius trailer,the more I associate it with Ardyn. Both healers wanting to cure the world's illnesses but ends up as a villain to many.",1
Morbius trailer,15 Mar 2022,@The_Geeky_News,Geeky.News,"MORBIUS Transformation Trailer Starring Jared Leto geeky.news/morbius-transform… Sony Pictures released a short teaser trailer titled ""Transformation"" starring Jared Leto discussing the role of MORBIUS. A new film based on the Marvel C...",https://nitter.net/The_Geeky_News/status/1503713169969143814#m,"MORBIUS Transformation Trailer Starring Jared Leto geeky.news/morbius-transform… Sony Pictures released a short teaser trailer titled ""Transformation"" starring Jared Leto discussing the role of MORBIUS. A new film based on the Marvel C...",1
Morbius trailer,15 Mar 2022,@GeekyGadgets,Geeky Gadgets,MORBIUS transformation teaser trailer starring Jared Leto dlvr.it/SLkLf1,https://nitter.net/GeekyGadgets/status/1503711402455801856#m,MORBIUS transformation teaser trailer starring Jared Leto dlvr.it/SLkLf1,0
Morbius trailer,15 Mar 2022,@Xenofluf,Chisa(cheesa)_Xenoblade Eternal Promare,"J'y connais pas grand chose en marvel mais pourquoi dans les trailer que j'ai vu Morbius ça a l'air d'être batman mais enfaite c'est pas un mec pété de thune ,c'est vraiment un gars avec des pouvoirs de chauve souris",https://nitter.net/Xenofluf/status/1503653673813094402#m,"I don't know much about Marvel but why in the trailers that I saw Morbius he seems to be Batman but in fact he's not a guy with loads of money, he's really a guy with bat powers",0
Morbius trailer,15 Mar 2022,@Realdealdude2,Tony 💎,"I genuinely forgot Morbius is still coming out, granted I’ve seen the same trailer for it the last three times I’ve been to the movies.",https://nitter.net/Realdealdude2/status/1503580609658163205#m,"I genuinely forgot Morbius is still coming out, granted I’ve seen the same trailer for it the last three times I’ve been to the movies.",1
Morbius trailer,15 Mar 2022,@Nerdtropolis,Nerdtropolis,"#Morbius, the #SpiderMan spinoff starring #JaredLeto, is finally coming to theaters on April 1st. nerd-tropolis.com/morbius-fi…",https://nitter.net/Nerdtropolis/status/1503570615357382663#m,"#Morbius, the #SpiderMan spinoff starring #JaredLeto, is finally coming to theaters on April 1st. nerd-tropolis.com/morbius-fi…",0
Morbius trailer,15 Mar 2022,@mixaliskrat,Mixalis Kratimenos,superheronews.gr/2022/02/fin…,https://nitter.net/mixaliskrat/status/1503547025983299584#m,superheronews.gr/2022/02/fin…,0
Morbius trailer,15 Mar 2022,@ethanslusher11,three dots and some ass,The “funny” part of the morbius trailer makes me cringe more than the rest of it and that’s impressive,https://nitter.net/ethanslusher11/status/1503537958539960326#m,The “funny” part of the morbius trailer makes me cringe more than the rest of it and that’s impressive,1
Morbius trailer,15 Mar 2022,@LRTendencias,Entretenimiento La República,"🤔 ¿#Spiderman estará en “#Morbius”? Jared Leto emociona a fans del UCM 😲 Un primer tráiler de “Morbius” dejó diversas conexiones con la saga de Spiderman de Tom Holland, por lo cual muchos creen que serían easter eggs a un potencial cameo. larepublica.pe/cine-series/2…",https://nitter.net/LRTendencias/status/1503529427954712576#m,"🤔 Will #Spiderman be in “#Morbius”? Jared Leto excites UCM fans 😲 A first trailer for “Morbius” left various connections with Tom Holland's Spiderman saga, which is why many believe they would be easter eggs for a potential cameo. larepublica.pe/cine-series/2…",0
Morbius trailer,15 Mar 2022,@Rolando_JGS,RJ,"When I first heard that they were gonna make a Morbius film I thought it was a really bad idea, but after seeing the 2nd trailer, I actually think it has the potential to be good, so I am kind of excited to see it. Jared Leto is a pretty good actor, his Joker is terrible though.",https://nitter.net/Rolando_JGS/status/1503528240886951936#m,"When I first heard that they were gonna make a Morbius film I thought it was a really bad idea, but after seeing the 2nd trailer, I actually think it has the potential to be good, so I am kind of excited to see it. Jared Leto is a pretty good actor, his Joker is terrible though.",1
Morbius trailer,16 Mar 2022,@GhoseCharles,Charles Ghose,Morbius Movie Trailer 2022 Version 3 piped.video/DTtBPuYluKk via @YouTube #Morbius #MorbiusMovie #MorbiusTrailer #MovieTrailers2022 #MarvelMovie,https://nitter.net/GhoseCharles/status/1504232289206689793#m,Morbius Movie Trailer 2022 Version 3 piped.video/DTtBPuYluKk via @YouTube #Morbius #MorbiusMovie #MorbiusTrailer #MovieTrailers2022 #MarvelMovie,0
Morbius trailer,16 Mar 2022,@PhaseZeroCB,Phase Zero - MCU,"New MCU news episode, available now! -#MsMarvel trailer breakdown -First #MoonKnight reactions -#Morbius exists -Daniel Radcliffe's #Wolverine -Nicolas Cage's #GhostRider -#Defenders on Disney+ -More, more, more! Apple: apple.co/3MXi0ry Spotify: spoti.fi/3iftatG",https://nitter.net/PhaseZeroCB/status/1504217743494635522#m,"New MCU news episode, available now! -#MsMarvel trailer breakdown -First #MoonKnight reactions -#Morbius exists -Daniel Radcliffe's #Wolverine -Nicolas Cage's #GhostRider -#Defenders on Disney+ -More, more, more! Apple: apple.co/3MXi0ry Spotify: spoti.fi/3iftatG",0
Morbius trailer,16 Mar 2022,@T0xicFr0st,Nιɠԋƚɱåɾҽ™,"Their movies do NOTHING for me. 1st Venom was meh, I heard the 2nd one was meh also. Kraven getting a film is wtf, Morbius trailer looks good, but no thank you... and now this. All I wanted was Black Cat/Felicia in MCU. If my girl Sydney is playing her in this I'm gonna cry lmao",https://nitter.net/T0xicFr0st/status/1504217380376875008#m,"Their movies do NOTHING for me. 1st Venom was meh, I heard the 2nd one was meh also. Kraven getting a film is wtf, Morbius trailer looks good, but no thank you... and now this. All I wanted was Black Cat/Felicia in MCU. If my girl Sydney is playing her in this I'm gonna cry lmao",1
Morbius trailer,16 Mar 2022,@faceless_maggot,🍈 Jayke 🍈,People Are Strange is used in the new morbius trailer and i like to think it's a homage to lost boys 😌,https://nitter.net/faceless_maggot/status/1504205176462266369#m,People Are Strange is used in the new morbius trailer and i like to think it's a homage to lost boys 😌,0
Morbius trailer,16 Mar 2022,@ADemonsVoice,A Demon's Voice,Can’t wait for the #Morbius movie to be released. It looks proper shit but at least I won’t have to watch its awful trailer before other films at the cinema anymore.,https://nitter.net/ADemonsVoice/status/1504193202450018314#m,Can’t wait for the #Morbius movie to be released. It looks proper shit but at least I won’t have to watch its awful trailer before other films at the cinema anymore.,1
Morbius trailer,16 Mar 2022,@TheKingParker3,TheKingParker,"Yo con Morbius confiaba en el primer trailer, pero con tantos retrasos... me huele raro de cojones, y me duele decir eso. Pq Morbius como tal es un personaje q mola, y q con Blade tambien podría dar juego.",https://nitter.net/TheKingParker3/status/1504170244222464007#m,"With Morbius I trusted the first trailer, but with so many delays... it smells weird as hell, and it hurts me to say that. Because Morbius as such is a cool character, and he could also play with Blade.",0
Morbius trailer,16 Mar 2022,@KaduDudu28,Kadudu🏴,"Esses filmes da sony não me empolgam nem um pouco, vivem muito do UCM para dar bilheteria, Venom 1 e 2, o trailer de morbius que aparece o abutre e um pichação do spider-man, mas nunca são filmes incriveis, apenas proximo do bom e não é nem todo mundo que gosta.",https://nitter.net/KaduDudu28/status/1504168483608801285#m,"These Sony films don't excite me at all, they rely heavily on the MCU for box office sales, Venom 1 and 2, the trailer for Morbius where the vulture appears and a graffiti of Spider-Man, but they are never incredible films, just close to good and not everyone likes them.",0
Morbius trailer,16 Mar 2022,@AmazingElena30,Elena Campos,"Morbius a mí desde el tráiler me dio una impresión genérica con la que no conecté, más allá de que otra vez era una película de un antihéroe. Compro con Venom porque lo es pero pinta que todos van a tirar por ahí. Eso sumado que no sabe a dónde quiere pertenecer",https://nitter.net/AmazingElena30/status/1504164108408664071#m,"From the trailer, Morbius gave me a generic impression that I didn't connect with, beyond the fact that it was once again a film about an antihero. I buy with Venom because it is but it seems like everyone is going to throw it out there. That added to the fact that he doesn't know where he wants to belong.",0
Morbius trailer,16 Mar 2022,@TheKingParker3,TheKingParker,"Yo Morbius cuando salió el trailer me moló, pq pensaba q hay un plan. Pero con tantos retrasos creonq este proyecto con el nuevo acuerdo q dicen q tiene Sony y Marvel creo q no le tienen fe. Aunq me molaria ver Morbius y Blade.",https://nitter.net/TheKingParker3/status/1504163200136323076#m,"When the trailer came out, Morbius was cool to me, because I thought there was a plan. But with so many delays, I think this project with the new agreement that they say Sony and Marvel have, I think they don't have faith in it. Although I would love to see Morbius and Blade.",0
Morbius trailer,16 Mar 2022,@JonBenedetto,Teenis Elagabalus,I don’t know if I’ve ever seen someone more disgusted than Kristen watching the morbius trailer.,https://nitter.net/JonBenedetto/status/1504154582120747012#m,I don’t know if I’ve ever seen someone more disgusted than Kristen watching the morbius trailer.,1
Morbius trailer,16 Mar 2022,@MTPEKA,MISTER PEKA,Moonknight mais en voyant le trailer de Morbius ça a l'air intéressant et ça peu vraiment être bien,https://nitter.net/MTPEKA/status/1504144773308944384#m,Moonknight but seeing the Morbius trailer it looks interesting and it could really be good,1
Morbius trailer,16 Mar 2022,@nerdsfamily,TheNerdsfamily,Morbius: il final trailer thenerdsfamily.com/2022/03/1…,https://nitter.net/nerdsfamily/status/1504118169392275456#m,Morbius: il final trailer thenerdsfamily.com/2022/03/1…,0
Morbius trailer,16 Mar 2022,@eddardkrak,Bec,"Morbius comes out shortly, moonlight on Disney +, ms.marvel trailer just dropped, then the holy grail dr strange 2 in may. That one may be better than sex (sometimes) tbh",https://nitter.net/eddardkrak/status/1504114964914753544#m,"Morbius comes out shortly, moonlight on Disney +, ms.marvel trailer just dropped, then the holy grail dr strange 2 in may. That one may be better than sex (sometimes) tbh",0
Morbius trailer,16 Mar 2022,@JaMonkey,Meghan Cooper,MORBIUS Final Trailer and IMAX Poster via @whiskynsunshine whiskynsunshine.com/morbius-…,https://nitter.net/JaMonkey/status/1504091118883033089#m,MORBIUS Final Trailer and IMAX Poster via @whiskynsunshine whiskynsunshine.com/morbius-…,0
Morbius trailer,16 Mar 2022,@TheDGrimmett,David Grimmett,I once again had to see the Morbius trailer,https://nitter.net/TheDGrimmett/status/1504085733413462026#m,I once again had to see the Morbius trailer,1
Morbius trailer,16 Mar 2022,@DonELichterman,Sunset,MORBIUS Trailer 2 Teaser (2022) media.sunset-tv.com/morbius-…,https://nitter.net/DonELichterman/status/1504082011157405704#m,MORBIUS Trailer 2 Teaser (2022) media.sunset-tv.com/morbius-…,0
Morbius trailer,16 Mar 2022,@el7arte,El Séptimo Arte,"Un día antes, el miércoles, los que pasarán por Madrid serán Jared Leto y Daniel Espinosa, en este caso para promocionar 'Morbius' elseptimoarte.net/noticias/a…",https://nitter.net/el7arte/status/1504046378829459458#m,"One day before, on Wednesday, those who will pass through Madrid will be Jared Leto and Daniel Espinosa, in this case to promote 'Morbius' elseptimoarte.net/noticias/a…",0
Morbius trailer,16 Mar 2022,@FoufouHong,Hong Kong Foufou,Moonknight vu que le dernier trailer de morbius te montre a peu près toute l'histoire,https://nitter.net/FoufouHong/status/1504006656987914240#m,Moonknight since the latest Morbius trailer shows you pretty much the whole story,0
Morbius trailer,16 Mar 2022,@acidbathclown,sid,i haven’t seen a single morbius trailer and know pretty much nothing about it so goin to see the movie is gonna be a real adventure,https://nitter.net/acidbathclown/status/1503993708534022145#m,i haven’t seen a single morbius trailer and know pretty much nothing about it so goin to see the movie is gonna be a real adventure,1
Morbius trailer,16 Mar 2022,@AveryLarsen00,🏳️‍⚧️Avery Larsen🏳️‍⚧️,"Dying at this morbius trailer that I keep getting thats like “fun facts about Morbius, hes a marvel character!”",https://nitter.net/AveryLarsen00/status/1503977676104687618#m,"Dying at this morbius trailer that I keep getting thats like “fun facts about Morbius, hes a marvel character!”",0
Morbius trailer,17 Mar 2022,@,,This has nothing to do with this tweet(kinda) but like Morbius is gonna flop. -releases 2 days after moon knight -sonic 2 releases the same weekend as morbius in UK and a week after in North America -supposedly no Spider-Man and the spidey spray from the trailer was removed 1/?,https://nitter.net/i/status/1504601892491509761#m,This has nothing to do with this tweet(kinda) but like Morbius is gonna flop. -releases 2 days after moon knight -sonic 2 releases the same weekend as morbius in UK and a week after in North America -supposedly no Spider-Man and the spidey spray from the trailer was removed 1/?,0
Morbius trailer,17 Mar 2022,@Nomad9223,Nomad9223,Yeah plus morbius and the cops chasing morbius reference venom multiple times in the trailer. Venom doesn’t exist in the mcu yet so it doesn’t make sense that people are referring someone that doesn’t exist.,https://nitter.net/Nomad9223/status/1504600643922808833#m,Yeah plus morbius and the cops chasing morbius reference venom multiple times in the trailer. Venom doesn’t exist in the mcu yet so it doesn’t make sense that people are referring someone that doesn’t exist.,0
Morbius trailer,17 Mar 2022,@,,Morbius trailer 😔,https://nitter.net/i/status/1504599460109856770#m,Morbius trailer 😔,0
Morbius trailer,17 Mar 2022,@newpaper24,Newpaper24,MORBIUS Final Trailer (2022) Teaser-Newpaper24.com newpaper24.com/morbius-final…,https://nitter.net/newpaper24/status/1504573487041720325#m,MORBIUS Final Trailer (2022) Teaser-Newpaper24.com newpaper24.com/morbius-final…,0
Morbius trailer,17 Mar 2022,@,,"Esse trailer do filme do Morbius tá putaria , ancioso pra ver",https://nitter.net/i/status/1504568924758843392#m,"This trailer for the Morbius movie is awesome, I can't wait to see it",0
Morbius trailer,17 Mar 2022,@,,le trailer de morbius je-,https://nitter.net/i/status/1504556168252907523#m,the morbius trailer i-,1
Morbius trailer,17 Mar 2022,@txwift,kenedy,o matt smith no trailer de morbius tao gostoso,https://nitter.net/txwift/status/1504550103004110848#m,Matt Smith in the Morbius trailer is so hot,0
Morbius trailer,17 Mar 2022,@,,Aller les coco !!!!! un live spécial Trailers qui fait plaisir !! #trailer #ObiWan #Kenobi #DeepWater #morbius #sonic2 #FantasticBeasts #BulletTrain #DragonBallSuperSuperHero,https://nitter.net/i/status/1504544853216186368#m,Go commies!!!!! a special trailer live which is fun!! #trailer #ObiWan #Kenobi #DeepWater #morbius #sonic2 #FantasticBeasts #BulletTrain #DragonBallSuperSuperHero,0
Morbius trailer,17 Mar 2022,@Fleek_Mag,Fleek Mag,JARED LETO y TOM HOLLAND podrían cruzar universos en MORBIUS 🤯 bit.ly/35SAAAA,https://nitter.net/Fleek_Mag/status/1504540572719083545#m,JARED LETO and TOM HOLLAND could cross universes in MORBIUS 🤯 bit.ly/35SAAAA,0
Morbius trailer,17 Mar 2022,@,,"Avec son trailer, Morbius (le nouveau Marvel) à juste l'air super dark et edgy (renforcé par une VF pas ouf dans le trailer) mais bon il y a Matt Smith donc le fanboy de Doctor Who que je suis est obligé d'aller voir ce film. :'(",https://nitter.net/i/status/1504513053932544008#m,"With its trailer, Morbius (the new Marvel) just looks super dark and edgy (reinforced by a not great VF in the trailer) but hey there is Matt Smith so the Doctor Who fanboy that I am is obliged to go see this film. :'(",0
Morbius trailer,17 Mar 2022,@CnelandPantelis,Cineland Pantelis,«MORBIUS» Σε 2 εβδομάδες! Λεπτομέρειες: ow.ly/80x930seh0u Trailer: piped.video/lzYLsdKZMcA #Morbius #CinelandPantelis,https://nitter.net/CnelandPantelis/status/1504510373772378114#m,«MORBIUS» Σε 2 εβδομάδες! Λεπτομέρειες: ow.ly/80x930seh0u Trailer: piped.video/lzYLsdKZMcA #Morbius #CinelandPantelis,0
Morbius trailer,17 Mar 2022,@,,Ew. I didn't pay for #TomHardy in #Venom 2 and I'm on the fence about #Morbius. So it's an ambitious ask to use #SydneySweeney AND #DakotaJohnson as bait to trap viewers in a #MadameWeb. Yeah: ew. I'm 100% out. Skip the trailer. Zero #Euphoria with this dumb news. #SpiderMan,https://nitter.net/i/status/1504510052522250247#m,Ew. I didn't pay for #TomHardy in #Venom 2 and I'm on the fence about #Morbius. So it's an ambitious ask to use #SydneySweeney AND #DakotaJohnson as bait to trap viewers in a #MadameWeb. Yeah: ew. I'm 100% out. Skip the trailer. Zero #Euphoria with this dumb news. #SpiderMan,0
Morbius trailer,17 Mar 2022,@3Clif_,3,I bet not see one more Morbius trailer,https://nitter.net/3Clif_/status/1504497988693106692#m,I bet not see one more Morbius trailer,0
Morbius trailer,17 Mar 2022,@DarthConflictus,🇬🇧 RIZE | Conflictus 🍉,I was thinking of that album yesterday when I saw the Morbius trailer,https://nitter.net/DarthConflictus/status/1504488908368883715#m,I was thinking of that album yesterday when I saw the Morbius trailer,0
Morbius trailer,17 Mar 2022,@,,"I am not gonna lie: I am kinda sad and little bit dissappointed with those tv spots, as most of them showed no new Facial shots of Morbius's face and keeps spamming the past trailer shots. But I Hope that works+ makes me Fully Satisfied with Lots of Morbius Juice in the movie",https://nitter.net/i/status/1504486215084818434#m,"I am not gonna lie: I am kinda sad and little bit dissappointed with those tv spots, as most of them showed no new Facial shots of Morbius's face and keeps spamming the past trailer shots. But I Hope that works+ makes me Fully Satisfied with Lots of Morbius Juice in the movie",1
Morbius trailer,17 Mar 2022,@stoolive,Erik Totedapolestra 🔥,Watch the movie again… before it starts “based on the Marvel comics” even Morbius trailer starts with “A marvel legend” lol,https://nitter.net/stoolive/status/1504478424739459079#m,Watch the movie again… before it starts “based on the Marvel comics” even Morbius trailer starts with “A marvel legend” lol,1
Morbius trailer,17 Mar 2022,@JohnKri64,John Kri,The trailer of Morbius looks nice for me personally,https://nitter.net/JohnKri64/status/1504449161764405250#m,The trailer of Morbius looks nice for me personally,1
Morbius trailer,17 Mar 2022,@,,"Okay, but the Morbius trailer is absolute 🔥🔥🔥",https://nitter.net/i/status/1504438324706131972#m,"Okay, but the Morbius trailer is absolute 🔥🔥🔥",1
Morbius trailer,17 Mar 2022,@TheNews_Lab,🔔THE NEWS LAB🔔 - 😈REGRESO A HELL´S KITCHEN 😈,"DONDE ESTA EL HOMBRE ARAÑA⁉️ Según el insider @MyTimeToShineH , #SpiderMan no está en #Morbius 🔸Esto concuerda con varios rumores del pasado, en el que dicen que fue removido de la película, junto con la escena del mural vista en el tráiler. #MarvelStudios #SonyPictures",https://nitter.net/TheNews_Lab/status/1504434604832395267#m,"WHERE IS SPIDER-MAN? ️ According to insider @MyTimeToShineH, #SpiderMan is not in #Morbius 🔸This agrees with several rumors from the past, in which they say that he was removed from the film, along with the mural scene seen in the trailer. #MarvelStudios #SonyPictures",0
Morbius trailer,17 Mar 2022,@,,Morbius Final Trailer Unleashes Jared Leto’s Vampire Antihero | CultCrunch.com CultCrunch.com/entertainment…,https://nitter.net/i/status/1504389455456710656#m,Morbius Final Trailer Unleashes Jared Leto’s Vampire Antihero | CultCrunch.com CultCrunch.com/entertainment…,0
Morbius trailer,17 Mar 2022,@KewlRald,Crazy Ol' Naked Wizard🪄⚡️💖💛💙,What if... The spiderman shown in the Morbius trailer is actually a dead Peter Parker And the Spider-man in that universe Is actually Miles Morales.... #WhatIf,https://nitter.net/KewlRald/status/1504380839173533697#m,What if... The spiderman shown in the Morbius trailer is actually a dead Peter Parker And the Spider-man in that universe Is actually Miles Morales.... #WhatIf,0
Morbius trailer,17 Mar 2022,@Ash71Pietro,Pietro Ferraro,"#Morbius: nuovo spot tv in italiano, poster internazionale e tutte le anticipazioni sul film con Jared Leto cineblog.it/post/morbius-fil…",https://nitter.net/Ash71Pietro/status/1504371823781322755#m,"#Morbius: new TV spot in Italian, international poster and all the previews on the film with Jared Leto cineblog.it/post/morbius-fil…",0
Morbius trailer,17 Mar 2022,@crazilsiul,Crazilsiul,Me ví el tráiler de morbius. Bastante ok. Espero que mínimamente sea mejor que las basuras de películas que sacaron de Venom.,https://nitter.net/crazilsiul/status/1504371073000869891#m,I watched the Morbius trailer. Pretty ok. I hope it's at least better than the garbage movies they released from Venom.,0
Morbius trailer,17 Mar 2022,@channeldownload,*CHANNEL FULL MOVIE (NEW 2020)*,THE BATMAN Final Trailer 2022 Concept New Matt Reeves Movie Robert P... piped.video/ZSIIPP1ckqM via @YouTube watch or download klik here Morbius - Full Movie 1080p tinyurl.com/28xrd6f7 The BATMAN - Full Movie 1080p tinyurl.com/366ph34e,https://nitter.net/channeldownload/status/1504368711322329088#m,THE BATMAN Final Trailer 2022 Concept New Matt Reeves Movie Robert P... piped.video/ZSIIPP1ckqM via @YouTube watch or download klik here Morbius - Full Movie 1080p tinyurl.com/28xrd6f7 The BATMAN - Full Movie 1080p tinyurl.com/366ph34e,0
Morbius trailer,17 Mar 2022,@retourirl_,mahie,in the morbius trailer!,https://nitter.net/retourirl_/status/1504345788813561858#m,in the morbius trailer!,1
Morbius trailer,17 Mar 2022,@cusrise_,cus,Bro stop showing this annoying ass morbius trailer omg,https://nitter.net/cusrise_/status/1504309896661061633#m,Bro stop showing this annoying ass morbius trailer omg,0
Morbius trailer,17 Mar 2022,@supermangeek101,Josh 💛 #Michael & #Supergirl #BlackLivesMatter,I hope the Thor: Love And Thunder trailer is next week so it can play in front of Morbius!,https://nitter.net/supermangeek101/status/1504295088427524099#m,I hope the Thor: Love And Thunder trailer is next week so it can play in front of Morbius!,0
Morbius trailer,17 Mar 2022,@heendoo0,Cam,I mean it’s all connected in the Sony Marvel universe so I’m hoping she’s black cat. I think she fit Felicia well. Maybe it’ll be something connected to OSCORP that was seen in the Morbius trailer?,https://nitter.net/heendoo0/status/1504285325635596290#m,I mean it’s all connected in the Sony Marvel universe so I’m hoping she’s black cat. I think she fit Felicia well. Maybe it’ll be something connected to OSCORP that was seen in the Morbius trailer?,1
Morbius trailer,17 Mar 2022,@CodyFandom_,Commander Cody HATES fascists,#Morbius tickets secured!! Ever since the trailer dropped I've been excited for this film.,https://nitter.net/CodyFandom_/status/1504268202188185605#m,#Morbius tickets secured!! Ever since the trailer dropped I've been excited for this film.,1
Morbius trailer,17 Mar 2022,@GhoseCharles,Charles Ghose,MORBIUS Movie Trailer 2022 Version 4 piped.video/SqaoXeMAng0 via @YouTube #Morbius #MorbiusMovie #MorbiusTrailer #MovieTrailers2022 #MarvelMovie,https://nitter.net/GhoseCharles/status/1504258070762987523#m,MORBIUS Movie Trailer 2022 Version 4 piped.video/SqaoXeMAng0 via @YouTube #Morbius #MorbiusMovie #MorbiusTrailer #MovieTrailers2022 #MarvelMovie,0
Morbius trailer,18 Mar 2022,@hey_its_simba,Ben,I’m over seeing the fucking Morbius trailer for every god damn movie in the theaters. It’s been months..,https://nitter.net/hey_its_simba/status/1504962238867718146#m,I’m over seeing the fucking Morbius trailer for every god damn movie in the theaters. It’s been months..,1
Morbius trailer,18 Mar 2022,@_gahbe_,GABE,"Movies come and go but the Morbius trailer is forever, apparently.",https://nitter.net/_gahbe_/status/1504957543243653120#m,"Movies come and go but the Morbius trailer is forever, apparently.",1
Morbius trailer,18 Mar 2022,@MultiplexCines,Multiplex Cines,🧛🏼MORBIUS🧛🏼 👉🏻 Asegura tu lugar en nuestra web cinesmultiplex.com.ar y boleterías 🎬 Estreno 31 de Marzo 📽️ Tráiler en nuestro canal de YouTube piped.video/watch?v=tjnGzLoh… #multiplex #multiplextucine #lacadenaargentinadecines #morbius #morbiusmovie,https://nitter.net/MultiplexCines/status/1504955899160371203#m,🧛🏼MORBIUS🧛🏼 👉🏻 Secure your place on our website cinesmultiplex.com.ar and ticket offices 🎬 Premiere March 31 📽️ Trailer on our YouTube channel piped.video/watch?v=tjnGzLoh… #multiplex #multiplextucine #lacadenaargentinadecines #morbius #morbiusmovie,0
Morbius trailer,18 Mar 2022,@beforesophie,anita coldbeer,making me and julia see the morbius trailer before batman actually violates the geneva convention,https://nitter.net/beforesophie/status/1504906441437716487#m,making me and julia see the morbius trailer before batman actually violates the geneva convention,1
Morbius trailer,18 Mar 2022,@tudopopbrasil,Tudo Pop 📌💎,Marvel: Veja o trailer de estréia de Morbius ift.tt/fB1K2vJ,https://nitter.net/tudopopbrasil/status/1504901129112588289#m,Marvel: Watch the debut trailer for Morbius ift.tt/fB1K2vJ,0
Morbius trailer,18 Mar 2022,@Ryan_Everaert,Play-Doh Masochist,"Look, does Morbius look awful? Yes. But is it's trailer at least good? No. Also, super idiotic that Morbius, a doctor and presumed smart person, claims he has some form of ""bat radar"". . . . bats don't have radar, champ.",https://nitter.net/Ryan_Everaert/status/1504896756009558023#m,"Look, does Morbius look awful? Yes. But is it's trailer at least good? No. Also, super idiotic that Morbius, a doctor and presumed smart person, claims he has some form of ""bat radar"". . . . bats don't have radar, champ.",0
Morbius trailer,18 Mar 2022,@TheMythTraveler,Will Rogers.,"It took walking past this poster to realize I didn’t use the right title in my last tweet. I’ve seen the trailer a thousand times, and I didn’t know the movie’s name. Maybe I just feel like I’m trapped in a loop. #Mobius #Morbius",https://nitter.net/TheMythTraveler/status/1504895144235048961#m,"It took walking past this poster to realize I didn’t use the right title in my last tweet. I’ve seen the trailer a thousand times, and I didn’t know the movie’s name. Maybe I just feel like I’m trapped in a loop. #Mobius #Morbius",1
Morbius trailer,18 Mar 2022,@ThankYouKeyzus,.,I just saw a commercial for Morbius (a film about a vampire called Michael with People Are Strange in the trailer) that included Jared Leto mentioning that he’s seen The Lost Boys,https://nitter.net/ThankYouKeyzus/status/1504890953357836289#m,I just saw a commercial for Morbius (a film about a vampire called Michael with People Are Strange in the trailer) that included Jared Leto mentioning that he’s seen The Lost Boys,1
Morbius trailer,18 Mar 2022,@FionaUnderhill,FE FI FO FILM!,I'm watching the Morbius trailer for the first time and it dares to use When You're Strange 😤,https://nitter.net/FionaUnderhill/status/1504884263706980352#m,I'm watching the Morbius trailer for the first time and it dares to use When You're Strange 😤,1
Morbius trailer,18 Mar 2022,@Samus_OW,Samus 🆗,Literally the only positive I can think about Morbius coming out is that they will finally stop playing the trailer before every fucking movie I see,https://nitter.net/Samus_OW/status/1504879534943911943#m,Literally the only positive I can think about Morbius coming out is that they will finally stop playing the trailer before every fucking movie I see,1
Morbius trailer,18 Mar 2022,@ronanoscar2,george 🇵🇸,2 more weeks and the morbius trailer is GONE,https://nitter.net/ronanoscar2/status/1504870695402147840#m,2 more weeks and the morbius trailer is GONE,0
Morbius trailer,18 Mar 2022,@Phil_Mcde,Maud’dib,The Morbius Trailer that was playing in my theater still said it was coming out in January,https://nitter.net/Phil_Mcde/status/1504855483919835137#m,The Morbius Trailer that was playing in my theater still said it was coming out in January,1
Morbius trailer,18 Mar 2022,@oneofusvfx,One of Us,"Directed by Daniel Espinosa, #Morbius counts over 200 #VFX shots crafted by our talented team of 66 VFX artists. The final trailer reveals some of our work, and in just two weeks - on April 1 - the film will be available to watch in cinemas worldwide. piped.video/watch?v=SQK-Qxxt…",https://nitter.net/oneofusvfx/status/1504847249196650504#m,"Directed by Daniel Espinosa, #Morbius counts over 200 #VFX shots crafted by our talented team of 66 VFX artists. The final trailer reveals some of our work, and in just two weeks - on April 1 - the film will be available to watch in cinemas worldwide. piped.video/watch?v=SQK-Qxxt…",1
Morbius trailer,18 Mar 2022,@TVNovelas,TV Novelas,Morbius enfim estreia nos cinemas dia 31 de março; confira o trailer tvnovelas.com.br/filmes/morb…,https://nitter.net/TVNovelas/status/1504846274855591936#m,Morbius finally opens in theaters on March 31st; check out the trailer tvnovelas.com.br/filmes/morb…,0
Morbius trailer,18 Mar 2022,@TVNovelas,TV Novelas,Morbius enfim estreia nos cinemas dia 31 de março; confira o trailer tvnovelas.com.br/filmes/morb…,https://nitter.net/TVNovelas/status/1504845446140899328#m,Morbius finally opens in theaters on March 31st; check out the trailer tvnovelas.com.br/filmes/morb…,0
Morbius trailer,18 Mar 2022,@thejasvalentine,Jasmine Valentine,I’ve seen the trailer for MORBIUS this year more than I’ve seen my own family,https://nitter.net/thejasvalentine/status/1504844657850728488#m,I’ve seen the trailer for MORBIUS this year more than I’ve seen my own family,1
Morbius trailer,18 Mar 2022,@redcarpetcrash,Red Carpet Crash,"Watch Final Trailer For ‘Morbius’ In Theaters Friday, April 1st redcarpetcrash.com/watch-tra…",https://nitter.net/redcarpetcrash/status/1504835266057412612#m,"Watch Final Trailer For ‘Morbius’ In Theaters Friday, April 1st redcarpetcrash.com/watch-tra…",0
Morbius trailer,18 Mar 2022,@kingctd,ctd / mike 🧀✵,Watch the trailer for morbius when u have time,https://nitter.net/kingctd/status/1504832002855477248#m,Watch the trailer for morbius when u have time,1
Morbius trailer,18 Mar 2022,@Aiqami,ً,havent heard of morbius but yeah i forgot about dr strange lmaooo the trailer looked so good,https://nitter.net/Aiqami/status/1504831782339989505#m,havent heard of morbius but yeah i forgot about dr strange lmaooo the trailer looked so good,1
Morbius trailer,18 Mar 2022,@MasterShokan,Em Track(Commissions Open),"When I saw no way home, there was one whole person who cheered during the trailer for Morbius, the rest of the theater was silent except for a few distinct “who the fuck is that?”",https://nitter.net/MasterShokan/status/1504826059182772229#m,"When I saw no way home, there was one whole person who cheered during the trailer for Morbius, the rest of the theater was silent except for a few distinct “who the fuck is that?”",1
Morbius trailer,18 Mar 2022,@bartonreviews,Josh Barton,"Dear @YouTube, if you're going to force me to watch adverts every 2-3 minutes, can it not be the #Morbius trailer every single time?",https://nitter.net/bartonreviews/status/1504818504909926400#m,"Dear @YouTube, if you're going to force me to watch adverts every 2-3 minutes, can it not be the #Morbius trailer every single time?",0
Morbius trailer,18 Mar 2022,@ThePlaylistNews,The Playlist,New #Morbius @Imax poster via @Fandango. Watch the trailer here: bit.ly/3N3JGLc,https://nitter.net/ThePlaylistNews/status/1504814928762490886#m,New #Morbius @Imax poster via @Fandango. Watch the trailer here: bit.ly/3N3JGLc,0
Morbius trailer,18 Mar 2022,@GailSimone,Gail Simone 💙💛,"Gail's Weird Opinion: I think MORBIUS looks pretty entertaining. I don't love Jared Leto for all the stated reasons, but Morbius is one of my favorite Marvel characters and the trailer looks like they really get him. Fight me. Looking forward to it.",https://nitter.net/GailSimone/status/1504801228735205386#m,"Gail's Weird Opinion: I think MORBIUS looks pretty entertaining. I don't love Jared Leto for all the stated reasons, but Morbius is one of my favorite Marvel characters and the trailer looks like they really get him. Fight me. Looking forward to it.",1
Morbius trailer,18 Mar 2022,@Aleciaaaaa_,Alecia,Can morbius be released already so I never have to see the trailer again,https://nitter.net/Aleciaaaaa_/status/1504798079458942994#m,Can morbius be released already so I never have to see the trailer again,1
Morbius trailer,18 Mar 2022,@addamsvelaryon,baelorpilled maekarcel ✨,"everyone under this tweet and every other about morbius saying it's a different universe: did y'all see the same trailer as me? where he walks by street art of spider-man with ""murderer"" sprayed over it? and can i interest you to the entire plot of NWH?",https://nitter.net/addamsvelaryon/status/1504796135743004676#m,"everyone under this tweet and every other about morbius saying it's a different universe: did y'all see the same trailer as me? where he walks by street art of spider-man with ""murderer"" sprayed over it? and can i interest you to the entire plot of NWH?",1
Morbius trailer,18 Mar 2022,@pyrkraos,Oscar- TS 🇵🇹🫶🇪🇦 ❤️‍🔥,"Aparentemente han borrado del corte final el graffiti de Spidey que salía en el tráiler, Keaton no es mencionado como Vulture, no están ni Andrew ni Tom y el nivel de calidad está con Venom pero algo ""más seria"". Paso de ir al cine. #Morbius 🫡🥱",https://nitter.net/pyrkraos/status/1504783467325894658#m,"Apparently they have erased the Spidey graffiti that appeared in the trailer from the final cut, Keaton is not mentioned as Vulture, neither Andrew nor Tom are there and the level of quality is with Venom but somewhat ""more serious."" Step from going to the movies. #Morbius 🫡🥱",0
Morbius trailer,18 Mar 2022,@cosmonauttasha,🌻𝙽𝚊𝚝𝚊𝚜𝚑𝚊🌻,Everytime I see a Morbius trailer I hate it even more,https://nitter.net/cosmonauttasha/status/1504766439617671182#m,Everytime I see a Morbius trailer I hate it even more,0
Morbius trailer,18 Mar 2022,@SonyMoviesSA,Sony Pictures SA 🇿🇦,"Who is Dr. Michael Morbius? A former award-winning biochemist here to save the world, or an immortal pseudo-vampire that wants to destroy it? Watch the trailer, then book your tickets to find out. Morbius is in cinemas on 1 April. Book your tickets now: buff.ly/3w24Qn8",https://nitter.net/SonyMoviesSA/status/1504758077521907753#m,"Who is Dr. Michael Morbius? A former award-winning biochemist here to save the world, or an immortal pseudo-vampire that wants to destroy it? Watch the trailer, then book your tickets to find out. Morbius is in cinemas on 1 April. Book your tickets now: buff.ly/3w24Qn8",0
Morbius trailer,18 Mar 2022,@cinenuevatribu,CineNuevaTribuna,VÍDEOS| 'MORBIUS' - YA DISPONIBLE EL TRÁILER FINAL| Exclusivamente en cines 1 de abril| Puedes verlo en: cinenuevatribuna.es/articulo… #Morbius #tráiler @sonypictures_es,https://nitter.net/cinenuevatribu/status/1504724535022481416#m,VIDEOS| 'MORBIUS' - THE FINAL TRAILER NOW AVAILABLE | Exclusively in theaters April 1| You can see it at: cinenuevatribuna.es/articulo… #Morbius #tráiler @sonypictures_es,0
Morbius trailer,18 Mar 2022,@VagueZone,Vague Zone Podcast,"Literally just saw a trailer and said to Emily, ""God, the Morbius movie is still coming out..."" then opened Twitter and yours was the first tweet to pop up",https://nitter.net/VagueZone/status/1504696034382864388#m,"Literally just saw a trailer and said to Emily, ""God, the Morbius movie is still coming out..."" then opened Twitter and yours was the first tweet to pop up",1
Morbius trailer,18 Mar 2022,@CarlPetroff,Carl,I can't escape the fucking Michael Morbius trailer!,https://nitter.net/CarlPetroff/status/1504687612040126467#m,I can't escape the fucking Michael Morbius trailer!,1
Morbius trailer,18 Mar 2022,@TopHatMcguliver,TopHatMcgulliver,But venom is mentioned in Morbius trailer. Doesn't that mean it exists in the garfield universe?,https://nitter.net/TopHatMcguliver/status/1504649568818016277#m,But venom is mentioned in Morbius trailer. Doesn't that mean it exists in the garfield universe?,1
Morbius trailer,18 Mar 2022,@aschnitt53,Andrew Schnittker,Very surprised I have yet to see the Morbius trailer during March Madness today. You'd think they'd want to hit this viewing window.,https://nitter.net/aschnitt53/status/1504637657636384768#m,Very surprised I have yet to see the Morbius trailer during March Madness today. You'd think they'd want to hit this viewing window.,0
Morbius trailer,18 Mar 2022,@rebekah_e_s,rebekah,When will I be free from the trailer for Morbius....,https://nitter.net/rebekah_e_s/status/1504635066131132418#m,When will I be free from the trailer for Morbius....,0
Morbius trailer,18 Mar 2022,@eviljesus123,_hazzaaa_,Black widow had four because they had to keep putting out new trailers every time they changed date. Morbius also had a Covid related trailer problems and marvel doesn’t advertise that it’s Sony however marvel/ Disney did help advertise no way home,https://nitter.net/eviljesus123/status/1504624613606756356#m,Black widow had four because they had to keep putting out new trailers every time they changed date. Morbius also had a Covid related trailer problems and marvel doesn’t advertise that it’s Sony however marvel/ Disney did help advertise no way home,0
Morbius trailer,18 Mar 2022,@Philandropossum,22nd Century Man,they apparently removed the spiderman grafiti seen in the trailer for Morbius and he doesn’t get mentioned at all? massive L guess I’m just watching Sonic 2,https://nitter.net/Philandropossum/status/1504624573190352908#m,they apparently removed the spiderman grafiti seen in the trailer for Morbius and he doesn’t get mentioned at all? massive L guess I’m just watching Sonic 2,0
Morbius trailer,18 Mar 2022,@SeaBusChan19,Seb 🍥,"They do 3 trailers except spiderman NWH. Black widow, Eternals, Morbius have teaser trailer, official trailer and final trailer.",https://nitter.net/SeaBusChan19/status/1504620210011402243#m,"They do 3 trailers except spiderman NWH. Black widow, Eternals, Morbius have teaser trailer, official trailer and final trailer.",0
Morbius trailer,18 Mar 2022,@GabrielRicoNFL,🐬,Com a Black Cat “aparecendo” no trailer de Morbius eu não duvido da Sydney ser a Black Cat,https://nitter.net/GabrielRicoNFL/status/1504619826639257605#m,With Black Cat “appearing” in the Morbius trailer I don’t doubt Sydney is Black Cat,1
Morbius trailer,18 Mar 2022,@NotFastEnoughD,NotFast💪🏽,Morbius só teve hype pq tinha a foto do tobey num frame de um trailer a anos atrás kkkkk,https://nitter.net/NotFastEnoughD/status/1504618510772748291#m,Morbius only got hype because it had Tobey's photo in a trailer frame years ago hahaha,0
Morbius trailer,18 Mar 2022,@TWiStEdVoODoLL,A Nightmare John Elm Street,Me when the Morbius trailer comes on,https://nitter.net/TWiStEdVoODoLL/status/1504617849633005573#m,Me when the Morbius trailer comes on,0
Morbius trailer,19 Mar 2022,@manticoremon,*casts maragion* *leaves*,seeing the trailer for Morbius before The Batman felt like an intentional joke but even moreso that the release date is April 1st 💀💀💀,https://nitter.net/manticoremon/status/1505329744715395075#m,seeing the trailer for Morbius before The Batman felt like an intentional joke but even moreso that the release date is April 1st 💀💀💀,0
Morbius trailer,19 Mar 2022,@SpiderMan_Newz,Spider-Man News,I been told that (I haven't seen the film) Morbius is messy And that the trailer is misleading Decided to redo the tweet as some people were confused on the last tweet,https://nitter.net/SpiderMan_Newz/status/1505328892638339077#m,I been told that (I haven't seen the film) Morbius is messy And that the trailer is misleading Decided to redo the tweet as some people were confused on the last tweet,1
Morbius trailer,19 Mar 2022,@nottoo_shABBE_,abs.,If I have to see one more Morbius commercial or trailer…,https://nitter.net/nottoo_shABBE_/status/1505325212367310851#m,If I have to see one more Morbius commercial or trailer…,0
Morbius trailer,19 Mar 2022,@J_Mac1211,Jack,Enough with the Morbius trailer. Thanks.,https://nitter.net/J_Mac1211/status/1505308355841114115#m,Enough with the Morbius trailer. Thanks.,1
Morbius trailer,19 Mar 2022,@TurdFNOLA5,Turd Ferguson,Morbius definitely seems interesting at the very least. Throwing Michael Keaton into the trailer was something.,https://nitter.net/TurdFNOLA5/status/1505308162920009739#m,Morbius definitely seems interesting at the very least. Throwing Michael Keaton into the trailer was something.,1
Morbius trailer,19 Mar 2022,@rmrznoe24,noe,Im so tired of that Morbius trailer lol,https://nitter.net/rmrznoe24/status/1505304692145856516#m,Im so tired of that Morbius trailer lol,0
Morbius trailer,19 Mar 2022,@FusionLab_,FusionLab,"open.spotify.com/show/7qT0CG… ‼️‼️‼️episode 5 going live Sunday‼️‼️‼️ check out our thoughts on the new Ms Marvel trailer, Moon knight , Morbius , New Disney plus addistions click the link below and let us know what you think ‼️‼️‼️",https://nitter.net/FusionLab_/status/1505302471215828992#m,"open.spotify.com/show/7qT0CG… ‼️‼️‼️episode 5 going live Sunday‼️‼️‼️ check out our thoughts on the new Ms Marvel trailer, Moon knight , Morbius , New Disney plus addistions click the link below and let us know what you think ‼️‼️‼️",0
Morbius trailer,19 Mar 2022,@Peyton_McD,Peyton McDermott,"my wife, crying: “please dont have them show the morbius trailer ever again”",https://nitter.net/Peyton_McD/status/1505299262229340161#m,"my wife, crying: “please dont have them show the morbius trailer ever again”",1
Morbius trailer,19 Mar 2022,@thathighanimeg1,thathighanimeguy,The Morbius Trailer looked alright,https://nitter.net/thathighanimeg1/status/1505298797752111107#m,The Morbius Trailer looked alright,0
Morbius trailer,19 Mar 2022,@aaronrkr,🧡,amc stop playing the morbius trailer before every movie challenge,https://nitter.net/aaronrkr/status/1505294728799170566#m,amc stop playing the morbius trailer before every movie challenge,1
Morbius trailer,19 Mar 2022,@GrandSpax,Grand master spax,How many more fucking times do I need to watch the morbius trailer. Please make it stop,https://nitter.net/GrandSpax/status/1505283373882875908#m,How many more fucking times do I need to watch the morbius trailer. Please make it stop,1
Morbius trailer,19 Mar 2022,@Gfox_1,𝐅𝐎𝐗𝐘🩸,Trailers before #XMovie • Broadcast Intrusion Signal • Doctor Strange • Morbius Tired as fuck with seeing that Morbius trailer. Please stop it! Hyped as fuck for Doctor Strange Didn’t BIS release in October? Streaming right? Looks brilliant. Creepy trailer,https://nitter.net/Gfox_1/status/1505276251635863553#m,Trailers before #XMovie • Broadcast Intrusion Signal • Doctor Strange • Morbius Tired as fuck with seeing that Morbius trailer. Please stop it! Hyped as fuck for Doctor Strange Didn’t BIS release in October? Streaming right? Looks brilliant. Creepy trailer,0
Morbius trailer,19 Mar 2022,@MonsieurMatt25,pastor matt 🥱,if i have to see this damn morbius trailer one more time,https://nitter.net/MonsieurMatt25/status/1505265636926185476#m,if i have to see this damn morbius trailer one more time,1
Morbius trailer,19 Mar 2022,@beakerboy12,Max Jessop,"Love the use of “People are Strange” in the Morbius trailer bc it only makes me think of the inventive but terrible Hubie Halloween trailer. Which reminds me Sandman needs to be in the Marvel universe, specifically in a Sony-produced one.",https://nitter.net/beakerboy12/status/1505263663606771712#m,"Love the use of “People are Strange” in the Morbius trailer bc it only makes me think of the inventive but terrible Hubie Halloween trailer. Which reminds me Sandman needs to be in the Marvel universe, specifically in a Sony-produced one.",1
Morbius trailer,19 Mar 2022,@redcarpetcrash,Red Carpet Crash,"Watch Trailer For ‘Morbius’ In Theaters Friday, April 1st redcarpetcrash.com/watch-tra…",https://nitter.net/redcarpetcrash/status/1505258050650722307#m,"Watch Trailer For ‘Morbius’ In Theaters Friday, April 1st redcarpetcrash.com/watch-tra…",0
Morbius trailer,19 Mar 2022,@gameboyknight,dave saltijeral,never say never morbius was in the old school fox kids spider man cartoon and they did tease venom for spider man anything can happen michael keaton does appear in the morbius trailer and i hope morbius appears in the spider man 2 video game as a boss or dlc im just guessing,https://nitter.net/gameboyknight/status/1505250160456179715#m,never say never morbius was in the old school fox kids spider man cartoon and they did tease venom for spider man anything can happen michael keaton does appear in the morbius trailer and i hope morbius appears in the spider man 2 video game as a boss or dlc im just guessing,0
Morbius trailer,19 Mar 2022,@megustazaret,zuh ret,I keep watching the Morbius trailer I’m jus my fuckin EXCITED FOR IT,https://nitter.net/megustazaret/status/1505245210699177984#m,I keep watching the Morbius trailer I’m jus my fuckin EXCITED FOR IT,1
Morbius trailer,19 Mar 2022,@musubienjoyer,pengu,That morbius trailer kinda gas actually hold on,https://nitter.net/musubienjoyer/status/1505233035884642310#m,That morbius trailer kinda gas actually hold on,0
Morbius trailer,19 Mar 2022,@Carverl_,Carverl ⚧️ 🍉💥,I've had to sit through both the Morbius and fantastic beasts trailer like 3 times for this movie This torture is horrific,https://nitter.net/Carverl_/status/1505215648238034945#m,I've had to sit through both the Morbius and fantastic beasts trailer like 3 times for this movie This torture is horrific,1
Morbius trailer,19 Mar 2022,@littlecosmicgal,zahra,"3 kali nntn trailer morbius utk meyakinkan diri, kynya keren si cm w mager ke bioskopnya",https://nitter.net/littlecosmicgal/status/1505208689086844930#m,"Watched the Morbius trailer 3 times to convince myself, it looked cool, CM W was lazy to go to the cinema",0
Morbius trailer,19 Mar 2022,@glukeperrin,Luke Perrin,I’m going to go watch the Morbius trailer again,https://nitter.net/glukeperrin/status/1505202124375924740#m,I’m going to go watch the Morbius trailer again,1
Morbius trailer,19 Mar 2022,@B_J_Langley,Benjamin Langley,"I'm really looking forward to Morbius coming out, but mostly so I won't have to see the trailer any more. #OverPromoted #Morbius",https://nitter.net/B_J_Langley/status/1505200414605594625#m,"I'm really looking forward to Morbius coming out, but mostly so I won't have to see the trailer any more. #OverPromoted #Morbius",1
Morbius trailer,19 Mar 2022,@hackermanjoe,joe 🇱🇧,When I have to sit through the ‘Morbius’ trailer again nitter.net/DisVincentPrice/status…,https://nitter.net/hackermanjoe/status/1505199988787359747#m,When I have to sit through the ‘Morbius’ trailer again nitter.net/DisVincentPrice/status…,0
Morbius trailer,19 Mar 2022,@KenB_2,Ken B,Did you see the first morbius trailer? That was a totally Sony leaching off the MCU and trying to trick people that don't know any better that their movies are made by the people who make all the MCU movies,https://nitter.net/KenB_2/status/1505191834645057541#m,Did you see the first morbius trailer? That was a totally Sony leaching off the MCU and trying to trick people that don't know any better that their movies are made by the people who make all the MCU movies,1
Morbius trailer,19 Mar 2022,@Crow_Se7en,Crow_Se7en,"ANDREW GARFIELD UNIVERSE: Morbius is originally from Andrew’s universe. They haven’t fought each other. Morbius and Harry Osborn knew Spider-Man got bit by a spider. Morbius doesn’t know Peter but knows Spider-Man. So, Morbius wanted a bat to bite him as we saw the trailer",https://nitter.net/Crow_Se7en/status/1505191162893807623#m,"ANDREW GARFIELD UNIVERSE: Morbius is originally from Andrew’s universe. They haven’t fought each other. Morbius and Harry Osborn knew Spider-Man got bit by a spider. Morbius doesn’t know Peter but knows Spider-Man. So, Morbius wanted a bat to bite him as we saw the trailer",0
Morbius trailer,19 Mar 2022,@mischiefsloki,serena ४ ; 🇵🇸,"RAGA ALLORA FRA 2 SETTIMANE ESCE MORBIUS E NOI DOBBIAMO ANCORA VEDERE IL TRAILER DI THOR, MA TUTTO APPOSTO????",https://nitter.net/mischiefsloki/status/1505190006725435393#m,"RAGA ALLORA FRA 2 SETTIMANE ESCE MORBIUS E NOI DOBBIAMO ANCORA VEDERE IL TRAILER DI THOR, MA TUTTO APPOSTO????",0
Morbius trailer,19 Mar 2022,@happylittlemeh,뉴ㅣシ 🩹,ขอสารภาพกงนี้ ตอนดู trailer morbius คือนึกว่าเพลงประกอบคือ 30seconds to mars🥺,https://nitter.net/happylittlemeh/status/1505184344289124361#m,"I'd like to confess this. When I saw the Morbius trailer, I thought the theme song was 30seconds to mars🥺",0
Morbius trailer,19 Mar 2022,@Mazidanu,Rin,"Watching this Morbius movie trailer about Michael and his first thing he says is ""I should be dead years ago, whats the point of living if I can't fix this"" yooo I heard them somewhere too",https://nitter.net/Mazidanu/status/1505097150534864898#m,"Watching this Morbius movie trailer about Michael and his first thing he says is ""I should be dead years ago, whats the point of living if I can't fix this"" yooo I heard them somewhere too",1
Morbius trailer,19 Mar 2022,@j2tiger,AT,"Gosh I was just thinking this the other day, I think I’ve seen the Morbius trailer more than any other trailer in my life",https://nitter.net/j2tiger/status/1505092218029318146#m,"Gosh I was just thinking this the other day, I think I’ve seen the Morbius trailer more than any other trailer in my life",1
Morbius trailer,19 Mar 2022,@bbtheatres,B&B Theatres,Let go of what you used to be. Discover who you’re meant to be. Watch the final trailer now. @MorbiusMovie is exclusively in movie theaters April 1. Get tickets now: bbtheatres.com/movie-info/mo… #BBTheatres #MorbiusMovie #EnjoyTheMagicOfTheMovies,https://nitter.net/bbtheatres/status/1505056563337252865#m,Let go of what you used to be. Discover who you’re meant to be. Watch the final trailer now. @MorbiusMovie is exclusively in movie theaters April 1. Get tickets now: bbtheatres.com/movie-info/mo… #BBTheatres #MorbiusMovie #EnjoyTheMagicOfTheMovies,1
Morbius trailer,19 Mar 2022,@willgiants97,gnarly reel reactions,Ok the #TheBatman is at it's 3rd week I hope it gets to a billion and now #Morbius is coming and #MoonKnight I'm hyped the #MsMarvel trailer was cute just waiting on the #ThorLoveAndThunder and #TheFlash trailer what do you think @GraceRandolph #comics movie rule,https://nitter.net/willgiants97/status/1505049997431095302#m,Ok the #TheBatman is at it's 3rd week I hope it gets to a billion and now #Morbius is coming and #MoonKnight I'm hyped the #MsMarvel trailer was cute just waiting on the #ThorLoveAndThunder and #TheFlash trailer what do you think @GraceRandolph #comics movie rule,1
Morbius trailer,19 Mar 2022,@PatAttack15,🅿️atrick,Imagine how I feel about seeing the Morbius trailer for what feels like 18 months now,https://nitter.net/PatAttack15/status/1505043234535272450#m,Imagine how I feel about seeing the Morbius trailer for what feels like 18 months now,1
Morbius trailer,19 Mar 2022,@m4nonthebalcony,marmoset crauncher,"i have to wonder who makes the decisions and how they're made for what previews to show before the movie. like who's seeing licorice pizza and going ""you know what i'm really jazzed for? that shitty fucking morbius movie. or a trailer with 20 jumpscares about a possessed nun""",https://nitter.net/m4nonthebalcony/status/1505036522558525449#m,"i have to wonder who makes the decisions and how they're made for what previews to show before the movie. like who's seeing licorice pizza and going ""you know what i'm really jazzed for? that shitty fucking morbius movie. or a trailer with 20 jumpscares about a possessed nun""",1
Morbius trailer,19 Mar 2022,@GamerBlogTv,GamerBlogTv,Morbius - See the trailer trailers.apple.com/trailers/…,https://nitter.net/GamerBlogTv/status/1505018076479250434#m,Morbius - See the trailer trailers.apple.com/trailers/…,0
Morbius trailer,19 Mar 2022,@pativargas6277,Patrícia Vargas 🐱🐶🌳🎧🔺✝👽,Acabou de passar no canal da Sony o trailer de MORBIUS!!!!! Já posso gritar? Ahhhhhhhhhhhhhhh... 😊😄😃😀😘😍💗🙌🙌👏👏👏🎉🎉🎉🎉🎉🎉🎉🎉🎉🎉🎉🎉,https://nitter.net/pativargas6277/status/1505004907195162624#m,The trailer for MORBIUS has just aired on the Sony channel!!!!! Can I scream now? Ahhhhhhhhhhhhhhh... 😊😄😃😀😘😍💗🙌🙌👏👏👏🎉🎉🎉🎉🎉🎉🎉🎉🎉🎉🎉🎉,0
Morbius trailer,19 Mar 2022,@IamSamiraa_,Miraa🌷,Morbius sort le 1er Avril 😼😼. Le trailer est mal batard aaanh,https://nitter.net/IamSamiraa_/status/1504993249081102337#m,Morbius comes out on April 1st 😼😼. The trailer is bad bastard aaanh,0
Morbius trailer,19 Mar 2022,@mixaliskrat,Mixalis Kratimenos,superheronews.gr/2022/02/fin…,https://nitter.net/mixaliskrat/status/1504992550968561665#m,superheronews.gr/2022/02/fin…,0
Morbius trailer,19 Mar 2022,@lukeevuittonn,lukaz🫟,now why is the X movie showing the Morbius trailer not once BUT TWICE?!!!!???,https://nitter.net/lukeevuittonn/status/1504984727513616389#m,now why is the X movie showing the Morbius trailer not once BUT TWICE?!!!!???,1
Morbius trailer,19 Mar 2022,@PandaAncha,Panda Ancha,"Tras muchos retrasos, la película protagonizada por Jared Leto se estrenará el próximo 1 de abril del 2022. Te contamos todos los detalles. 🎬 #Morbius pandaancha.mx/noticias/morbi…",https://nitter.net/PandaAncha/status/1504971022012981248#m,"After many delays, the film starring Jared Leto will be released on April 1, 2022. We will tell you all the details. 🎬 #Morbius pandaancha.mx/noticias/morbi…",0
Morbius trailer,21 Mar 2022,@makusugui,Marcus Guilherme,O Trailer de O Espetacular Homem-aranha 3 estará no pós-creditos de Morbius assim como esteve o de Dr Estranho em NWH,https://nitter.net/makusugui/status/1506051153838186496#m,"The Amazing Spider-Man 3 trailer will be in the post-credits of Morbius, as was Dr Strange in NWH",0
Morbius trailer,21 Mar 2022,@ianfassy,Ian 🏳️‍🌈,This literally isn’t true. The trailer references even venom more than once. They talk about the “incident in San Francisco” and Morbius literally says “I am Venom” as a joke.,https://nitter.net/ianfassy/status/1506046464060846086#m,This literally isn’t true. The trailer references even venom more than once. They talk about the “incident in San Francisco” and Morbius literally says “I am Venom” as a joke.,0
Morbius trailer,21 Mar 2022,@Daboyui,Daboy🕷,"Someone near me saw the Morbius trailer and said ""oh shit It's Morbius, can't wait!""",https://nitter.net/Daboyui/status/1506046403516133381#m,"Someone near me saw the Morbius trailer and said ""oh shit It's Morbius, can't wait!""",1
Morbius trailer,21 Mar 2022,@k0rsica,daymon,keaton being in the morbius trailer is like if the 2nd sonic trailer just showed TAILS in the middle of it😭,https://nitter.net/k0rsica/status/1506043797003980801#m,keaton being in the morbius trailer is like if the 2nd sonic trailer just showed TAILS in the middle of it😭,1
Morbius trailer,21 Mar 2022,@k0rsica,daymon,the difference is that that scene wasnt really a DRAW for people to see the movie but keaton being in the morbius trailer is just misleading😭😭,https://nitter.net/k0rsica/status/1506043111075889154#m,the difference is that that scene wasnt really a DRAW for people to see the movie but keaton being in the morbius trailer is just misleading😭😭,1
Morbius trailer,21 Mar 2022,@lucasgrl,Lucas Galera,"Propaganda enganosa da porr*, o keaton aparece no material promocional desde o primeiro trailer de morbius pra só aparecer no pos creditos do filme?!",https://nitter.net/lucasgrl/status/1506040942272421892#m,"Fucking false advertising, Keaton appears in promotional material from the first Morbius trailer to only appear in the film's post credits?!",0
Morbius trailer,21 Mar 2022,@hzjoe03,Joe,"Morbius Vulture Spoilers - - - - - - - - I wasn’t going to say it but Mytimetoshinehello did so I am now. Keaton isn’t in the film, only 2 post credit scenes, and they’re not shown in the trailer. All his trailer scenes have been cut",https://nitter.net/hzjoe03/status/1506038879631073288#m,"Morbius Vulture Spoilers - - - - - - - - I wasn’t going to say it but Mytimetoshinehello did so I am now. Keaton isn’t in the film, only 2 post credit scenes, and they’re not shown in the trailer. All his trailer scenes have been cut",0
Morbius trailer,21 Mar 2022,@dinocrusher,Dynocrusher,Morbius trailer is the biggest misdirection I've ever seen,https://nitter.net/dinocrusher/status/1506038615343837192#m,Morbius trailer is the biggest misdirection I've ever seen,1
Morbius trailer,21 Mar 2022,@bisbila,David Marcen,MORBIUS. Tráiler Final HD en español. En cines 1 de abril. piped.video/SYOePdCZfqM vía @YouTube,https://nitter.net/bisbila/status/1506019707618430977#m,MORBIUS. Final HD Trailer in Spanish. In theaters April 1. piped.video/SYOePdCZfqM via @YouTube,0
Morbius trailer,21 Mar 2022,@_ComicsUniverse,Comics Universe,"I giornalisti non hanno apprezzato il film su #Morbius con protagonista #JaredLeto: “Noioso, inconsistente e il trailer è ingannevole.” Articolo completo: comicsuniverse.it/morbius-i-…",https://nitter.net/_ComicsUniverse/status/1506015822799839233#m,"Journalists did not appreciate the film about #Morbius starring #JaredLeto: ""Boring, inconsistent and the trailer is misleading."" Full article: comicsuniverse.it/morbius-i-…",0
Morbius trailer,21 Mar 2022,@OnePunchSham,Alarm! at the dancery,Looking at this morbius trailer and soon as I saw Tyrese this was all I could think of,https://nitter.net/OnePunchSham/status/1506014345037238276#m,Looking at this morbius trailer and soon as I saw Tyrese this was all I could think of,1
Morbius trailer,21 Mar 2022,@Aschwartz1210,Andrew,@SonyPictures @MorbiusMovie I feel like you guys showed all the good stuff about this film in the trailer. We see Morbius final form we see the Spider-Man graffiti we see the vulture in the film. These are all moments that I would’ve loved to experience in the theater.,https://nitter.net/Aschwartz1210/status/1506004933908340742#m,@SonyPictures @MorbiusMovie I feel like you guys showed all the good stuff about this film in the trailer. We see Morbius final form we see the Spider-Man graffiti we see the vulture in the film. These are all moments that I would’ve loved to experience in the theater.,1
Morbius trailer,21 Mar 2022,@sneaky_eclipse,𝒌𝒂𝒏𝒆 (leksi’s boyfriend),bro they’ve played the trailer every time that i’ve been to the theater since the first morbius trailer dropped 😭,https://nitter.net/sneaky_eclipse/status/1506002420228263941#m,bro they’ve played the trailer every time that i’ve been to the theater since the first morbius trailer dropped 😭,1
Morbius trailer,21 Mar 2022,@Shawzyyyy,Anna,The downside of being a slut for the cinema aka an unlimited member is having to watch the Morbius trailer again n again :)) could recite it backwards in Swedish at this rate but thats probably just a sign i need to go outside and touch grass x,https://nitter.net/Shawzyyyy/status/1505995250661273602#m,The downside of being a slut for the cinema aka an unlimited member is having to watch the Morbius trailer again n again :)) could recite it backwards in Swedish at this rate but thats probably just a sign i need to go outside and touch grass x,1
Morbius trailer,21 Mar 2022,@everythinglwry,EverythingLowery 🍿,Please YouTube no more #Morbius trailer ads 😩,https://nitter.net/everythinglwry/status/1505995109208313864#m,Please YouTube no more #Morbius trailer ads 😩,0
Morbius trailer,21 Mar 2022,@dmanthecaptain,D-Man The Captain,"Morbius trailer be like: ""What would you do if you could be normal"" ""I would find a cure for us"" Bruh, if you were normal you wouldn't need to be cured.",https://nitter.net/dmanthecaptain/status/1505981442614042629#m,"Morbius trailer be like: ""What would you do if you could be normal"" ""I would find a cure for us"" Bruh, if you were normal you wouldn't need to be cured.",0
Morbius trailer,21 Mar 2022,@3177Meli,Meli,"hmm, buena pregunta, yo creo que Sonic, no he visto tanto marketing de Morbius desde el trailer, además veo a algunas personas un poco enojadas por como se llevaron las cosas.",https://nitter.net/3177Meli/status/1505958321542635520#m,"hmm, good question, I think Sonic, I haven't seen that much marketing for Morbius since the trailer, plus I see some people a little angry about how things were handled.",0
Morbius trailer,21 Mar 2022,@Nerdsbros_,Nerdsbros,"A crítica falando mal de #Morbius dizendo que o filme é mal calculado e chato. Todos já esperávamos isso, desde o primeiro trailer.",https://nitter.net/Nerdsbros_/status/1505935962853023747#m,The critic speaking badly of #Morbius saying that the film is poorly calculated and boring. We all expected this from the first trailer.,0
Morbius trailer,21 Mar 2022,@AlmightyGoatman,Kyle Goethe,"I just said that to my wife yesterday. We were at the theater and I bet her our concession money the trailer would play. I won. So ready to not see that Trailer anymore. That being said, I like the director and I'm very curious to see Morbius as well.",https://nitter.net/AlmightyGoatman/status/1505933138010202123#m,"I just said that to my wife yesterday. We were at the theater and I bet her our concession money the trailer would play. I won. So ready to not see that Trailer anymore. That being said, I like the director and I'm very curious to see Morbius as well.",1
Morbius trailer,21 Mar 2022,@lonelygir_l,~legallyblonde~🏳️‍🌈,Io che ho appena visto il trailer di Morbius in tv #Morbius #JaredLeto,https://nitter.net/lonelygir_l/status/1505932005887856641#m,I just saw the Morbius trailer on TV #Morbius #JaredLeto,0
Morbius trailer,21 Mar 2022,@loconsqponer,emi 🌙,"capaz q hacen lo mismo q en Spider-Man. tipo, al final de Morbius dejan el tráiler",https://nitter.net/loconsqponer/status/1505912407264153600#m,"Maybe they do the same thing as in Spider-Man. guy, at the end of Morbius they leave the trailer",0
Morbius trailer,21 Mar 2022,@Future_Bat,@futurebat.bsky.social,Virgin trailer de Thorcuato Chad info de Morbius into the Morbiusverse of Madness,https://nitter.net/Future_Bat/status/1505911065116352518#m,Virgin trailer de Thorcuato Chad info de Morbius into the Morbiusverse of Madness,0
Morbius trailer,21 Mar 2022,@sidsellie,Nick,I have a personal vendetta against Morbius. Had to see that ridiculous trailer twenty times for the past 5 months anytime I wanted to go to the theater.,https://nitter.net/sidsellie/status/1505884730285248519#m,I have a personal vendetta against Morbius. Had to see that ridiculous trailer twenty times for the past 5 months anytime I wanted to go to the theater.,1
Morbius trailer,21 Mar 2022,@Cinemamoviethea,Cinema Movie Theater,MORBIUS - Final Trailer cinema-movietheater.com/in-e… #FinalTrailer #Morbius #JaredLeto #OfficialTrailer,https://nitter.net/Cinemamoviethea/status/1505834670143025152#m,MORBIUS - Final Trailer cinema-movietheater.com/in-e… #FinalTrailer #Morbius #JaredLeto #OfficialTrailer,0
Morbius trailer,21 Mar 2022,@tpwktom,marti *ੈ✩,i got so scared when i watched the trailer of morbius at the cinema and i’m not ashamed of that i’m embarrassing and i know it,https://nitter.net/tpwktom/status/1505803804532518917#m,i got so scared when i watched the trailer of morbius at the cinema and i’m not ashamed of that i’m embarrassing and i know it,1
Morbius trailer,21 Mar 2022,@EMCMend,EMC Mend🔞,"no lie, went to see The Batman & a Morbius trailer popped up...it had a January release date the fact this film has been pushed around so much I expect it to tank",https://nitter.net/EMCMend/status/1505800325105545216#m,"no lie, went to see The Batman & a Morbius trailer popped up...it had a January release date the fact this film has been pushed around so much I expect it to tank",1
Morbius trailer,21 Mar 2022,@rockmarooned,Jesse Hassenger,"Second, after the trailer for the upcoming Jared Leto film MORBIUS, I heard the dad say: ""You can see that one with your friends.""",https://nitter.net/rockmarooned/status/1505744992358256641#m,"Second, after the trailer for the upcoming Jared Leto film MORBIUS, I heard the dad say: ""You can see that one with your friends.""",1
Morbius trailer,21 Mar 2022,@MintToothpaste3,🍃PaPi Huey🍃🍵,"Of all marvel characters, they chose morbius, I didn’t even know who that was until they released the trailer last year",https://nitter.net/MintToothpaste3/status/1505742225342353411#m,"Of all marvel characters, they chose morbius, I didn’t even know who that was until they released the trailer last year",0
Morbius trailer,21 Mar 2022,@saoirseegot,🚮,"legit saw the beginning of a morbius trailer and was like ""why did this look (visually) like shit?"" and then l*to showed up and it all made sense.",https://nitter.net/saoirseegot/status/1505737566976454658#m,"legit saw the beginning of a morbius trailer and was like ""why did this look (visually) like shit?"" and then l*to showed up and it all made sense.",0
Morbius trailer,21 Mar 2022,@sillybilly20202,Elon made me a bot. block me.,"I have been to a lot of movies in the past 4 or 5 months, sporadically during the lockdowns, and plenty before. Every single time I have gone, the #Morbius trailer has played. Please for the love of God release that movie. Make it stop.",https://nitter.net/sillybilly20202/status/1505733768010600448#m,"I have been to a lot of movies in the past 4 or 5 months, sporadically during the lockdowns, and plenty before. Every single time I have gone, the #Morbius trailer has played. Please for the love of God release that movie. Make it stop.",0
Morbius trailer,21 Mar 2022,@newpaper24,Newpaper24,MORBIUS “I Am Venom” Trailer (2022) New Footage-Newpaper24.com newpaper24.com/morbius-i-am-…,https://nitter.net/newpaper24/status/1505714023421001733#m,MORBIUS “I Am Venom” Trailer (2022) New Footage-Newpaper24.com newpaper24.com/morbius-i-am-…,0
Morbius trailer,21 Mar 2022,@megacineotavalo,Mega Cine,Deja ir lo que solías ser. Descubre quién estás destinado a ser. Mira el tráiler final ahora. #Morbius en #megacineotavalo🎬 este 31 de Marzo.,https://nitter.net/megacineotavalo/status/1505713046685196292#m,Let go of what you used to be. Discover who you are meant to be. Watch the final trailer now. #Morbius in #megacineotavalo🎬 this March 31st.,0
Morbius trailer,21 Mar 2022,@aarxn82,Aaron Cooper,I feel like we've been seeing the trailer for Morbius for 12 years.,https://nitter.net/aarxn82/status/1505702811836821505#m,I feel like we've been seeing the trailer for Morbius for 12 years.,1
Morbius trailer,21 Mar 2022,@newpaper24,Newpaper24,MORBIUS Final Trailer (2022)-Newpaper24.com newpaper24.com/morbius-final…,https://nitter.net/newpaper24/status/1505698765109403653#m,MORBIUS Final Trailer (2022)-Newpaper24.com newpaper24.com/morbius-final…,0
Morbius trailer,22 Mar 2022,@ghose_charles,Charles Ghose,MORBIUS Movie Trailer 2022 Version 6 piped.video/RVclkNYvsE4 via @YouTube #Morbius #MorbiusMovie #MorbiusTrailer #MovieTrailers2022 #MarvelMovie,https://nitter.net/ghose_charles/status/1506418528093712393#m,MORBIUS Movie Trailer 2022 Version 6 piped.video/RVclkNYvsE4 via @YouTube #Morbius #MorbiusMovie #MorbiusTrailer #MovieTrailers2022 #MarvelMovie,0
Morbius trailer,22 Mar 2022,@ghose_charles,Charles Ghose,MORBIUS Movie Trailer 2022 Version 5 piped.video/fJ1AuTCvyd4 via @YouTube #Morbius #MorbiusMovie #MorbiusTrailer #MovieTrailers2022 #MarvelMovie,https://nitter.net/ghose_charles/status/1506417115636633600#m,MORBIUS Movie Trailer 2022 Version 5 piped.video/fJ1AuTCvyd4 via @YouTube #Morbius #MorbiusMovie #MorbiusTrailer #MovieTrailers2022 #MarvelMovie,0
Morbius trailer,22 Mar 2022,@bytesofbree,Bree,How are we feeling about Morbius? I haven’t really seen anyone talk about it. I think I’m just tired of it being in the previews for every movie I’ve seen recently. I’m ready for to you come out so I can stop seeing the trailer 😂,https://nitter.net/bytesofbree/status/1506415560220975108#m,How are we feeling about Morbius? I haven’t really seen anyone talk about it. I think I’m just tired of it being in the previews for every movie I’ve seen recently. I’m ready for to you come out so I can stop seeing the trailer 😂,1
Morbius trailer,22 Mar 2022,@josetremdoido,em reunião não perturbe.,Miguel vai ver Morbius e aplaudir quando terminar... Nota 10 só pelo trailer o resto é lucro,https://nitter.net/josetremdoido/status/1506403973334450187#m,"Miguel will watch Morbius and applaud when he finishes... Rating 10 just for the trailer, the rest is profit",0
Morbius trailer,22 Mar 2022,@_RafaPuma_,Rafapuma®️,Ganazas de Jared Leto y su Michael Morbius!!! 😍👏🏻👏🏻👏🏻👏🏻 Morbius (2022) Nuevo Tráiler Oficial Español piped.video/EA4v3wl7faA vía @YouTube,https://nitter.net/_RafaPuma_/status/1506403660787589126#m,Wins from Jared Leto and his Michael Morbius!!! 😍👏🏻👏🏻👏🏻👏🏻 Morbius (2022) New Official Spanish Trailer piped.video/EA4v3wl7faA via @YouTube,0
Morbius trailer,22 Mar 2022,@ShinInvidNinja,Oli J B,"One thing I'm looking forward to next Thursday, Morbius comes out meaning I don't have to see that trailer in front of every movie for the next 2 fuckin' years ever again. XD",https://nitter.net/ShinInvidNinja/status/1506397216897908736#m,"One thing I'm looking forward to next Thursday, Morbius comes out meaning I don't have to see that trailer in front of every movie for the next 2 fuckin' years ever again. XD",1
Morbius trailer,22 Mar 2022,@roseb_tch,𝓡𝓸𝓫𝓼 🌹🩷- M∀YHEM,HO APPENA BECCATO IL TRAILER DI MORBIUS IN TV 🥰🥰🥰🥰🥰,https://nitter.net/roseb_tch/status/1506396072360517637#m,HO APPENA BECCATO IL TRAILER DI MORBIUS IN TV 🥰🥰🥰🥰🥰,0
Morbius trailer,22 Mar 2022,@machukorz,Machu,En un trailer de Morbius hay un grafitti en una foto de un Spider-Man que dice MURDERER y Andrew dijo en No Way Home que habia empezado a matar.,https://nitter.net/machukorz/status/1506393474458963968#m,In a Morbius trailer there is graffiti on a photo of a Spider-Man that says MURDERER and Andrew said in No Way Home that he had started killing.,0
Morbius trailer,22 Mar 2022,@NDifuntorum,neildifuntorum,Damn that morbius trailer 🔥,https://nitter.net/NDifuntorum/status/1506383360544804865#m,Damn that morbius trailer 🔥,0
Morbius trailer,22 Mar 2022,@hzjoe03,Joe,The final Morbius trailer came out…,https://nitter.net/hzjoe03/status/1506373897582694404#m,The final Morbius trailer came out…,0
Morbius trailer,22 Mar 2022,@TheeReptile,Javier,We’re gonna get another Morbius trailer before we see a Thor one,https://nitter.net/TheeReptile/status/1506373553683197953#m,We’re gonna get another Morbius trailer before we see a Thor one,0
Morbius trailer,22 Mar 2022,@scarlet_comics,Scarlet,"Morbius Vulture Spoilers Söylenti... - - - - - - - - - - - - - - - - Keaton filmde değilmiş, sadece 2 credit sahnesi sonrası varmış ve fragmanda göstermiyorlarmış. Tüm trailer sahneleri kesilmiş.",https://nitter.net/scarlet_comics/status/1506363583487217668#m,"Morbius Vulture Spoilers Rumor... - - - - - - - - - - - - - - - - Keaton was not in the movie, he was only there after 2 credit scenes and they did not show him in the trailer. All trailer scenes have been cut.",0
Morbius trailer,22 Mar 2022,@Benjmeister85,Bendrix 🦁,"#Morbius cutting scenes in the film from the trailer is absolutely nothing new. That being said, allegedly cutting The Vulture scenes reeks of cash in buzz. They knew what they were doing including them and there's no doubt it will piss a lot of people off...",https://nitter.net/Benjmeister85/status/1506355943390519296#m,"#Morbius cutting scenes in the film from the trailer is absolutely nothing new. That being said, allegedly cutting The Vulture scenes reeks of cash in buzz. They knew what they were doing including them and there's no doubt it will piss a lot of people off...",1
Morbius trailer,22 Mar 2022,@jchea123,JohnCheetos,I have seen the morbius trailer in theaters more than actual movies since 2020 it feels like,https://nitter.net/jchea123/status/1506347217510092820#m,I have seen the morbius trailer in theaters more than actual movies since 2020 it feels like,1
Morbius trailer,22 Mar 2022,@CBR,CBR,Morbius reportedly cut multiple scenes from the trailer connecting it to the larger Spider-Man universe. buff.ly/3NfpkyI,https://nitter.net/CBR/status/1506343927565230084#m,Morbius reportedly cut multiple scenes from the trailer connecting it to the larger Spider-Man universe. buff.ly/3NfpkyI,0
Morbius trailer,22 Mar 2022,@Its_Edelman,T C,"To get people to see the movie. After the trailer, no one talked about morbius. The buzz was surrounding the Spider-Man poster and Keaton. It’s a scummy tactic",https://nitter.net/Its_Edelman/status/1506338727379062793#m,"To get people to see the movie. After the trailer, no one talked about morbius. The buzz was surrounding the Spider-Man poster and Keaton. It’s a scummy tactic",1
Morbius trailer,22 Mar 2022,@nei0geo,NeioGeo,"I do believe that reverse hype is also leads to interest in the movie, but still - It'd be a mistake not to capitalize on what the trailer footage showed, but... ...I get it - you want your movie to succeed on its own merits, free of Marvel's influence. Cool. #Morbius",https://nitter.net/nei0geo/status/1506327365458305030#m,"I do believe that reverse hype is also leads to interest in the movie, but still - It'd be a mistake not to capitalize on what the trailer footage showed, but... ...I get it - you want your movie to succeed on its own merits, free of Marvel's influence. Cool. #Morbius",1
Morbius trailer,22 Mar 2022,@DylanAckles,𝓓𝔂𝓵𝓪𝓷 𝓐𝓬𝓴𝓵𝓮𝓼,"Crees que será el de Amazing? Yo es que no sé tío...Morbius en el trailer nombra a Venom, así que están en el mismo universo, pero Tom Hardy en NWH dijo que en su universo no hay héroes. Y además en el trailer de Morbius sale también el Buitre. No sé, un lío xD",https://nitter.net/DylanAckles/status/1506326361056677892#m,"Do you think it will be the Amazing one? I just don't know man...Morbius in the trailer names Venom, so they are in the same universe, but Tom Hardy in NWH said that in his universe there are no heroes. And also in the Morbius trailer the Vulture also appears. I don't know, a mess xD",0
Morbius trailer,22 Mar 2022,@nei0geo,NeioGeo,"Hey, Amy Pas-Err, I mean, ""Sony! With all honesty, I was interested in Morbius because of the Spiderman links, not because of the character or plot. Sure, I'll admit that that's petty, but you created this interest yourself with the trailer footage. Marvel...just got free hype.",https://nitter.net/nei0geo/status/1506324921428766720#m,"Hey, Amy Pas-Err, I mean, ""Sony! With all honesty, I was interested in Morbius because of the Spiderman links, not because of the character or plot. Sure, I'll admit that that's petty, but you created this interest yourself with the trailer footage. Marvel...just got free hype.",0
Morbius trailer,22 Mar 2022,@Lipher_,⭐Lipher.bsky.social,Oscorp em TASM // Oscorp no trailer de Morbius,https://nitter.net/Lipher_/status/1506322458047037442#m,Oscorp in TASM // Oscorp in the Morbius trailer,0
Morbius trailer,22 Mar 2022,@sriver04,Steve,"How does Venom not know of a Spider-Man but Morbius makes a Venim joke in the trailer? It's clear Sony didn't have any sense of WHERE this movie takes place, universe-wise 😑 they just wanted Vulture in because he's theirs, and they don't care about their world building.",https://nitter.net/sriver04/status/1506321799654555653#m,"How does Venom not know of a Spider-Man but Morbius makes a Venim joke in the trailer? It's clear Sony didn't have any sense of WHERE this movie takes place, universe-wise 😑 they just wanted Vulture in because he's theirs, and they don't care about their world building.",1
Morbius trailer,22 Mar 2022,@HeyMittenstv,HeyMittens,"I am reading #Morbius is a mess and that the trailer scenes that showed the spider-man poster and the venom joke aren't even in the movie. Supposedly, Morbius is in its own universe. Jared Leto can't catch a superhero movie break.",https://nitter.net/HeyMittenstv/status/1506319979687280645#m,"I am reading #Morbius is a mess and that the trailer scenes that showed the spider-man poster and the venom joke aren't even in the movie. Supposedly, Morbius is in its own universe. Jared Leto can't catch a superhero movie break.",1
Morbius trailer,22 Mar 2022,@RichJ391,Richard J.,"Why is everyone in the replies upset that Keaton's scenes were cut. Yeah, he was the only good part of Homecoming (don't @ me) but he can't be the only good part of Morbius... hopefully. Though the newest trailer was so much worse than the last. I've brought my expectations to 5.",https://nitter.net/RichJ391/status/1506319716796669953#m,"Why is everyone in the replies upset that Keaton's scenes were cut. Yeah, he was the only good part of Homecoming (don't @ me) but he can't be the only good part of Morbius... hopefully. Though the newest trailer was so much worse than the last. I've brought my expectations to 5.",0
Morbius trailer,22 Mar 2022,@luna41068950,luna,SE PARECE A LOS TRAILER DE MORBIUS POR LA CONFUSION DE QUE UNIVERSO ES,https://nitter.net/luna41068950/status/1506317625311170566#m,SE PARECE A LOS TRAILER DE MORBIUS POR LA CONFUSION DE QUE UNIVERSO ES,0
Morbius trailer,22 Mar 2022,@TGBED8v8,"Russell Michaels, Momotaros","I mean, “Venom” wasn’t awful but it had a terrible villain and a plot that mostly treaded water. The sequel had a better villain. Morbius doesn’t seem to actually be opposed to anyone in the trailer. Is the villain Lane Price from “Mad Men”? I don’t know! Is it Tyrese?",https://nitter.net/TGBED8v8/status/1506314080176455692#m,"I mean, “Venom” wasn’t awful but it had a terrible villain and a plot that mostly treaded water. The sequel had a better villain. Morbius doesn’t seem to actually be opposed to anyone in the trailer. Is the villain Lane Price from “Mad Men”? I don’t know! Is it Tyrese?",1
Morbius trailer,22 Mar 2022,@BossGalka,The Boss,"Gonna be honest, I consider myself a decent Spider-man fan, but I have no idea who the fuck Morbius is. I have seen the trailer, I just have no reference or context to him outside of that. It's either going to suck or it isn't, but it won't be because of cut content to me.",https://nitter.net/BossGalka/status/1506313245879111694#m,"Gonna be honest, I consider myself a decent Spider-man fan, but I have no idea who the fuck Morbius is. I have seen the trailer, I just have no reference or context to him outside of that. It's either going to suck or it isn't, but it won't be because of cut content to me.",1
Morbius trailer,22 Mar 2022,@benejoyy,yous,Cuántas más veces veo el trailer de Morbius más dudo si dejarme 10€ en la entrada pa verla,https://nitter.net/benejoyy/status/1506311772420116482#m,"The more times I see the Morbius trailer, the more I hesitate to leave €10 on the ticket to see it.",0
Morbius trailer,22 Mar 2022,@WebHeadRyder,RyderTheRenegade,"I wasn’t excited for morbius, it looked bad when they showed the first trailer. Still gonna see it tho.",https://nitter.net/WebHeadRyder/status/1506307579701444615#m,"I wasn’t excited for morbius, it looked bad when they showed the first trailer. Still gonna see it tho.",1
Morbius trailer,22 Mar 2022,@TheReclaimedOne,Rata-Pat-Pat,"Morbius was never going to be good. I'm not even trying to be a doomer, but even from the first trailer I knew it wasn't going anywhere and recent leaks have confirmed it",https://nitter.net/TheReclaimedOne/status/1506298265712668673#m,"Morbius was never going to be good. I'm not even trying to be a doomer, but even from the first trailer I knew it wasn't going anywhere and recent leaks have confirmed it",1
Morbius trailer,22 Mar 2022,@AndrewStuart,Andrew Stuart,"The trailer for Morbius is out, so... from the before pandemic times, when Jared Leto was in Manchester as Morbius filming continued (via @jesssansome), and my pic of Matt Smith on the set :) manchestereveningnews.co.uk/…",https://nitter.net/AndrewStuart/status/1506296494974025745#m,"The trailer for Morbius is out, so... from the before pandemic times, when Jared Leto was in Manchester as Morbius filming continued (via @jesssansome), and my pic of Matt Smith on the set :) manchestereveningnews.co.uk/…",0
Morbius trailer,22 Mar 2022,@GabiMG_News,Gabi MG,"I agree with you half, ask anyone who tells you that they caught their eye from any Morbius trailer and they will surely tell you the Tobey graffiti, Venom & Keaton, and not the Morbius story. Why do these scenes appear in the trailers? To generate hype by hooking on NWH.",https://nitter.net/GabiMG_News/status/1506290308224593921#m,"I agree with you half, ask anyone who tells you that they caught their eye from any Morbius trailer and they will surely tell you the Tobey graffiti, Venom & Keaton, and not the Morbius story. Why do these scenes appear in the trailers? To generate hype by hooking on NWH.",0
Morbius trailer,22 Mar 2022,@Floristan6,Flo Wick,@JaredLeto I saw the trailer from Morbius and I think the trailer looks very awesome. I'm really looking forward to seeing this movie and i will definitely watch this movie. Ps:@JaredLeto You are one of my absolutely favourite actors. I love all your movies.,https://nitter.net/Floristan6/status/1506281810258452490#m,@JaredLeto I saw the trailer from Morbius and I think the trailer looks very awesome. I'm really looking forward to seeing this movie and i will definitely watch this movie. Ps:@JaredLeto You are one of my absolutely favourite actors. I love all your movies.,1
Morbius trailer,22 Mar 2022,@Minamillion93,𝕸𝖊𝖓𝖆𝖈𝖊 🐺⚡️,Morbius trailer looks good.,https://nitter.net/Minamillion93/status/1506279358541058061#m,Morbius trailer looks good.,1
Morbius trailer,22 Mar 2022,@crossetti_2001,Crossetti 🍿,"You’re a clown 🤡 Morbius first appeared in a Spider-Man comic, the trailer literally has the marvel logo, it’s being made by Sony who made Soiderman, Venom, and Venom 2",https://nitter.net/crossetti_2001/status/1506276137739063299#m,"You’re a clown 🤡 Morbius first appeared in a Spider-Man comic, the trailer literally has the marvel logo, it’s being made by Sony who made Soiderman, Venom, and Venom 2",0
Morbius trailer,22 Mar 2022,@walkingplothole,RIP BAELOR TARGARYEN,"mas talvez a parada mais importante é que o vazamento tinha duas cenas pós créditos, uma com a cena do trailer e outra onde o Toomes apresenta o Morbius ao Otto Octavius se é real ou não, vai saber",https://nitter.net/walkingplothole/status/1506275187481890829#m,"but perhaps the most important thing is that the leak had two post-credits scenes, one with the trailer scene and the other where Toomes presents Morbius to Otto Octavius ​​​​if it's real or not, you'll know",0
Morbius trailer,22 Mar 2022,@SiteJamesons,Jamesons,"O Abutre (Michael Keaton) apareceu no primeiro trailer de Morbius. Geral especulou a conexão com o MCU. Bom, tem rumor rolando que cortaram as participações ele no filme do Morbius. Agora ele vai aparecer só na cena pos-credito. Vazaram a pós-credito no trailer, bicho ...",https://nitter.net/SiteJamesons/status/1506264779362643977#m,"The Vulture (Michael Keaton) appeared in the first trailer for Morbius. General speculated the connection to the MCU. Well, there's a rumor going around that he's cut his appearances in the Morbius film. Now he will only appear in the post-credit scene. They leaked the post-credits in the trailer, dude...",0
Morbius trailer,22 Mar 2022,@joana_asf,tony stank 🦇,"bruh o trailer nao me convence, idc for morbius that much, idc for the sony universe e pelas reviews o filme ta pessimo e ja me bastou gastar dinheiro pra ver o venom 2, vejo o filme em casa e é se ver ahahaha",https://nitter.net/joana_asf/status/1506263955538391053#m,"bruh, the trailer doesn't convince me, idc for morbius that much, idc for the sony universe and from the reviews the film is terrible and I had enough to spend money to see venom 2, I watch the film at home and it's a must see ahahaha",0
Morbius trailer,22 Mar 2022,@TheDamnDoor,The Damn Door,Trailer released 1)Morbius 2)Batman 3)Venom 2 4)No Way Home Movie released 1)Venom 2 2)No Way Home 3)Batman 4)Morbius I think therefore people lost interest in it,https://nitter.net/TheDamnDoor/status/1506242674462199808#m,Trailer released 1)Morbius 2)Batman 3)Venom 2 4)No Way Home Movie released 1)Venom 2 2)No Way Home 3)Batman 4)Morbius I think therefore people lost interest in it,0
Morbius trailer,23 Mar 2022,@alexrg977,𝓐𝓵𝓮𝔁 🐜,Morbius es como Venom. Lo que ves en el tráiler es lo mejor que vas a ver.,https://nitter.net/alexrg977/status/1506768072178348033#m,Morbius is like Venom. What you see in the trailer is the best you will see.,0
Morbius trailer,23 Mar 2022,@gui__florindo,Florindo 🪩,Pensando seriamente se vale a pena assistir Morbius... Amo o Jared Leto. Mas estão falando tão mal desse filme... O trailer é bem interessante,https://nitter.net/gui__florindo/status/1506767561681162246#m,Seriously thinking about whether Morbius is worth watching... I love Jared Leto. But people are saying so much bad things about this film... The trailer is very interesting,0
Morbius trailer,23 Mar 2022,@aschnitt53,Andrew Schnittker,No Morbius trailer!? This is a scam.,https://nitter.net/aschnitt53/status/1506767318763937792#m,No Morbius trailer!? This is a scam.,0
Morbius trailer,23 Mar 2022,@yurishipper,adina™,if i have to sit through the morbius trailer one more time i’m suing sony for harassment,https://nitter.net/yurishipper/status/1506764213359947787#m,if i have to sit through the morbius trailer one more time i’m suing sony for harassment,1
Morbius trailer,23 Mar 2022,@feedmepotatoes,8.21 God.,It's rumored that the Morbius trailer fooled movie goers and that's completely false because I've BEEN telling yall that movie was gonna be big booty like Chloe Bailey.,https://nitter.net/feedmepotatoes/status/1506756587377025034#m,It's rumored that the Morbius trailer fooled movie goers and that's completely false because I've BEEN telling yall that movie was gonna be big booty like Chloe Bailey.,1
Morbius trailer,23 Mar 2022,@papin62,Isidro ♥️🇮🇨🤗,MORBIUS. Tráiler Final HD en español. En cines 1 de abril. piped.video/SYOePdCZfqM vía @YouTube,https://nitter.net/papin62/status/1506755886387286019#m,MORBIUS. Final HD Trailer in Spanish. In theaters April 1. piped.video/SYOePdCZfqM via @YouTube,0
Morbius trailer,23 Mar 2022,@bogatheclown,tia palhaço boga,trailer do filme morbius com jared leto,https://nitter.net/bogatheclown/status/1506754350789632013#m,morbius movie trailer with jared leto,0
Morbius trailer,23 Mar 2022,@pokerwithaj,J@m£$!,The trailer for Morbius has evil energy,https://nitter.net/pokerwithaj/status/1506752214873821186#m,The trailer for Morbius has evil energy,1
Morbius trailer,23 Mar 2022,@Bla30752429,Samu,"Os seré sinceros quiero que salga la peli de Morbius por dos cosas: primero porque he visto de nuevo el trailer, me parece un peliculón y es de Marvel y segundo: Jared Leto me parece un actor guapísimo",https://nitter.net/Bla30752429/status/1506744350952337415#m,"I'll be honest with you, I want the Morbius movie to come out for two things: first because I've seen the trailer again, it seems like a great movie to me and it's from Marvel and second: Jared Leto seems like a very handsome actor to me.",0
Morbius trailer,23 Mar 2022,@notmuchtosay6,notmuchtosay,Been to the theater like 4 times since December and saw a Morbius trailer every time I think,https://nitter.net/notmuchtosay6/status/1506744317569810442#m,Been to the theater like 4 times since December and saw a Morbius trailer every time I think,1
Morbius trailer,23 Mar 2022,@Ty_OBri,Tyler O'Brien,After years of seeing that trailer before movies I feel like I’ve seen the entirety of Morbius already,https://nitter.net/Ty_OBri/status/1506743555242536960#m,After years of seeing that trailer before movies I feel like I’ve seen the entirety of Morbius already,1
Morbius trailer,23 Mar 2022,@El_Hormiguero,El Hormiguero,Vemos el trailer de “Morbius” con @JaredLeto #JaredLetoEH piped.video/watch?v=SYOePdCZ…,https://nitter.net/El_Hormiguero/status/1506741079743291395#m,Vemos el trailer de “Morbius” con @JaredLeto #JaredLetoEH piped.video/watch?v=SYOePdCZ…,0
Morbius trailer,23 Mar 2022,@rags751,Raghu Seetharaman,Uhh..What? MORBIUS Trailer LIED About Spider-Man Connections?! piped.video/yuRzXet8WYQ via @YouTube,https://nitter.net/rags751/status/1506728275753717764#m,Uhh..What? MORBIUS Trailer LIED About Spider-Man Connections?! piped.video/yuRzXet8WYQ via @YouTube,0
Morbius trailer,23 Mar 2022,@TheKleinFelt,Klein Felt,"I just heard a fact that absolutely blew my mind, Morbius (a film that comes out in a week) got its first trailer months before Spider-Man: No Way Home (a film that has been in theaters for four months) even started shooting. WHAT?",https://nitter.net/TheKleinFelt/status/1506728039933046785#m,"I just heard a fact that absolutely blew my mind, Morbius (a film that comes out in a week) got its first trailer months before Spider-Man: No Way Home (a film that has been in theaters for four months) even started shooting. WHAT?",1
Morbius trailer,23 Mar 2022,@PortugalCinema,Cinema em Portugal,"""Morbius"", a nova lenda da Marvel, conta com Jared Leto e estreia dia 31 de Março nos cinemas em Portugal. #cinemaemportugal #morbius #teaser #trailer #marvel #morbiusfilme #marvelportugal #bandadesenhada #marçonoscinemas",https://nitter.net/PortugalCinema/status/1506725819955175432#m,"""Morbius"", the new Marvel legend, stars Jared Leto and opens on March 31st in Portuguese cinemas. #cinemaemportugal #morbius #teaser #trailer #marvel #morbiusfilme #marvelportugal #quadrinhos #marçonoscinemas",0
Morbius trailer,23 Mar 2022,@Neptunesalad,Ben Rock,I’d love to go into the trailer of #Morbius and deepfake Jared Leto’s “House of Gucci” it’s-a-me! A-Mario character into all the vampire shots.,https://nitter.net/Neptunesalad/status/1506714463574978562#m,I’d love to go into the trailer of #Morbius and deepfake Jared Leto’s “House of Gucci” it’s-a-me! A-Mario character into all the vampire shots.,0
Morbius trailer,23 Mar 2022,@SirEdward_da3rd,PSP chipiado,"Les aviso desde ahorita, morbius sera bien pedorra. No la he visto pero desde los teailers se nota, y si los rumores de que todo lo del trailer era paja son reales tonces sera aun mas pedorra",https://nitter.net/SirEdward_da3rd/status/1506712378502791173#m,"I'm warning you from now on, Morbius will be a real farter. I haven't seen it but it can be seen from the teasers, and if the rumors that everything in the trailer was straw are real then it will be even more farting.",0
Morbius trailer,23 Mar 2022,@DMcG4242,DMcG,"Need to photoshop the shirt to be James face during the Venom trailer, and during the morbius trailer.....",https://nitter.net/DMcG4242/status/1506711161479352329#m,"Need to photoshop the shirt to be James face during the Venom trailer, and during the morbius trailer.....",0
Morbius trailer,23 Mar 2022,@Ash71Pietro,Pietro Ferraro,Morbius: nuove featurette e tutte le anticipazioni sul film con Jared Leto cineblog.it/post/morbius-fil…,https://nitter.net/Ash71Pietro/status/1506705379509653514#m,Morbius: new featurettes and all the previews on the film with Jared Leto cineblog.it/post/morbius-fil…,0
Morbius trailer,23 Mar 2022,@SuperTalkPod,Super Talk Podcast,"#PodcastAndChill #MsMarvel trailer review, #MoonKnight , #deadpool3 , #Morbius #comicbook Orgins! Who is he? #mcu #DisneyPlus #MarvelStudios Super Talk Podcast - Comic Book Media News & Reviews yet? Check it out here: supertalk.simplecast.com/epi…",https://nitter.net/SuperTalkPod/status/1506703137582759937#m,"#PodcastAndChill #MsMarvel trailer review, #MoonKnight , #deadpool3 , #Morbius #comicbook Orgins! Who is he? #mcu #DisneyPlus #MarvelStudios Super Talk Podcast - Comic Book Media News & Reviews yet? Check it out here: supertalk.simplecast.com/epi…",0
Morbius trailer,23 Mar 2022,@DerickArmijo,Derick Armijo,Venom doesn’t say “I am Venom”. He says “We are Venom”. Sony can’t even get that right in that MORBIUS trailer.,https://nitter.net/DerickArmijo/status/1506702500602081280#m,Venom doesn’t say “I am Venom”. He says “We are Venom”. Sony can’t even get that right in that MORBIUS trailer.,0
Morbius trailer,23 Mar 2022,@crowsofkaz,G🌙 || TØP,"Lascia perdere, oggi ho letto delle cose su morbius, tipo che non ci sarà nessun riferimento a spider-man e a venom, le scene dei trailer forse le hanno eliminate, se così dovesse essere perderebbe senso tutto l'universo sony/marvel Bah",https://nitter.net/crowsofkaz/status/1506694577230602242#m,"Forget it, today I read some things about Morbius, like that there won't be any reference to Spider-Man and Venom, maybe they eliminated the scenes from the trailers, if that were to be the case the whole Sony/Marvel universe would lose meaning. Bah",0
Morbius trailer,23 Mar 2022,@daniversoo,Eternal Sunshine of a Spotless Mind,Perdi a conta de quantas vezes vi o trailer de Morbius no cinema,https://nitter.net/daniversoo/status/1506692442850013194#m,I lost count of how many times I saw the Morbius trailer in the cinema,1
Morbius trailer,23 Mar 2022,@4Motumbu,☣👽Motumbu👽☣,"Por una parte yo no creo que todo tenga que estar súper intra conectado y puedo respetar que Morbius no quiera tener conexiones con el universo de Venom o el Mcu, pero joe tampoco te pongas a mostrarlo en el tráiler solo para que la gente vea la peli",https://nitter.net/4Motumbu/status/1506688663559757828#m,"On the one hand, I don't think everything has to be super intra-connected and I can respect that Morbius doesn't want to have connections with the Venom universe or the MCU, but don't start showing it in the trailer just so people can see the movie.",0
Morbius trailer,23 Mar 2022,@MNMarvelMania,M+N Marvel Mania,"Mike and Nick dive deep into the biggest #marvel news and rumors including their hype levels for #Morbius and #MoonKnight, the recent #MsMarvel trailer and the possibility of a #Daredevil reboot on #DisneyPlus. podcasts.apple.com/us/podcas…",https://nitter.net/MNMarvelMania/status/1506687288432025610#m,"Mike and Nick dive deep into the biggest #marvel news and rumors including their hype levels for #Morbius and #MoonKnight, the recent #MsMarvel trailer and the possibility of a #Daredevil reboot on #DisneyPlus. podcasts.apple.com/us/podcas…",0
Morbius trailer,23 Mar 2022,@pixelociity,allie ⚡️,"i still think morbius is an elaborate grift from marvel—theres been virtually no promotion for it, theres been like only one trailer, and it releases on april fools day 🤔",https://nitter.net/pixelociity/status/1506668004129615888#m,"i still think morbius is an elaborate grift from marvel—theres been virtually no promotion for it, theres been like only one trailer, and it releases on april fools day 🤔",1
Morbius trailer,23 Mar 2022,@Lovelyh41704841,Dracula 🧛‍♀,"I didn't even say anything to lower his hype at the beginning, i just said yeah it looks good. Marvel makes good movies. Bruhhh i was more hyped for the Dumbledore trailer than the morbius one, they made the trailer too boring. Jared leto is a good actor but ehh the movie",https://nitter.net/Lovelyh41704841/status/1506666162008236032#m,"I didn't even say anything to lower his hype at the beginning, i just said yeah it looks good. Marvel makes good movies. Bruhhh i was more hyped for the Dumbledore trailer than the morbius one, they made the trailer too boring. Jared leto is a good actor but ehh the movie",1
Morbius trailer,23 Mar 2022,@Lovelyh41704841,Dracula 🧛‍♀,"Both my dad and I were in theaters, got tickets for batman. My dad saw an ad pic of morbius and said ""hey that looks awesome, and its marvel."" After batman, let's go watch this next. Then we saw the morbius trailer b4 batman starts... My dad looks at me, ""that was boring",https://nitter.net/Lovelyh41704841/status/1506666158241775617#m,"Both my dad and I were in theaters, got tickets for batman. My dad saw an ad pic of morbius and said ""hey that looks awesome, and its marvel."" After batman, let's go watch this next. Then we saw the morbius trailer b4 batman starts... My dad looks at me, ""that was boring",0
Morbius trailer,23 Mar 2022,@sweetenershabit,s - SLOW MOTION ERA,say what you want but all the music in the morbius trailer has been perfect fur elise? people are strange? legendary #MORBIUSSWEEP,https://nitter.net/sweetenershabit/status/1506666039056109569#m,say what you want but all the music in the morbius trailer has been perfect fur elise? people are strange? legendary #MORBIUSSWEEP,0
Morbius trailer,23 Mar 2022,@MoGray80,MoniqueG.,"No shade, thou I'm not a huge fan of @JaredLeto,by just watching EVERY SINGLE trailer I come across, he makes me believe that he is #Morbius,just off of trailers, so I'm 4 sooo here 4 this movie can't wait & I think this movie may change my about #JaredLeto, going 4ward😏😉",https://nitter.net/MoGray80/status/1506661393541607424#m,"No shade, thou I'm not a huge fan of @JaredLeto,by just watching EVERY SINGLE trailer I come across, he makes me believe that he is #Morbius,just off of trailers, so I'm 4 sooo here 4 this movie can't wait & I think this movie may change my about #JaredLeto, going 4ward😏😉",0
Morbius trailer,23 Mar 2022,@glukeperrin,Luke Perrin,You know what I want? To watch the Morbius trailer again,https://nitter.net/glukeperrin/status/1506660821660844035#m,You know what I want? To watch the Morbius trailer again,0
Morbius trailer,23 Mar 2022,@SuperTalkPod,Super Talk Podcast,"Episode 62- #MsMarvel trailer review, will this be good? #DisneyPlus #moonknight #Deadpool3 #Morbius who is he? #morbiusthelivingvampire Comic book origins and much more! #MCU #comicbooks #superhero Available on #Podcast outlets and #youtube",https://nitter.net/SuperTalkPod/status/1506659488560001031#m,"Episode 62- #MsMarvel trailer review, will this be good? #DisneyPlus #moonknight #Deadpool3 #Morbius who is he? #morbiusthelivingvampire Comic book origins and much more! #MCU #comicbooks #superhero Available on #Podcast outlets and #youtube",0
Morbius trailer,23 Mar 2022,@Francyxero,Francyxero,"Purtroppo non uscirà mai il trailer in periodo di produzioni Marvel,ora ci sono Morbius e Moon Knight…credo se ne riparli all’uscita di Doctor Strange oppure a metà Aprile",https://nitter.net/Francyxero/status/1506655161644732419#m,"Unfortunately the trailer will never be released during the Marvel production period, now there's Morbius and Moon Knight... I think we'll talk about it again when Doctor Strange comes out or in mid-April",0
Morbius trailer,23 Mar 2022,@SuperTalkPod,Super Talk Podcast,"Ms Marvel Trailer, DeadPool 3, MoonKnight, Morbius Movie Comic Origins S... piped.video/yYDhvCmWnqY via @YouTube",https://nitter.net/SuperTalkPod/status/1506652330850193419#m,"Ms Marvel Trailer, DeadPool 3, MoonKnight, Morbius Movie Comic Origins S... piped.video/yYDhvCmWnqY via @YouTube",0
Morbius trailer,23 Mar 2022,@B_Allen53,Hand of the Queen,-I’m highly doubtful that Ms. Marvel will be good based on that trailer. -Morbius is getting awful reviews…none of us are shocked. -Uncharted is out? Since when? -Target has the Daniel Craig Bond collection in 4K for $50. Aaron and Nash get on it. -Get Nash’s numbers up,https://nitter.net/B_Allen53/status/1506652140437217281#m,-I’m highly doubtful that Ms. Marvel will be good based on that trailer. -Morbius is getting awful reviews…none of us are shocked. -Uncharted is out? Since when? -Target has the Daniel Craig Bond collection in 4K for $50. Aaron and Nash get on it. -Get Nash’s numbers up,0
Morbius trailer,23 Mar 2022,@Dellmo_mp3,Dellmo,Le trailer de Morbius sur twitch me donne des ulcères,https://nitter.net/Dellmo_mp3/status/1506637208232595460#m,Morbius trailer on twitch gives me ulcers,0
Morbius trailer,23 Mar 2022,@EnchiLevvy,himbo simp ☀️,"Are people actually excited for Morbius, the trailer looked so boring...",https://nitter.net/EnchiLevvy/status/1506632982848811014#m,"Are people actually excited for Morbius, the trailer looked so boring...",1
Morbius trailer,23 Mar 2022,@zulfaqar1994,Jul,Scene Adrian Toomes yg ditunjukkan dlm trailer Morbius kemungkinan merupakan cut scene. Toomes still akan muncul dlm post-credit scene tp scene lain.,https://nitter.net/zulfaqar1994/status/1506632469050957825#m,The Adrian Toomes scene shown in the Morbius trailer is probably a cut scene. Toomes will still appear in the post-credit scene but in another scene.,0
Morbius trailer,23 Mar 2022,@zulfaqar1994,Jul,Tak pernah dibuat orang ye masukkan post-credit scene dlm trailer. Sony laaa yg first. Adrian Toomes hanya akan muncul dlm post-credit scene sahaja. Morbius juga tak termasuk dlm Marvel Cinematic Universe tapi hanya berlaku dlm universe dia sendiri shj. #Morbius,https://nitter.net/zulfaqar1994/status/1506631923871141888#m,"No one has ever made a post-credit scene in a trailer. Sony is the first one. Adrian Toomes will only appear in the post-credit scene. Morbius is also not included in the Marvel Cinematic Universe but only applies in his own universe, of course. #Morbius",0
Morbius trailer,24 Mar 2022,@kicker_louis,Orion’s Freedom,What real comic book fans thought when we saw the trailer of this Morbius movie for the first time,https://nitter.net/kicker_louis/status/1507139967637766152#m,What real comic book fans thought when we saw the trailer of this Morbius movie for the first time,1
Morbius trailer,24 Mar 2022,@Chiova_muyenga,Rama M Chiova,I want to watch Morbius mais le trailer me fait flipper 😭😭😭,https://nitter.net/Chiova_muyenga/status/1507135654597177345#m,I want to watch Morbius mais le trailer me fait flipper 😭😭😭,1
Morbius trailer,24 Mar 2022,@gardenoutro,macaulay cockin,Morbius looked like it should’ve been sent straight to streaming based on the trailer alone,https://nitter.net/gardenoutro/status/1507134001559048192#m,Morbius looked like it should’ve been sent straight to streaming based on the trailer alone,0
Morbius trailer,24 Mar 2022,@gldmscno,bolo de cake,"O trailer denunciava que seria um filme ruim, mas caralho kkkkkkkk a galera descendo a lenha na Sony kkkkkkkkk #Morbius",https://nitter.net/gldmscno/status/1507127371941531655#m,"The trailer indicated that it would be a bad film, but damn hahahahahahahahahahahahahahahahahahahahahahahahahahahahahahahahahaha #Morbius",0
Morbius trailer,24 Mar 2022,@cinemonkai,🧛🏾‍♀️,"If I have to see the morbius trailer one more time... It doesn't even matter what movie I go see, the morbius trailer is somehow always a part of the previews roster. ENOUGH",https://nitter.net/cinemonkai/status/1507123824797626374#m,"If I have to see the morbius trailer one more time... It doesn't even matter what movie I go see, the morbius trailer is somehow always a part of the previews roster. ENOUGH",1
Morbius trailer,24 Mar 2022,@TTD94_YT,TameTheDragon94,"Morbius WILL BE the GREATEST MOVIE OF ALL TIME The word cinema was INVENTED when the MORBIUS TRAILER DROPPED This will be the HIT MOVIE of 2022 Movie of the year, no, movie of the CENTURY #Morbius #Morbius #Morbius #Morbius #Morbius #Morbius #Morbius #Morbius",https://nitter.net/TTD94_YT/status/1507121755281887237#m,"Morbius WILL BE the GREATEST MOVIE OF ALL TIME The word cinema was INVENTED when the MORBIUS TRAILER DROPPED This will be the HIT MOVIE of 2022 Movie of the year, no, movie of the CENTURY #Morbius #Morbius #Morbius #Morbius #Morbius #Morbius #Morbius #Morbius",1
Morbius trailer,24 Mar 2022,@slkmorales,jude⚡️,I mean that's also true 👍 best to judge a book by its cover morbius might be good movie tbh but the trailer isn't really saying much,https://nitter.net/slkmorales/status/1507110205099757577#m,I mean that's also true 👍 best to judge a book by its cover morbius might be good movie tbh but the trailer isn't really saying much,1
Morbius trailer,24 Mar 2022,@WTBDavidG,David Gillon,"Sigh, looking at the trailer for Marvel's #Morbius and yet again we seem to have a major film based on the premise that disabled people will do anything to stop being disabled piped.video/watch?v=oZ6iiRrz… 1/2",https://nitter.net/WTBDavidG/status/1507095675418419205#m,"Sigh, looking at the trailer for Marvel's #Morbius and yet again we seem to have a major film based on the premise that disabled people will do anything to stop being disabled piped.video/watch?v=oZ6iiRrz… 1/2",1
Morbius trailer,24 Mar 2022,@IckyWoodz,Saint Ignatius,Ion know nothin bout the backstory but that Morbius shit looked too raw on the trailer. 🔥,https://nitter.net/IckyWoodz/status/1507094963930152960#m,Ion know nothin bout the backstory but that Morbius shit looked too raw on the trailer. 🔥,0
Morbius trailer,24 Mar 2022,@blerdwords,Kyle Tyrone Ferguson,It hurts a little every time I see a #Morbius trailer,https://nitter.net/blerdwords/status/1507083254821699589#m,It hurts a little every time I see a #Morbius trailer,1
Morbius trailer,24 Mar 2022,@wonboyfie,bebea EAS TOUR,n sei se verei morbius pq no trailer no cinema vi 1 cena q fiquei perturbada sou mt fresca,https://nitter.net/wonboyfie/status/1507082208955273228#m,"I don't know if I'll see Morbius because in the trailer at the cinema I saw 1 scene that disturbed me, I'm very fresh",1
Morbius trailer,24 Mar 2022,@GoldenxHabit,kea | ⊗ ⎊,keep getting morbius trailer ads everywhere like it’s never been this bad for a marvel movie,https://nitter.net/GoldenxHabit/status/1507079434138013701#m,keep getting morbius trailer ads everywhere like it’s never been this bad for a marvel movie,1
Morbius trailer,24 Mar 2022,@mikehakeemz,MH 🇲🇾🇵🇸,tgk trailer Morbius ni macam best,https://nitter.net/mikehakeemz/status/1507072459287121927#m,This Morbius trailer looks like the best,0
Morbius trailer,24 Mar 2022,@Otisthewriter,Otis,🚨🚨Morbius trailer LIED about Spider-Man piped.video/shorts/VOdTCI-sC… via @YouTube #SpiderMan #morbius 🚨🚨🚨,https://nitter.net/Otisthewriter/status/1507067066414686222#m,🚨🚨Morbius trailer LIED about Spider-Man piped.video/shorts/VOdTCI-sC… via @YouTube #SpiderMan #morbius 🚨🚨🚨,0
Morbius trailer,24 Mar 2022,@bradyskjeidy,danielle,YES EXACTLY WHAT I CAME HERE FOR THE MORBIUS TRAILER,https://nitter.net/bradyskjeidy/status/1507061296528830474#m,YES EXACTLY WHAT I CAME HERE FOR THE MORBIUS TRAILER,0
Morbius trailer,24 Mar 2022,@bradyskjeidy,danielle,i'm ready to watch the morbius trailer,https://nitter.net/bradyskjeidy/status/1507056179134013440#m,i'm ready to watch the morbius trailer,1
Morbius trailer,24 Mar 2022,@aschnitt53,Andrew Schnittker,Maybe it can replace the Morbius trailer once that movie actually airs,https://nitter.net/aschnitt53/status/1507051508944326669#m,Maybe it can replace the Morbius trailer once that movie actually airs,1
Morbius trailer,24 Mar 2022,@PhillyFlash59,Jeffrey C. Branch,Same here. I’ve been interested in Morbius since I saw the first trailer. I think it’ll be surprisingly good.,https://nitter.net/PhillyFlash59/status/1507022824376053761#m,Same here. I’ve been interested in Morbius since I saw the first trailer. I think it’ll be surprisingly good.,1
Morbius trailer,24 Mar 2022,@PsychoticDreams,Mikey (They/Them) 🏳️‍🌈,"I've always found Morbius to be interesting and also think the trailer looks fun. Cheesy fun, but fun none the less.",https://nitter.net/PsychoticDreams/status/1507019707794149387#m,"I've always found Morbius to be interesting and also think the trailer looks fun. Cheesy fun, but fun none the less.",1
Morbius trailer,24 Mar 2022,@GailSimone,Gail Simone 💙💛,"I know I am in the minority here, but I can’t wait to see Morbius. One of my favorite characters. I thought the trailer looked great.",https://nitter.net/GailSimone/status/1507019478298624008#m,"I know I am in the minority here, but I can’t wait to see Morbius. One of my favorite characters. I thought the trailer looked great.",1
Morbius trailer,24 Mar 2022,@MegaLucarioX,PKMN MASTER KATHIR,"I’m just going to see #Morbius to see what universe it is and why Keaton is there looool, but heard all the trailer stuff was scrapped and he’s only a post credit now haha…..",https://nitter.net/MegaLucarioX/status/1507016712243228673#m,"I’m just going to see #Morbius to see what universe it is and why Keaton is there looool, but heard all the trailer stuff was scrapped and he’s only a post credit now haha…..",0
Morbius trailer,24 Mar 2022,@neontaster,Noam Blum,There are rumors that all the Spidey connections in Morbius were trailer bait and are almost entirely absent in the movie itself. A fake out to get you in seats.,https://nitter.net/neontaster/status/1506980483439153157#m,There are rumors that all the Spidey connections in Morbius were trailer bait and are almost entirely absent in the movie itself. A fake out to get you in seats.,1
Morbius trailer,24 Mar 2022,@Matioski,Mattia Pozzoli,"Alle 14:00, nel Matioski Show, assieme a Grazia Sambruna e The Unbounds, parleremo di: - Morbius: i trailer ci stanno prendendo in giro? - WandaVision: la seconda stagione non si farà! - Marvel: Loki ritorna nei prossimi film? piped.video/w5T0YgWiJwo",https://nitter.net/Matioski/status/1506975492880097283#m,"At 2.00 pm, on the Matioski Show, together with Grazia Sambruna and The Unbounds, we will talk about: - Morbius: are the trailers fooling us? - WandaVision: the second season will not happen! - Marvel: Does Loki return in the next films? piped.video/w5T0YgWiJwo",0
Morbius trailer,24 Mar 2022,@beaujohnson44,Beau Johnson,"I don't know about this Morbius movie. In light of the trailer bait that has come to the surface it feels as though this movie may lack, dare I say, cohesive webbing? Yes, I'll show myself out. 🤪",https://nitter.net/beaujohnson44/status/1506970811374182401#m,"I don't know about this Morbius movie. In light of the trailer bait that has come to the surface it feels as though this movie may lack, dare I say, cohesive webbing? Yes, I'll show myself out. 🤪",1
Morbius trailer,24 Mar 2022,@lastintheplanet,⚽,in compenso sto leggendo solamente commenti negativi da chi l'ha visto in anteprima ora: o è il più grosso scam della storia iniziato con trailer molto ambigui oppure mi ritroverò a dover saltare sul seggiolino come è successo per Spiderman quali dei due? #Morbius,https://nitter.net/lastintheplanet/status/1506960368714850313#m,on the other hand I'm only reading negative comments from those who saw it in preview now: either it's the biggest scam in history that started with very ambiguous trailers or I'll find myself having to jump on the seat like what happened with Spiderman which of the two? #Morbius,0
Morbius trailer,24 Mar 2022,@Eurogerg,Gergory Monkeyfist,"It looked terrible from the beginning, and each new trailer only made it look worse. I love vampire shit. I love superhero shit. I read a lot of Morbius comics in the 90s. If the marketing for this movie can't even sell ME on it...",https://nitter.net/Eurogerg/status/1506928847006093314#m,"It looked terrible from the beginning, and each new trailer only made it look worse. I love vampire shit. I love superhero shit. I read a lot of Morbius comics in the 90s. If the marketing for this movie can't even sell ME on it...",1
Morbius trailer,24 Mar 2022,@luciacobo13,Lucía,he visto el trailer de morbius y ahora solo quiero verla,https://nitter.net/luciacobo13/status/1506915587255119874#m,I've seen the Morbius trailer and now I just want to see it,1
Morbius trailer,24 Mar 2022,@Hockeycaden12,Hockeycaden12,Honestly I saw the morbius trailer for the first time and had the same exact thought,https://nitter.net/Hockeycaden12/status/1506911759705194496#m,Honestly I saw the morbius trailer for the first time and had the same exact thought,1
Morbius trailer,24 Mar 2022,@shaunspringer,Shaun Springer ,What if they never release #Morbius and instead just make a new trailer for it every 3 months until we all die?,https://nitter.net/shaunspringer/status/1506911615161036802#m,What if they never release #Morbius and instead just make a new trailer for it every 3 months until we all die?,0
Morbius trailer,24 Mar 2022,@itsclixs,Cli𝕏s,I mean we already knew that because we saw spiderman poster in the morbius trailer I think its on tasm universe,https://nitter.net/itsclixs/status/1506875534923337733#m,I mean we already knew that because we saw spiderman poster in the morbius trailer I think its on tasm universe,0
Morbius trailer,24 Mar 2022,@ZamundaTwice,Art Vandalay,"You mean to tell me Vulture isn’t even in Morbius, they just put him in the trailer to sell the movie? 😂😂😂😂😂",https://nitter.net/ZamundaTwice/status/1506859081692180482#m,"You mean to tell me Vulture isn’t even in Morbius, they just put him in the trailer to sell the movie? 😂😂😂😂😂",0
Morbius trailer,24 Mar 2022,@chili_roberto,Chilly,Después de varios atrasos y varias ilusiones en falso por fin este 1ro de #abril 2022 #Sony #Marvel nos trae #Morbius el trailer se ve muy interesante sobre todo este nuevo spiderverse q han creado (alusión a Vulture y Venom) piped.video/watch?v=oZ6iiRrz…,https://nitter.net/chili_roberto/status/1506840705049640961#m,"After several delays and several false illusions, finally this #April 1st, 2022 #Sony #Marvel brings us #Morbius, the trailer looks very interesting, especially this new spiderverse that they have created (allusion to Vulture and Venom) piped.video/watch?v=oZ6iiRrz…",0
Morbius trailer,24 Mar 2022,@lsthief,hero cop ser dunk,"It is November 2019. I am seeing a Morbius trailer before my film. It is March 2020 and I am seeing a Morbius trailer before my film. It is October 2021. I am seeing a Morbius trailer before my film. It is March 2022, and I am seeing--",https://nitter.net/lsthief/status/1506826903214342145#m,"It is November 2019. I am seeing a Morbius trailer before my film. It is March 2020 and I am seeing a Morbius trailer before my film. It is October 2021. I am seeing a Morbius trailer before my film. It is March 2022, and I am seeing--",1
Morbius trailer,24 Mar 2022,@Daylancaster1,Preta 🦋,"Agr quero assistir Sonic, ambulância: um dia de crime e Morbius 🥰 só pelo trailer deu pra ver que são bons",https://nitter.net/Daylancaster1/status/1506820620536975361#m,"Now I want to watch Sonic, Ambulance: A Day of Crime and Morbius 🥰 just from the trailer you can see that they are good",0
Morbius trailer,24 Mar 2022,@Chuck_039,IrishCocksPirates,hornets lost and i've seen the morbius trailer tonight i'm fighting back tears man fuck tonight,https://nitter.net/Chuck_039/status/1506812252132823044#m,hornets lost and i've seen the morbius trailer tonight i'm fighting back tears man fuck tonight,1
Morbius trailer,24 Mar 2022,@SirEdward_da3rd,PSP chipiado,Si pero supuestamente las referencias que hacian a el que estaban en el trailer de morbius las quitaron de la movie,https://nitter.net/SirEdward_da3rd/status/1506804659943620608#m,"Yes, but supposedly the references they made to him that were in the Morbius trailer were removed from the movie",1
Morbius trailer,24 Mar 2022,@mixaliskrat,Mixalis Kratimenos,superheronews.gr/2022/02/fin…,https://nitter.net/mixaliskrat/status/1506798954272284672#m,superheronews.gr/2022/02/fin…,0
Morbius trailer,24 Mar 2022,@vickster51,vickster51,If this is true then the recent trailer got Morbius was very manipulative marketing. Build the hype it’s linked to Spider-Man and then people discover all those trailer scenes have been cut when they see the film. Don’t like that. That’s shady.,https://nitter.net/vickster51/status/1506794092386304003#m,If this is true then the recent trailer got Morbius was very manipulative marketing. Build the hype it’s linked to Spider-Man and then people discover all those trailer scenes have been cut when they see the film. Don’t like that. That’s shady.,1
Morbius trailer,24 Mar 2022,@HeshamAlsulaim1,Hesham Alsulaiman,Morbius 2022 (OFFICIAL TRAILER) piped.video/At_Ohy4uOBM via @YouTube,https://nitter.net/HeshamAlsulaim1/status/1506790954660995076#m,Morbius 2022 (OFFICIAL TRAILER) piped.video/At_Ohy4uOBM via @YouTube,0
Morbius trailer,24 Mar 2022,@Ty_OBri,Tyler O'Brien,We go into Licorice Pizza hoping to see some A24 trailers and we get the fourth Morbius trailer lmaoo,https://nitter.net/Ty_OBri/status/1506789367351848960#m,We go into Licorice Pizza hoping to see some A24 trailers and we get the fourth Morbius trailer lmaoo,1
Morbius trailer,25 Mar 2022,@mprescott33,Mark Prescott,They shot scenes with Keaton in Morbius before the Sony Disney make up. Then put him in the trailer so they had to come up with a reason that makes zero sense,https://nitter.net/mprescott33/status/1507505674321731585#m,They shot scenes with Keaton in Morbius before the Sony Disney make up. Then put him in the trailer so they had to come up with a reason that makes zero sense,0
Morbius trailer,25 Mar 2022,@BuffaloWings314,C∀RNAL M∀LEFACTOR || 🌈🖤🪩🧟,"Are people JUST now realizing that Morbius might be a bad movie? Girl, wbk ever since that first trailer back in 2020 when it looked like Venom 2.0",https://nitter.net/BuffaloWings314/status/1507503631595192320#m,"Are people JUST now realizing that Morbius might be a bad movie? Girl, wbk ever since that first trailer back in 2020 when it looked like Venom 2.0",1
Morbius trailer,25 Mar 2022,@Javi_Parker,Javi_Parker,"Yo te entiendo de verdad, pero es que está siendo el marketing de la peli. Como lo es Xavier en el tráiler de DS2 o lo fue Otto en NWH. El propio Buitre sale en el tráiler de Morbius, ahora solo han aclarado de forma oficial antes del estreno porqué aparece.",https://nitter.net/Javi_Parker/status/1507502924586438664#m,"I really understand you, but it's just the marketing of the movie. Like Xavier is in the DS2 trailer or Otto was in NWH. The Vulture himself appears in the Morbius trailer, now they have only officially clarified before the premiere why he appears.",0
Morbius trailer,25 Mar 2022,@zephyrus_exe,Zephyr,"I’m so sick of seeing the Morbius trailer before every fucking movie. It’s going to suck, and it’s already lost points with me for literally trying to dupe every Spider-Man fan into seeing this piece of shit. I’m still gonna see it tho so I guess the adverts worked",https://nitter.net/zephyrus_exe/status/1507501821300027405#m,"I’m so sick of seeing the Morbius trailer before every fucking movie. It’s going to suck, and it’s already lost points with me for literally trying to dupe every Spider-Man fan into seeing this piece of shit. I’m still gonna see it tho so I guess the adverts worked",1
Morbius trailer,25 Mar 2022,@pbx1740,pbx1740,"i saw the batman last sat, and jjk 0 this wed. morbius didnt have a trailer at the batman, but did at jjk 0 with the january 2022 release date at the end lol",https://nitter.net/pbx1740/status/1507501816476487688#m,"i saw the batman last sat, and jjk 0 this wed. morbius didnt have a trailer at the batman, but did at jjk 0 with the january 2022 release date at the end lol",0
Morbius trailer,25 Mar 2022,@vitorhonorio0,manoel vitor,"O negócio é que a Sony jogou errado com Morbius. Venom já era conhecido, por isso o sucesso. No caso do Morbius, ele é um Zé ninguém pro público. Então precisavam de algo pra puxar o público. Aí foram e me meteram o Abutre no Trailer o que gerou dúvidas.",https://nitter.net/vitorhonorio0/status/1507500958162558983#m,"The thing is, Sony played it wrong with Morbius. Venom was already known, hence the success. In the case of Morbius, he is a nobody to the public. So they needed something to attract the public. Then they went and put the Vulture in the Trailer, which raised doubts.",0
Morbius trailer,25 Mar 2022,@Javi_Parker,Javi_Parker,"Por cierto muy gracioso también que venga alguien a decirme que porque hablo sobre el buitre en Morbius, y estoy pensando... Ya no solo es que lo cuente el director. ¡Salió en un trailer hace AÑO Y MEDIO! XD",https://nitter.net/Javi_Parker/status/1507499972484337671#m,"By the way, it's also very funny that someone comes to tell me that because I'm talking about the vulture in Morbius, and I'm thinking... It's not just the director telling it anymore. It came out in a trailer A YEAR AND A HALF ago! XD",0
Morbius trailer,25 Mar 2022,@stvn9469,Stvn94,par élimination : Le « Tobey-verse » a(vait) déjà son Eddy et son venom et qu’ils ont déjà combattu ( mais dans le trailer de morbius on voit le spider Man de Tobey. bzr ) Pour des raisons évidentes ça peut pas être celui de tom. Donc Andrew,https://nitter.net/stvn9469/status/1507497875005181958#m,by elimination: The “Tobey-verse” already has its Eddy and its Venom and they have already fought (but in the Morbius trailer we see Tobey's Spider Man. bzr) For obvious reasons it can't be Tom's. So Andrew,0
Morbius trailer,25 Mar 2022,@alxhenriq,g r e g,"puta que pariu, vendo pela milésima vez o trailer de Morbius, Jared Leto, que homem maravilhoso.",https://nitter.net/alxhenriq/status/1507497570792361985#m,"Holy shit, watching the Morbius trailer for the thousandth time, Jared Leto, what a wonderful man.",0
Morbius trailer,25 Mar 2022,@Rejisu14,Halos.Réjisu ❄,"Eu tô com dó real de Morbius. Filme nem chegou ao grande público e já tem muita crítica ruim de todos os lados. Pior que o personagem é bom, o visual no trailer tá bom também, mas será um daqueles filmes que não vai nem se pagar.",https://nitter.net/Rejisu14/status/1507497060236505095#m,"I really feel sorry for Morbius. The film hasn't even reached the general public and it already has a lot of bad reviews from all sides. Worse than the character is good, the look in the trailer is good too, but it will be one of those films that won't even pay off.",0
Morbius trailer,25 Mar 2022,@RubSataray,Rubén Sataray,"Casi todas las reseñas de Morbius han dicho que la película es muy mala y boba, y yo me preguntó: ¿Por qué se sorprenden? Desde los primeros avances se veía chafona y ese tráiler con las referencias a los 3 Spider-Man sólo fue un intento desesperado por obtener hype.",https://nitter.net/RubSataray/status/1507491406192992257#m,"Almost all the reviews of Morbius have said that the movie is very bad and stupid, and I asked myself: Why are they surprised? From the first trailers it looked shabby and that trailer with the references to the 3 Spider-Man was just a desperate attempt to get hype.",0
Morbius trailer,25 Mar 2022,@LlealRRR,lleal chesshire,tem a porra dum muro do homem aranha no trailer do morbius,https://nitter.net/LlealRRR/status/1507488592758820865#m,There's a fucking Spider-Man wall in the Morbius trailer,0
Morbius trailer,25 Mar 2022,@quimerasemnome,Jimmy,sendo sincerão essa porra de Morbius tava com cheiro de porqueira desde o primeiro trailer viu,https://nitter.net/quimerasemnome/status/1507485624630136837#m,"To be honest, this fucking Morbius smelled like shit from the first trailer, see?",0
Morbius trailer,25 Mar 2022,@_natanogueira_,Natan,no trailer de morbius aparece uma pintura do homem aranha do tobey num muro,https://nitter.net/_natanogueira_/status/1507483148787101696#m,"In the trailer for Morbius, a painting of Tobey's Spider-Man appears on a wall",0
Morbius trailer,25 Mar 2022,@AnacristinaDos,Ana Cristina,"No momento em que o Abutre apareceu no trailer do Morbius e logo depois anunciaram que iriam fazer o filme do Kraven, ficou bem claro que a intenção era trazer msm o Sexteto, só faltava verbalizar isso",https://nitter.net/AnacristinaDos/status/1507481446830809092#m,"The moment the Vulture appeared in the Morbius trailer and soon after they announced that they were going to make the Kraven film, it was very clear that the intention was to bring in the Sextet, all that was left to do was verbalize it.",0
Morbius trailer,25 Mar 2022,@EVILDE4D,alex 🦇,oh i absolutely know that morbius is going to be ass solely based on the terrible line delivery of the venom joke in the trailer,https://nitter.net/EVILDE4D/status/1507478994412843011#m,oh i absolutely know that morbius is going to be ass solely based on the terrible line delivery of the venom joke in the trailer,1
Morbius trailer,25 Mar 2022,@raysofgames,Ray 🐉,YouTube has forced the Morbius trailer on me so much recently that I’m genuinely considering boycotting it out of spite.,https://nitter.net/raysofgames/status/1507478418522259457#m,YouTube has forced the Morbius trailer on me so much recently that I’m genuinely considering boycotting it out of spite.,1
Morbius trailer,25 Mar 2022,@t_shults89,Thomas Shults,Morbius' final trailer?,https://nitter.net/t_shults89/status/1507475911565709314#m,Morbius' final trailer?,0
Morbius trailer,25 Mar 2022,@Sneed26,Sneed,Worst …Morbius. I mean just going off the reviews & feed back so far. I myself was never really invested in this movie. Trailer looked meh & I’m not a fan of Jared Leto,https://nitter.net/Sneed26/status/1507475423080300545#m,Worst …Morbius. I mean just going off the reviews & feed back so far. I myself was never really invested in this movie. Trailer looked meh & I’m not a fan of Jared Leto,1
Morbius trailer,25 Mar 2022,@harrytaggs,ThatBoyNiceMUSE,Every trailer or clip I’ve seen for ‘Morbius’ looks fucking terrible lmaoooo,https://nitter.net/harrytaggs/status/1507466241665085441#m,Every trailer or clip I’ve seen for ‘Morbius’ looks fucking terrible lmaoooo,1
Morbius trailer,25 Mar 2022,@jessehawken,Jesse Hawken,"In comedy you have to commit to the bit. And the “producers” of the “movie” MORBIUS get this. Even though it’s not real, they created a fake poster, a fake trailer and fake “preview” screenings. But with 7 days to go before “opening day” on April 1st, they still insist it’s real",https://nitter.net/jessehawken/status/1507463493020135427#m,"In comedy you have to commit to the bit. And the “producers” of the “movie” MORBIUS get this. Even though it’s not real, they created a fake poster, a fake trailer and fake “preview” screenings. But with 7 days to go before “opening day” on April 1st, they still insist it’s real",1
Morbius trailer,25 Mar 2022,@Douglas13757009,Douglas Resende,Watch the Final Trailer for 'Morbius' marvel.com/articles/movies/m…,https://nitter.net/Douglas13757009/status/1507462069322457095#m,Watch the Final Trailer for 'Morbius' marvel.com/articles/movies/m…,0
Morbius trailer,25 Mar 2022,@MediveCris,Willz ☽︎☾︎ 🟨,"Não é surpresa, no roteiro vazado o abutre é >LEVADO< para o universo do morbius por causa do feitiço do doutor estranho(coisa que não é oq o feitiço faz). Além de que o abutre só aparece na cena pós-creditos, ou seja, já vazou o pós créditos no trailer",https://nitter.net/MediveCris/status/1507451104606441479#m,"It's no surprise, in the leaked script the vulture is >TAKEN< to the Morbius universe because of Doctor Strange's spell (which is not what the spell does). Furthermore, the vulture only appears in the post-credits scene, meaning the post-credits have already been leaked in the trailer.",0
Morbius trailer,25 Mar 2022,@Lugei,Lug,Holy fuck the morbius trailer is unfunny like i don't think I could stand watching a second of the movie,https://nitter.net/Lugei/status/1507445284430880768#m,Holy fuck the morbius trailer is unfunny like i don't think I could stand watching a second of the movie,1
Morbius trailer,25 Mar 2022,@Batmancanceeu,🦇𝙱𝙰𝚃𝙼𝙰𝙽🦇,Watch the Morbius trailer again.,https://nitter.net/Batmancanceeu/status/1507444479363584036#m,Watch the Morbius trailer again.,1
Morbius trailer,25 Mar 2022,@jibraelharrell,Jibs,If I see another Morbius trailer…🙄,https://nitter.net/jibraelharrell/status/1507443881645953041#m,If I see another Morbius trailer…🙄,0
Morbius trailer,25 Mar 2022,@alifefilmodic,Wes,"Took a mental health day, seated for X, watching the Morbius trailer for hopefully the final time.",https://nitter.net/alifefilmodic/status/1507440909587480576#m,"Took a mental health day, seated for X, watching the Morbius trailer for hopefully the final time.",1
Morbius trailer,25 Mar 2022,@CupzDos,CovertCoupe,Can't say that I'm disappointed that they saying Morbius Cheeks ..kinda figured it would be from the trailer,https://nitter.net/CupzDos/status/1507435631856783375#m,Can't say that I'm disappointed that they saying Morbius Cheeks ..kinda figured it would be from the trailer,0
Morbius trailer,25 Mar 2022,@steelrattus,The Stainless Steel Rat,The trailer is poor so I can believe it denofgeek.com/movies/morbius…,https://nitter.net/steelrattus/status/1507431535112294413#m,The trailer is poor so I can believe it denofgeek.com/movies/morbius…,0
Morbius trailer,25 Mar 2022,@Vimayra13,𝓥𝓲𝓸𝓵𝓮𝓽𝓪 || ❯ ❯ ❯ ❯,Acabo de escuchar parte del tráiler de Morbius en español y de verdad...una pena que no me den opción a V.O porque la voz de Jared Leto me gusta mucho y voy a estar así toda la película:,https://nitter.net/Vimayra13/status/1507431187651907589#m,I just listened to part of the Morbius trailer in Spanish and it's really a shame that they don't give me the option to use V.O because I really like Jared Leto's voice and I'm going to be like this for the entire movie:,0
Morbius trailer,25 Mar 2022,@CinePREMIERE,Cine PREMIERE,Morbius llega a los cines la próxima semana. Tienes que ver la transformación de Jared Leto al terrorífico personaje. cinepremiere.com.mx/morbius-…,https://nitter.net/CinePREMIERE/status/1507422630768529412#m,Morbius hits theaters next week. You have to see Jared Leto's transformation into the terrifying character. cinepremiere.com.mx/morbius-…,0
Morbius trailer,25 Mar 2022,@Faraz39011590,Batman and King Shark Stan,he thought morbius trailer looks good over the batman trailer😂😂😂😂,https://nitter.net/Faraz39011590/status/1507416557869182976#m,he thought morbius trailer looks good over the batman trailer😂😂😂😂,0
Morbius trailer,25 Mar 2022,@DrOctoberphd,Brooks Hamer 🎃,Morbius is def my most anticipated film release of the year. Can’t wait to never have to see that fuckin trailer before a movie again,https://nitter.net/DrOctoberphd/status/1507415201624207364#m,Morbius is def my most anticipated film release of the year. Can’t wait to never have to see that fuckin trailer before a movie again,1
Morbius trailer,25 Mar 2022,@thefalsearcher,𝐉𝐚𝐜𝐤 🌊🏹🪐,@YouTube. FUCK OFF WITH YOUR ADS. I swear if I get another video where I have to sit through the fucking Morbius trailer 3 TIMES. I will. Unleash. Hell.,https://nitter.net/thefalsearcher/status/1507412081330606082#m,@YouTube. FUCK OFF WITH YOUR ADS. I swear if I get another video where I have to sit through the fucking Morbius trailer 3 TIMES. I will. Unleash. Hell.,0
Morbius trailer,25 Mar 2022,@Project_Ander,who?,I seen that Morbius trailer and he made me hate him even more. The only movie I saw him in that didn’t make me hate him more was in Dallas Buyer’s club.,https://nitter.net/Project_Ander/status/1507407304446312452#m,I seen that Morbius trailer and he made me hate him even more. The only movie I saw him in that didn’t make me hate him more was in Dallas Buyer’s club.,1
Morbius trailer,25 Mar 2022,@chucksebasp,Chuck,"Yo lo veía como Morbius al men. Me encantaba como se vió en el primer trailer. Para mí, era el cast perfecto, pero... uff, que mal por él. Ni el Guasón, ni el murciélago... ¡Ja! Que curioso. Pero ni de Dc, ni de Marvel. Vaya mala suerte tiene...",https://nitter.net/chucksebasp/status/1507405765501407235#m,"I saw him as Morbius at least. I loved how it looked in the first trailer. For me, he was the perfect cast, but... ugh, too bad for him. Not the Joker, not the bat... Ha! How curious. But neither from DC, nor from Marvel. What bad luck he has...",0
Morbius trailer,25 Mar 2022,@cowboyAlienstar,staryonce,Spoiler : la escena post crédito es la escena que vimos en el tráiler donde morbius se encuentra con el buitre solo que un poco mas larga,https://nitter.net/cowboyAlienstar/status/1507395726451613719#m,"Spoiler: the post-credit scene is the scene we saw in the trailer where Morbius meets the vulture, only a little longer",0
Morbius trailer,25 Mar 2022,@83221n4ndr34,𒌐 andrea 𒌐,"io ho letto l'inizio per il freecomicday e mi pare carino. la pubblicità enorme serve per il grande pubblico, per fare un paragone il trailer di morbius che avrò visto 10 volte nelle pubblicità di youtube",https://nitter.net/83221n4ndr34/status/1507393185609355267#m,"I read the beginning for freecomicday and I think it's cute. huge advertising is for the general public, to make a comparison the Morbius trailer which I will have seen 10 times in YouTube advertisements",0
Morbius trailer,25 Mar 2022,@hendrixducard,🦇,Shoulda known Morbius was gon be butt when I saw Tyrese in the trailer,https://nitter.net/hendrixducard/status/1507379539588136960#m,Shoulda known Morbius was gon be butt when I saw Tyrese in the trailer,1
Morbius trailer,25 Mar 2022,@OopsMpho,mpho.💙🫧,Morbius was bad from the trailer man😭😭😭,https://nitter.net/OopsMpho/status/1507375463697629191#m,Morbius was bad from the trailer man😭😭😭,0
Morbius trailer,26 Mar 2022,@Emurrish,Eric Murrish,I’d like to thank #TheLostCity for being the first movie I’ve seen in over a year that didn’t have the #Morbius trailer before it,https://nitter.net/Emurrish/status/1507868889031622656#m,I’d like to thank #TheLostCity for being the first movie I’ve seen in over a year that didn’t have the #Morbius trailer before it,1
Morbius trailer,26 Mar 2022,@stephenattong,stephen,worst trailer i’ve ever seen? morbius,https://nitter.net/stephenattong/status/1507867436137209874#m,worst trailer i’ve ever seen? morbius,1
Morbius trailer,26 Mar 2022,@PaintLord,PaintLord (Super Mario Bros movie trailer updates),The Super Mario Bros. movie trailer will drop tomorrow so it can play before Morbius!,https://nitter.net/PaintLord/status/1507858305154048002#m,The Super Mario Bros. movie trailer will drop tomorrow so it can play before Morbius!,0
Morbius trailer,26 Mar 2022,@giovifigata,giovi,PLEASE the last like eight movies ive gone to had a morbius trailer i cant take it any more,https://nitter.net/giovifigata/status/1507852278702788608#m,PLEASE the last like eight movies ive gone to had a morbius trailer i cant take it any more,1
Morbius trailer,26 Mar 2022,@adamncheek,Adam Cheek,"so excited for Morbius to come out so I can finally stop seeing that godforsaken trailer that said, The Northman and Nic Cage. Plus AmbuLAnce looks like a lot of fun",https://nitter.net/adamncheek/status/1507848997892935680#m,"so excited for Morbius to come out so I can finally stop seeing that godforsaken trailer that said, The Northman and Nic Cage. Plus AmbuLAnce looks like a lot of fun",1
Morbius trailer,26 Mar 2022,@btecbradford,BTECBRADFORD,"Getting kinda nostalgic for the morbius trailer, Been playing for generations now",https://nitter.net/btecbradford/status/1507834291442667528#m,"Getting kinda nostalgic for the morbius trailer, Been playing for generations now",0
Morbius trailer,26 Mar 2022,@El_STANerico,Chris,"Morbius trailer said ""next year"" in it before #TheBatman fucking lollllllll",https://nitter.net/El_STANerico/status/1507831645260423168#m,"Morbius trailer said ""next year"" in it before #TheBatman fucking lollllllll",0
Morbius trailer,26 Mar 2022,@EARTH_616_2013,Superior Spiders,There is a fucking trailer where morbius says “ I am venom “ then growls. This isn’t breaking news,https://nitter.net/EARTH_616_2013/status/1507830629135704067#m,There is a fucking trailer where morbius says “ I am venom “ then growls. This isn’t breaking news,0
Morbius trailer,26 Mar 2022,@AnAntLife,Anthony,We begin next week with this awards season finally being over and we end it with never having to see the Morbius trailer again. I’d say things are finally moving forward!,https://nitter.net/AnAntLife/status/1507828474152726529#m,We begin next week with this awards season finally being over and we end it with never having to see the Morbius trailer again. I’d say things are finally moving forward!,1
Morbius trailer,26 Mar 2022,@Raiserino,Raine/Raiser,YouTube. I swear. Stop throwing the Morbius trailer in front of EVERY SINGLE VIDEO I TRY TO WATCH COME ON,https://nitter.net/Raiserino/status/1507821548245512193#m,YouTube. I swear. Stop throwing the Morbius trailer in front of EVERY SINGLE VIDEO I TRY TO WATCH COME ON,0
Morbius trailer,26 Mar 2022,@aldridge96_afc,George Aldridge,Every time the Morbius trailer comes on YouTube as an unskippable ad after it being on every cinema screening for months...,https://nitter.net/aldridge96_afc/status/1507820398695661572#m,Every time the Morbius trailer comes on YouTube as an unskippable ad after it being on every cinema screening for months...,1
Morbius trailer,26 Mar 2022,@alfre_castle,Alfredo Castillo,"Bueno en el final del tráiler de morbius cuando le preguntan quién es, el contesta ""soy venom, es broma, Michael morbius a tu servicio""",https://nitter.net/alfre_castle/status/1507818804667203585#m,"Well at the end of the Morbius trailer when they ask him who he is, he answers ""I'm Venom, just kidding, Michael Morbius at your service""",0
Morbius trailer,26 Mar 2022,@PoorWorkHabits,Eff You Yankee Blue Jeans,"Not to be a hater, but watching the trailer for Morbius, I'm kinda at a point where I'm gonna be done with the MCU once Ant-Man is gone.",https://nitter.net/PoorWorkHabits/status/1507816242924732418#m,"Not to be a hater, but watching the trailer for Morbius, I'm kinda at a point where I'm gonna be done with the MCU once Ant-Man is gone.",0
Morbius trailer,26 Mar 2022,@pansexualflower,Marcy Webb,The #Morbius trailer is so ancient it suggests that No Way Home and Let There Be Carnage aren’t Sony movies,https://nitter.net/pansexualflower/status/1507811763877724167#m,The #Morbius trailer is so ancient it suggests that No Way Home and Let There Be Carnage aren’t Sony movies,0
Morbius trailer,26 Mar 2022,@QuinnUhlman,Quinn Uhlman,I’m starting to think that the morbius movie doesn’t actually exist and it’s just a trailer that is going to run before every movie maybe ever,https://nitter.net/QuinnUhlman/status/1507809564246384659#m,I’m starting to think that the morbius movie doesn’t actually exist and it’s just a trailer that is going to run before every movie maybe ever,1
Morbius trailer,26 Mar 2022,@ViLLiANAIRE_,| LaFlare🤬|,Morbius literally jokes and says “I am Venom” in the trailer….this is news?!🤣😭,https://nitter.net/ViLLiANAIRE_/status/1507796521445728266#m,Morbius literally jokes and says “I am Venom” in the trailer….this is news?!🤣😭,1
Morbius trailer,26 Mar 2022,@emma__martell,🌜emma🌛,my mom literally called me from the living room pointing out the morbius trailer on the tv and i went 😶,https://nitter.net/emma__martell/status/1507792644931563530#m,my mom literally called me from the living room pointing out the morbius trailer on the tv and i went 😶,0
Morbius trailer,26 Mar 2022,@N0tchacho,Notchacho /|TREY|\,"I just saw a Morbius trailer on my Instagram feed where he walks into a room and says ""Is this the part where the mysterious guy in the hoodie beats the crap out of everyone?"" and I have never been so turned off from a movie in my entire life.",https://nitter.net/N0tchacho/status/1507789358325288961#m,"I just saw a Morbius trailer on my Instagram feed where he walks into a room and says ""Is this the part where the mysterious guy in the hoodie beats the crap out of everyone?"" and I have never been so turned off from a movie in my entire life.",1
Morbius trailer,26 Mar 2022,@kool_kenny1,Kenny,I’ve heard that the murderer poster isn’t actually in Morbius— it was trailer bait,https://nitter.net/kool_kenny1/status/1507786623945256962#m,I’ve heard that the murderer poster isn’t actually in Morbius— it was trailer bait,1
Morbius trailer,26 Mar 2022,@RealFatman,fabian,When’s morbius coming out so I can stop watching that trailer of him flying through a subway like it’s impressive,https://nitter.net/RealFatman/status/1507780409098088448#m,When’s morbius coming out so I can stop watching that trailer of him flying through a subway like it’s impressive,1
Morbius trailer,27 Mar 2022,@aschnitt53,Andrew Schnittker,BREAKING: The Morbius trailer was just shown during the UNC game. Sony is making its final push,https://nitter.net/aschnitt53/status/1508212507923689472#m,BREAKING: The Morbius trailer was just shown during the UNC game. Sony is making its final push,0
Morbius trailer,27 Mar 2022,@aschnitt53,Andrew Schnittker,I won't be happy until I see the Morbius trailer for a 49th time.,https://nitter.net/aschnitt53/status/1508211332067250179#m,I won't be happy until I see the Morbius trailer for a 49th time.,1
Morbius trailer,27 Mar 2022,@aschnitt53,Andrew Schnittker,The only suspense left in this game is whether or not they run the Morbius trailer,https://nitter.net/aschnitt53/status/1508199455387963396#m,The only suspense left in this game is whether or not they run the Morbius trailer,0
Morbius trailer,27 Mar 2022,@Chupalcaba,|l|u|i|s|?|,I’m glad morbius is finally coming out. Not Bc I’m excited for the movie. I’m excited to stop seeing it’s fixing trailer for 10 months straight everytime I’m in the theater,https://nitter.net/Chupalcaba/status/1508197944909983747#m,I’m glad morbius is finally coming out. Not Bc I’m excited for the movie. I’m excited to stop seeing it’s fixing trailer for 10 months straight everytime I’m in the theater,1
Morbius trailer,27 Mar 2022,@KevinOlm10K,Kevin Olm (Fraudologist),They open the Morbius trailer with “From the studio that brought you Spider-Man: No Way Home” I guess technically but…,https://nitter.net/KevinOlm10K/status/1508195553494155264#m,They open the Morbius trailer with “From the studio that brought you Spider-Man: No Way Home” I guess technically but…,0
Morbius trailer,27 Mar 2022,@nick_pants,✌️,every morbius trailer is worse than the last,https://nitter.net/nick_pants/status/1508195074571706376#m,every morbius trailer is worse than the last,0
Morbius trailer,27 Mar 2022,@halottize,e,"god, we already have a morbius trailer 💀💀 i thought they were still shooting it",https://nitter.net/halottize/status/1508194602343407620#m,"god, we already have a morbius trailer 💀💀 i thought they were still shooting it",0
Morbius trailer,27 Mar 2022,@YagoRochaAlvz,Yago,"El trailer de #Morbius ya te avisa. Lo primero que dice es : si vas a huir ,hazlo ya.",https://nitter.net/YagoRochaAlvz/status/1508190241626247172#m,"The #Morbius trailer already warns you. The first thing he says is: if you're going to run away, do it now.",0
Morbius trailer,27 Mar 2022,@paragrog,Paragrog,The best part about my second time watching The Batman is that they didn’t show the Morbius trailer,https://nitter.net/paragrog/status/1508188744033132548#m,The best part about my second time watching The Batman is that they didn’t show the Morbius trailer,1
Morbius trailer,27 Mar 2022,@Voraciousopolis,Voraciousopolis,That Morbius trailer is full of those moments and it makes me want to pull my hair out.,https://nitter.net/Voraciousopolis/status/1508188454764621830#m,That Morbius trailer is full of those moments and it makes me want to pull my hair out.,0
Morbius trailer,27 Mar 2022,@KenMagner101,Ken Magner,"Fingers crossed we get final #DoctorStrangeInTheMultiverseOfMadness trailer tonight with the Oscars. Timing seems right, esp with Morbius release end of week",https://nitter.net/KenMagner101/status/1508187556806021127#m,"Fingers crossed we get final #DoctorStrangeInTheMultiverseOfMadness trailer tonight with the Oscars. Timing seems right, esp with Morbius release end of week",0
Morbius trailer,27 Mar 2022,@aschnitt53,Andrew Schnittker,"One Elite Eight game down and I haven't seen the Morbius trailer yet, did Sony give up?",https://nitter.net/aschnitt53/status/1508187177615769610#m,"One Elite Eight game down and I haven't seen the Morbius trailer yet, did Sony give up?",0
Morbius trailer,27 Mar 2022,@wani_draw,_wan🐸,Oui mais c'était une théorie qui était là depuis le trailer de Morbius non ? Sur un mur où il y a un graf de Spiderman avec écrit dessus Murderer et Andrew Garfield dit dans NWH qu'il était devenu très violent après la mort de Gwen Stacy,https://nitter.net/wani_draw/status/1508183599698305038#m,"Yes, but it was a theory that had been there since the Morbius trailer, right? On a wall where there is a Spiderman graffiti with Murderer written on it and Andrew Garfield says in NWH that he became very violent after the death of Gwen Stacy",0
Morbius trailer,27 Mar 2022,@BossGron718,OLDMAN G.R.O.N.,I just hope marvel don't do agent venom with Tom and I know Garfield obvious pick but Sony's unpredictable that morbius trailer talking about Marvel's next big superhero like Kevin feige approved that lol,https://nitter.net/BossGron718/status/1508172496163454980#m,I just hope marvel don't do agent venom with Tom and I know Garfield obvious pick but Sony's unpredictable that morbius trailer talking about Marvel's next big superhero like Kevin feige approved that lol,1
Morbius trailer,27 Mar 2022,@Alex_ecute_you,Alex-ecute-you,Most likely it's maguire because his spiderman suit appears in the Morbius trailer,https://nitter.net/Alex_ecute_you/status/1508169041692745732#m,Most likely it's maguire because his spiderman suit appears in the Morbius trailer,1
Morbius trailer,27 Mar 2022,@CodyBrockopp,The Brockopp Side,4 more days until we never have to see the #Morbius trailer ever again!,https://nitter.net/CodyBrockopp/status/1508157910597087234#m,4 more days until we never have to see the #Morbius trailer ever again!,0
Morbius trailer,27 Mar 2022,@S_Rhoades,Steven R. Richardson,I don't see it being delayed. @MarvelStudios is protecting their investments. They know that there's a good part of the fan base 🤚 that will completely forget about Doctor Strange once they see Thor Love and Thunder trailer. If we get it b4 it will be attached to Morbius,https://nitter.net/S_Rhoades/status/1508147540826415112#m,I don't see it being delayed. @MarvelStudios is protecting their investments. They know that there's a good part of the fan base 🤚 that will completely forget about Doctor Strange once they see Thor Love and Thunder trailer. If we get it b4 it will be attached to Morbius,0
Morbius trailer,27 Mar 2022,@FydCine,FYD SALSEO - FYD COMICS Y CINE LIMA PERU,#Morbius #ThorLoveAndThunder #Oscars2022 💥TRAILER THOR LOVE AND THUNDER AT OSCARS 2022 MALAS NOTICIAS - SONY SPOILEA MORBIUS CON SPIDER-MAN piped.video/watch?v=G9mW9eOp…,https://nitter.net/FydCine/status/1508139061126602754#m,#Morbius #ThorLoveAndThunder #Oscars2022 💥TRAILER THOR LOVE AND THUNDER AT OSCARS 2022 MALAS NOTICIAS - SONY SPOILEA MORBIUS CON SPIDER-MAN piped.video/watch?v=G9mW9eOp…,0
Morbius trailer,27 Mar 2022,@MarinoBruschini,Marino Bruschini ,Morbius - Trailer Ufficiale | Dal 2022 solo al cinema piped.video/6FxUdXgEeVQ via @YouTube,https://nitter.net/MarinoBruschini/status/1508126068007444482#m,Morbius - Official Trailer | From 2022 only at the cinema piped.video/6FxUdXgEeVQ via @YouTube,0
Morbius trailer,27 Mar 2022,@juliadelbel,Julia Delbel,Ugh sounding like no Thor tonight. I'm genuinely confused as to why no trailer yet. You'd think they'd want it with Morbius esp if Avatar 2 is the big trailer going with MoM.,https://nitter.net/juliadelbel/status/1508118331643027459#m,Ugh sounding like no Thor tonight. I'm genuinely confused as to why no trailer yet. You'd think they'd want it with Morbius esp if Avatar 2 is the big trailer going with MoM.,0
Morbius trailer,27 Mar 2022,@ShockCo,Shock.co,"#ParaLeer | Este 31 de marzo es el estreno de #Morbius , del universo #SpiderMan y con #JaredLeto como protagonista. shock.co/cine-tv/morbius-cua…",https://nitter.net/ShockCo/status/1508104053863206912#m,"#ToRead | This March 31 is the premiere of #Morbius, from the #SpiderMan universe and with #JaredLeto as the protagonist. shock.co/cine-tv/morbius-cua…",0
Morbius trailer,27 Mar 2022,@TheFilmScorer,The Film Scorer,Fingers crossed for a surprise new Morbius trailer!,https://nitter.net/TheFilmScorer/status/1508103013088600067#m,Fingers crossed for a surprise new Morbius trailer!,1
Morbius trailer,27 Mar 2022,@kino_grigio,sound killed cinema,Gotta come clean have had the song from the morbius trailer stuck in my head for over a week now and pretty sure the only way to stop it is to go see morbius,https://nitter.net/kino_grigio/status/1508098833963757569#m,Gotta come clean have had the song from the morbius trailer stuck in my head for over a week now and pretty sure the only way to stop it is to go see morbius,1
Morbius trailer,27 Mar 2022,@OfficialWiel,Will,Morbius 2 trailer co-produced like Spider-Man,https://nitter.net/OfficialWiel/status/1508094663508566018#m,Morbius 2 trailer co-produced like Spider-Man,0
Morbius trailer,27 Mar 2022,@JulienRayon66,COSMØ,"Mais c’est pas une surprise, Morbius se passe dans le même univers que le Spiderman d’Andrew, la tour oscorp (avec le même logo que dans les TASM) est visible dans le trailer 1 qui est sorti y a 4 mois",https://nitter.net/JulienRayon66/status/1508091539859386368#m,"But it's no surprise, Morbius takes place in the same universe as Andrew's Spiderman, the oscorp tower (with the same logo as in TASM) is visible in trailer 1 which was released 4 months ago",0
Morbius trailer,27 Mar 2022,@sanriovrs,sysia !¡,ja lubię morbius trailer,https://nitter.net/sanriovrs/status/1508077238754893831#m,I like morbius trailer,0
Morbius trailer,27 Mar 2022,@coryjuly1988,Cory,Well In the first morbius trailer u see tobys Spider-Man on the wall so I’m guessing Toby,https://nitter.net/coryjuly1988/status/1508070130495991814#m,Well In the first morbius trailer u see tobys Spider-Man on the wall so I’m guessing Toby,1
Morbius trailer,27 Mar 2022,@EARTH199999MCU,Daily MCU | Chadwick Forever!,Morbius trailer on big screen hits different,https://nitter.net/EARTH199999MCU/status/1508067859523858434#m,Morbius trailer on big screen hits different,0
Morbius trailer,27 Mar 2022,@Dust_Foot,Ancient Earthling,"Saw a trailer for ""Morbius"" and I am once again wondering why Marvel movies are so insistently ugly.",https://nitter.net/Dust_Foot/status/1508057013527498757#m,"Saw a trailer for ""Morbius"" and I am once again wondering why Marvel movies are so insistently ugly.",1
Morbius trailer,27 Mar 2022,@AsumeTech,AsumeTech,"‘Morbius’:Release Date, Trailer, Filming Details & Everything We Know asumetech.com/morbiusrelease…",https://nitter.net/AsumeTech/status/1508056921063972876#m,"‘Morbius’:Release Date, Trailer, Filming Details & Everything We Know asumetech.com/morbiusrelease…",0
Morbius trailer,27 Mar 2022,@saatish10,Saatish Thangadorai,Question: Which Spider-Man villains (hint: R & BC) were spotted on the Daily Bugle newspaper in the “Morbius” trailer? Answer : Rhino & Black cat,https://nitter.net/saatish10/status/1508041386863783939#m,Question: Which Spider-Man villains (hint: R & BC) were spotted on the Daily Bugle newspaper in the “Morbius” trailer? Answer : Rhino & Black cat,0
Morbius trailer,27 Mar 2022,@SethHynes,Seth Lukas Hynes ✍️📕🧬🪐✨🤖👽🧠💻💉💉💉,...Matt Smith plays the main villain in Morbius? You sure can't tell from the trailers. Nearly every trailer I've seen of Morbius has had one single shot of Smith.,https://nitter.net/SethHynes/status/1508029007995973635#m,...Matt Smith plays the main villain in Morbius? You sure can't tell from the trailers. Nearly every trailer I've seen of Morbius has had one single shot of Smith.,1
Morbius trailer,27 Mar 2022,@SaintDenial,Saiint Deniial 🤠,Not this fucking Morbius trailer AGAIN…,https://nitter.net/SaintDenial/status/1508015387845091330#m,Not this fucking Morbius trailer AGAIN…,0
Morbius trailer,27 Mar 2022,@NopeNotACult,Cult 🍉,Tell me how my boyfriend didn’t know Robert Pattinson was in The Batman (THE MOVIE WE WERE SEEING) but audibly gasped when Matt Smith was in the Morbius trailer..,https://nitter.net/NopeNotACult/status/1508014669969387523#m,Tell me how my boyfriend didn’t know Robert Pattinson was in The Batman (THE MOVIE WE WERE SEEING) but audibly gasped when Matt Smith was in the Morbius trailer..,0
Morbius trailer,27 Mar 2022,@Alessia_Bomba,💛ℳ𝒶𝓇𝒾ℊℴ𝓁𝒹 💛,"Ho letto diversi pareri sul film #Morbius e tutti condividono la stessa domanda: ""Sony ma che cavolo hai combinato""? La maggior parte dei pareri sono estremamente negativi, soprattutto al fatto che la Sony ha aggiunto degli elementi nel trailer che nel film non ci sono. (1/2)",https://nitter.net/Alessia_Bomba/status/1508012903126949888#m,"I've read several opinions on the film #Morbius and they all share the same question: ""Sony, what the hell have you done""? Most opinions are extremely negative, especially the fact that Sony added elements in the trailer that aren't in the film. (1/2)",0
Morbius trailer,27 Mar 2022,@NewJetJoe_12,Joe,Not surprised by those reviews for morbius you can tell by the trailer that shit look terrible as hell LMAOOO,https://nitter.net/NewJetJoe_12/status/1507981550436110341#m,Not surprised by those reviews for morbius you can tell by the trailer that shit look terrible as hell LMAOOO,0
Morbius trailer,27 Mar 2022,@cindymoon,butch optimus prime,I hardly know who morbius is 💀 but the Easter eggs in the trailer j wanna know what’s happening I’m excited,https://nitter.net/cindymoon/status/1507972799129952256#m,I hardly know who morbius is 💀 but the Easter eggs in the trailer j wanna know what’s happening I’m excited,1
Morbius trailer,27 Mar 2022,@jakiyahBanner,jakiyah 🤎✊🏾,"Ngl I hope they don’t have the “I am venom” part in Morbius, like it was just a lil something for the fans in the trailer yk lol",https://nitter.net/jakiyahBanner/status/1507963148594204673#m,"Ngl I hope they don’t have the “I am venom” part in Morbius, like it was just a lil something for the fans in the trailer yk lol",1
Morbius trailer,27 Mar 2022,@moldugaguts,Android 17 main 幽☆遊☆白書,sony dont reveal the entire plot of the morbius movie in the trailer challenge. difficulty: impossible,https://nitter.net/moldugaguts/status/1507957740030861315#m,sony dont reveal the entire plot of the morbius movie in the trailer challenge. difficulty: impossible,1
Morbius trailer,28 Mar 2022,@RubiGG95,Rubi G_G,"Lógicamente. Pero Sony con las pelis de Holland lo que busca son los beneficios fáciles con los derechos de distribución y retroalimentación (ya me aclararás en qué queda el mareo de Morbius que parece que está en el Universo de Venom en un trailer, en el otro en el UCM...)+",https://nitter.net/RubiGG95/status/1508593152436940807#m,"Logically. But with Holland's movies, Sony is looking for easy profits with distribution and feedback rights (you'll clarify for me what the Morbius dizziness is, which seems to be in the Venom Universe in one trailer, in the other in the MCU...)+",0
Morbius trailer,28 Mar 2022,@ChatsworthFilms,GF,"MORBIUS - Final Trailer (HD) - Telugu | April 1 | Releasing in English,... piped.video/rJNZn2rC8Tc via @YouTube. 😂😂😂😂😂 No. just no.",https://nitter.net/ChatsworthFilms/status/1508591830576816130#m,"MORBIUS - Final Trailer (HD) - Telugu | April 1 | Releasing in English,... piped.video/rJNZn2rC8Tc via @YouTube. 😂😂😂😂😂 No. just no.",0
Morbius trailer,28 Mar 2022,@9istheGoal,9istheGoal,Seconds after watching #Morbius trailer: Dad I think you and mom should only watch this movie. Me: Why? I thought you liked Vampires? “YEA BUT WHAT IF HE’S REAL? DONT YOU WANT ME TO GROW UP SO YOU CAN HAVE GRANDCHILDREN!! 😂 😂 #JaredLeto #Morbius #hilarious #justhappened,https://nitter.net/9istheGoal/status/1508591218946555906#m,Seconds after watching #Morbius trailer: Dad I think you and mom should only watch this movie. Me: Why? I thought you liked Vampires? “YEA BUT WHAT IF HE’S REAL? DONT YOU WANT ME TO GROW UP SO YOU CAN HAVE GRANDCHILDREN!! 😂 😂 #JaredLeto #Morbius #hilarious #justhappened,1
Morbius trailer,28 Mar 2022,@wafflflower,alexiszier,if i have to see the morbius trailer one (1) more time,https://nitter.net/wafflflower/status/1508590806936047617#m,if i have to see the morbius trailer one (1) more time,0
Morbius trailer,28 Mar 2022,@AyelTheFly,Ayel...,"Realmente, mas ai que tá, se n existe Oscorp na MCU, e no trailer de Morbius é mostrado a mesma dos filmes do Andrew.",https://nitter.net/AyelTheFly/status/1508571023460995072#m,"Really, but what's up, if there isn't Oscorp in the MCU, and in the Morbius trailer it's shown the same as in Andrew's films.",0
Morbius trailer,28 Mar 2022,@lalola_8,LALOLA,"El tráiler de #Morbius con la canción ""People are strange"" de The Doors...",https://nitter.net/lalola_8/status/1508569343411605507#m,"The #Morbius trailer with the song ""People are strange"" by The Doors...",0
Morbius trailer,28 Mar 2022,@Jarsoneer,Jarson,That reminded me of when he first found out about Morbius (the trailer for it during no way home) he turned to me and made the biggest soy face ever,https://nitter.net/Jarsoneer/status/1508564070752038924#m,That reminded me of when he first found out about Morbius (the trailer for it during no way home) he turned to me and made the biggest soy face ever,1
Morbius trailer,28 Mar 2022,@DarthSmurfX,Darth Skittles™,Spartacus revealed—PS+ adds PS1 games. PS++ adds PS2 games. PS+++ adds PS3 games & PS++++ adds 6 seasons of Northern Exposure. #PlayStation announces partnership with nail polish company. #PS5 Pro announced: includes TV Guide & coax input. Autoplays Morbius trailer on startup.,https://nitter.net/DarthSmurfX/status/1508552005328924672#m,Spartacus revealed—PS+ adds PS1 games. PS++ adds PS2 games. PS+++ adds PS3 games & PS++++ adds 6 seasons of Northern Exposure. #PlayStation announces partnership with nail polish company. #PS5 Pro announced: includes TV Guide & coax input. Autoplays Morbius trailer on startup.,0
Morbius trailer,28 Mar 2022,@mpendleton09,Mark Pendleton,Not sure what to make of the Morbius trailer 🤔,https://nitter.net/mpendleton09/status/1508546950089494528#m,Not sure what to make of the Morbius trailer 🤔,1
Morbius trailer,28 Mar 2022,@MizziePeasy,Mizzie,"Fãs dos comics da Marvel: o que acharam do trailer do MORBIUS? Alguma crítica? Apenas curiosidade, não percebo muito da marvel e o que sei é só mesmo dos filmes.",https://nitter.net/MizziePeasy/status/1508544091411394567#m,"Marvel comics fans: what did you think of the MORBIUS trailer? Any criticism? Just curious, I don't know much about Marvel and what I know is only from the movies.",0
Morbius trailer,28 Mar 2022,@dietgothbf,да,fuck ass morbius trailer,https://nitter.net/dietgothbf/status/1508543229418999815#m,fuck ass morbius trailer,1
Morbius trailer,28 Mar 2022,@Residentevil_D,Rhys,"I've been so excited to see this movie since the first trailer. I was so disappointed that it wasn't released on the original date and have been waiting patiently ever since. I'm ready for a new kind of hero, I hope Morbius is it",https://nitter.net/Residentevil_D/status/1508541485003808769#m,"I've been so excited to see this movie since the first trailer. I was so disappointed that it wasn't released on the original date and have been waiting patiently ever since. I'm ready for a new kind of hero, I hope Morbius is it",1
Morbius trailer,28 Mar 2022,@itaevnne,cata,trailer número 50 de morbius kl en el cine LSKFKS,https://nitter.net/itaevnne/status/1508527663467712521#m,trailer number 50 of morbius kl at the LSKFKS cinema,0
Morbius trailer,28 Mar 2022,@mitsuandersoon,mitsuandersoonvenish,か、かっこ良すぎませんか？ MORBIUS - Official Trailer (HD) piped.video/oZ6iiRrz1SY via @YouTube,https://nitter.net/mitsuandersoon/status/1508525151457058816#m,か、かっこ良すぎませんか？ MORBIUS - Official Trailer (HD) piped.video/oZ6iiRrz1SY via @YouTube,0
Morbius trailer,28 Mar 2022,@MaxMarriott1995,Max,For the love of fuck stop with the MORBIUS trailer!!,https://nitter.net/MaxMarriott1995/status/1508518764953886733#m,For the love of fuck stop with the MORBIUS trailer!!,1
Morbius trailer,28 Mar 2022,@blve_lightning,Alis in Wonderland🐾,Tra pochi giorni scopriremo che Morbius è effettivamente solo composto dalle scene dei trailer ma in ordine diverso,https://nitter.net/blve_lightning/status/1508513204086923270#m,In a few days we will discover that Morbius is actually just made up of scenes from the trailers but in a different order,0
Morbius trailer,28 Mar 2022,@DefunctGames,The Defunct Games,"The lower rating *might* help, but it all depends on whether people want to see it. There are metrics we can look at that suggest lowered interest. The final Morbius trailer has less than 4 million views. Compare that to the final Venom 2 trailer, which has 50 million.",https://nitter.net/DefunctGames/status/1508504367594237954#m,"The lower rating *might* help, but it all depends on whether people want to see it. There are metrics we can look at that suggest lowered interest. The final Morbius trailer has less than 4 million views. Compare that to the final Venom 2 trailer, which has 50 million.",0
Morbius trailer,28 Mar 2022,@KristiamSoto,🎲 Mr. Groovy 🧉 🎲,"es que no quiero negativizar a Morbius, más digo, pero sale tantas veces el trailer en tantos lados que ya lo siento como el fulano que te está comiendo la olla ahí erre que erre a las 4 y pico de la mañana.",https://nitter.net/KristiamSoto/status/1508491624959123472#m,"I don't want to negativize Morbius, more I say, but the trailer appears so many times in so many places that I already feel like the guy who is eating your pot there err that err at 4 something in the morning.",0
Morbius trailer,28 Mar 2022,@comicstores,Comic Stores,"Este finde se estrena #Morbius en cines, y no deberías perdértela. Aquí el trailer, para ponerte los colmillos largos: ow.ly/YKIc50ItHQH ¿Quieres ver los cómics de Morbius? Ya en tu tienda @comicstores y online: ow.ly/7bKC50ItHT8 @sonypictures_es #Marvel #vampiros",https://nitter.net/comicstores/status/1508489277633617922#m,"#Morbius opens in theaters this weekend, and you shouldn't miss it. Here's the trailer, to get your fangs on: ow.ly/YKIc50ItHQH Do you want to see the Morbius comics? Now in your store @comicstores and online: ow.ly/7bKC50ItHT8 @sonypictures_es #Marvel #vampires",0
Morbius trailer,28 Mar 2022,@RobDH93,XRobH93X,"Yesterday when I saw The Batman for the third time, the Morbius trailer started and I used that as a perfect opportunity to go for a piss before the film started",https://nitter.net/RobDH93/status/1508488754398441474#m,"Yesterday when I saw The Batman for the third time, the Morbius trailer started and I used that as a perfect opportunity to go for a piss before the film started",1
Morbius trailer,28 Mar 2022,@CnelandPantelis,Cineland Pantelis,"«MORBIUS» Η προπώληση ξεκίνησε! Από Πέμπτη 31 Μαρτίου, ώρες προβολών: 19.45 και 22.20 Λεπτομέρειες: ow.ly/80x930seh0u Trailer: piped.video/lzYLsdKZMcA Εισιτήρια: ow.ly/dSH250Fuasw #Morbius #CinelandPantelis",https://nitter.net/CnelandPantelis/status/1508481977518800901#m,"""MORBIUS"" Presale has started! From Thursday 31 March, showtimes: 19.45 and 22.20 Details: ow.ly/80x930seh0u Trailer: piped.video/lzYLsdKZMcA Tickets: ow.ly/dSH250Fuasw #Morbius #CinelandPantelis",0
Morbius trailer,28 Mar 2022,@everestwhu,Joe,"Let me know how Morbius is I might go see it, what do you think of the new Doctor Strange film trailer?",https://nitter.net/everestwhu/status/1508457493852299267#m,"Let me know how Morbius is I might go see it, what do you think of the new Doctor Strange film trailer?",1
Morbius trailer,28 Mar 2022,@bluemari_,"Ana, viva a Mariana",eu já cansei de Morbius só pelo trailer 🤡,https://nitter.net/bluemari_/status/1508448967608217602#m,I'm already tired of Morbius just because of the trailer 🤡,0
Morbius trailer,28 Mar 2022,@bradyskjeidy,danielle,i'm trying to catch up on the real housewives of new jersey on the bravo app and i saw the morbius trailer,https://nitter.net/bradyskjeidy/status/1508448629928960014#m,i'm trying to catch up on the real housewives of new jersey on the bravo app and i saw the morbius trailer,1
Morbius trailer,28 Mar 2022,@renka9903,renka,Congratulations to Morbius the movie for popping up its trailer featuring Jared Lego’s Dracula face in the middle of a Bridgerton cast interview video on YouTube and scaring the shit out of me at 8 am.,https://nitter.net/renka9903/status/1508441668760055818#m,Congratulations to Morbius the movie for popping up its trailer featuring Jared Lego’s Dracula face in the middle of a Bridgerton cast interview video on YouTube and scaring the shit out of me at 8 am.,1
Morbius trailer,28 Mar 2022,@MatteoSapin,Matteo - Chaîne du Geek,"On parle de #Morbius dont le 1er trailer est sorti en janvier 2020, mais on oublie que pour #TopGunMaverick, ça date de juillet 2019, et on attend encore 😂 La communication recommence, voici de nouvelles images ! (et un nouveau trailer sort ce mardi selon Daniel RPK)",https://nitter.net/MatteoSapin/status/1508430893710458885#m,"We're talking about #Morbius, the first trailer of which was released in January 2020, but we forget that for #TopGunMaverick, it dates from July 2019, and we're still waiting 😂 Communication is starting again, here are new images! (and a new trailer is coming out this Tuesday according to Daniel RPK)",0
Morbius trailer,28 Mar 2022,@whiskeyrich,Rich Walker,"Booked Morbius for Friday, after that I never want to see the trailer or the film ever again 😂😂",https://nitter.net/whiskeyrich/status/1508423855517409281#m,"Booked Morbius for Friday, after that I never want to see the trailer or the film ever again 😂😂",1
Morbius trailer,28 Mar 2022,@mariogtroule79,mario gonzalez,Tráiler y póster de Morbius. El Doctor Michael Morbius es un bioquímico que sufre una extraña enfermedad en la sangre. Al intentar curarse y dar una respuesta a su trastorno se infecta sin darse cuenta con una forma de vampirismo: piped.video/j5kPpPJtuJc,https://nitter.net/mariogtroule79/status/1508399124357554178#m,"Morbius trailer and poster. Doctor Michael Morbius is a biochemist who suffers from a strange blood disease. While trying to cure himself and provide an answer to his disorder, he inadvertently becomes infected with a form of vampirism: piped.video/j5kPpPJtuJc",0
Morbius trailer,28 Mar 2022,@lilyft_holland,Lily 莉安 ｜谁敢拦我闹天宫❤️‍🔥,my excitement for morbius is 90% probably getting to see the MoM trailer in the big screen again and 10% the actual movie,https://nitter.net/lilyft_holland/status/1508326902112657409#m,my excitement for morbius is 90% probably getting to see the MoM trailer in the big screen again and 10% the actual movie,1
Morbius trailer,28 Mar 2022,@xGodzilla2012x,Lorenzo Gamboa,Think trailer see #Morbius I think #ThorLoveAndThunder ?,https://nitter.net/xGodzilla2012x/status/1508304676529266692#m,Think trailer see #Morbius I think #ThorLoveAndThunder ?,0
Morbius trailer,28 Mar 2022,@Spiderman12357,Kick-Ass media,It does have to make sense if it didn't they wouldnt be referencing Andrews universe and the raimi verse in mostly every morbius trailer.,https://nitter.net/Spiderman12357/status/1508299075132829698#m,It does have to make sense if it didn't they wouldnt be referencing Andrews universe and the raimi verse in mostly every morbius trailer.,1
Morbius trailer,28 Mar 2022,@BrinksLin,Bíola Berzatto,"Mano, N sei vc, mas só o trailer do Morbius já me pareceu meio merda, não vi o filme e já não gostei Mas deve ser trauma do Coringa dele",https://nitter.net/BrinksLin/status/1508281117165633550#m,"Bro, I don't know about you, but the Morbius trailer alone seemed a bit shit to me, I didn't see the film and I didn't like it But it must be trauma from his Joker",0
Morbius trailer,28 Mar 2022,@CineStreamingTV,CineStreamingTV,"Trailer de #Morbius, con #JaredLeto cinestreamingtv.blogspot.com… #Netflix #Marvel",https://nitter.net/CineStreamingTV/status/1508278378356477958#m,"Trailer de #Morbius, con #JaredLeto cinestreamingtv.blogspot.com… #Netflix #Marvel",0
Morbius trailer,28 Mar 2022,@danieltigwrr,bohemian tiger ★,THIS FUCKING MORBIUS TRAILER AGAIN,https://nitter.net/danieltigwrr/status/1508274398876385290#m,THIS FUCKING MORBIUS TRAILER AGAIN,0
Morbius trailer,28 Mar 2022,@ghostface0_0,Ghostface,Should’ve been : 1. The Suicide Squad full motion picture 2. The French dispatch Full Motion picture 3. The Green Knight Full Motion Picture 4. That Morbius trailer that keeps playing everytime I go to the movies 5. Enoch the Jar Baby reveal,https://nitter.net/ghostface0_0/status/1508268962441748485#m,Should’ve been : 1. The Suicide Squad full motion picture 2. The French dispatch Full Motion picture 3. The Green Knight Full Motion Picture 4. That Morbius trailer that keeps playing everytime I go to the movies 5. Enoch the Jar Baby reveal,0
Morbius trailer,28 Mar 2022,@todamarela,ᱬari✦,O trailer de morbius ja foi ruim cjdkdksks mas quero ver mesmo assim,https://nitter.net/todamarela/status/1508265313653207050#m,The Morbius trailer was already bad cjdkdksks but I want to see it anyway,1
Morbius trailer,28 Mar 2022,@Sejete_182,Santi Polarizado⭐⭐⭐🇦🇷🇱🇻,En el trailer de morbius se ve un grafitti del Spiderman de Tobey 😳,https://nitter.net/Sejete_182/status/1508263463260504070#m,In the Morbius trailer you can see graffiti of Tobey's Spiderman 😳,0
Morbius trailer,28 Mar 2022,@BlairMarnell,Blair Marnell,"You know what's gonna wash down The Flash enters the Speed Force and that horribly modified version of We Don't Talk About Bruno? Another Morbius trailer, of course!",https://nitter.net/BlairMarnell/status/1508262147003863042#m,"You know what's gonna wash down The Flash enters the Speed Force and that horribly modified version of We Don't Talk About Bruno? Another Morbius trailer, of course!",0
Morbius trailer,28 Mar 2022,@_paulo_pv,💢✠Paulo.V✠💢,"Tava passando o trailer de Morbius antes do filme e lembrei que 95% dos críticos odiaram o filme, será que é real?",https://nitter.net/_paulo_pv/status/1508260356099121162#m,"I was showing the Morbius trailer before the film and I remembered that 95% of critics hated the film, is it real?",0
Morbius trailer,29 Mar 2022,@lastpisstake,Decanted Olives,Two more days for Sony to delay #Morbius three months and release a new trailer,https://nitter.net/lastpisstake/status/1508947950533177346#m,Two more days for Sony to delay #Morbius three months and release a new trailer,0
Morbius trailer,29 Mar 2022,@livia_mairinck,Lívia Mairinck,"Agora estou esperando sair o Morbius, pelo trailer parece que vai ser bom.",https://nitter.net/livia_mairinck/status/1508947215649226758#m,"Now I'm waiting for Morbius to come out, from the trailer it looks like it's going to be good.",1
Morbius trailer,29 Mar 2022,@64BitCJ,Dumb Goblin CJ,"I have never seen a trailer more than I have for Morbius, I’m pretty sure it’s played before every movie in theaters for the past two years",https://nitter.net/64BitCJ/status/1508944925890592775#m,"I have never seen a trailer more than I have for Morbius, I’m pretty sure it’s played before every movie in theaters for the past two years",1
Morbius trailer,29 Mar 2022,@jmieherondale,♡,i saw morbius trailer before watching nwh and now im seeing it before jjk wasn’t it supposed to be out already??,https://nitter.net/jmieherondale/status/1508939864842063881#m,i saw morbius trailer before watching nwh and now im seeing it before jjk wasn’t it supposed to be out already??,0
Morbius trailer,29 Mar 2022,@FlashRayado,Flash⚡️,"En el trailer Morbius menciona a Venom, así que almenos ellos dos si son del mismo",https://nitter.net/FlashRayado/status/1508935276617424899#m,"In the trailer Morbius mentions Venom, so at least the two of them are the same",0
Morbius trailer,29 Mar 2022,@TheHorrorNetwo1,The Horror Network,"Looking for a movie to watch this Friday MORBIUS - Final Trailer April 1, 2022 @Horror_Retweet #TheHorrorNetwork #HorrorMovies #ScaryMovies #Movies #HorrorFilm #Horror #HorrorFan #HorrorCommunity #HorrorAddict #MovieTrailer #Meme #HorrorMeme #morbius piped.video/watch?v=SQK-Qxxt…",https://nitter.net/TheHorrorNetwo1/status/1508933638381092868#m,"Looking for a movie to watch this Friday MORBIUS - Final Trailer April 1, 2022 @Horror_Retweet #TheHorrorNetwork #HorrorMovies #ScaryMovies #Movies #HorrorFilm #Horror #HorrorFan #HorrorCommunity #HorrorAddict #MovieTrailer #Meme #HorrorMeme #morbius piped.video/watch?v=SQK-Qxxt…",1
Morbius trailer,29 Mar 2022,@TheAshenHunter2,ASHENHUNTER 🏹 ✧ Pre Debut Vtuber,Cant wait to go to the cinema again after this week and not see that Morbius trailer infront of every single film....,https://nitter.net/TheAshenHunter2/status/1508933615471763461#m,Cant wait to go to the cinema again after this week and not see that Morbius trailer infront of every single film....,1
Morbius trailer,29 Mar 2022,@Lucurbex,Lu’i,"Je spoil mais vas-y bat les couilles de toute façon personne ira le voir. Propagande autour de Spiderman alors que rien du tout il est même pas dans le film, les scènes du trailer ont été coupées putain !!! Pareil le vautour que en scène post générique. Honteux. #Morbius",https://nitter.net/Lucurbex/status/1508923395110588417#m,"I'm spoiling it but go ahead and beat your balls anyway no one is going to see it. Propaganda around Spiderman when he's not even in the film at all, the scenes from the trailer were fucking cut!!! Same as the vulture in the post credits scene. Ashamed. #Morbius",1
Morbius trailer,29 Mar 2022,@Phildunphyfan10,Ava 🦇,every time i see a trailer for morbius i try killing jared leto with my mind,https://nitter.net/Phildunphyfan10/status/1508914237216899073#m,every time i see a trailer for morbius i try killing jared leto with my mind,0
Morbius trailer,29 Mar 2022,@ExcaliburneFr,Excaliburne™🐇,J'ai cru un court instant que Deschamps était entrain de réagir au trailer de Morbius...,https://nitter.net/ExcaliburneFr/status/1508913146655825924#m,I thought for a brief moment that Deschamps was reacting to the Morbius trailer...,0
Morbius trailer,29 Mar 2022,@Alaz_Raki,bris 🐙,no voy a negar que hasta que salio ese trailer no sabia que existia alguien llamado morbius,https://nitter.net/Alaz_Raki/status/1508912792216219649#m,I'm not going to deny that until that trailer came out I didn't know that someone called Morbius existed.,0
Morbius trailer,29 Mar 2022,@metsrulein2k,Metsrulein2k,Pouring one out to all fellow projectionists this weekend as we all need to find a trailer to play besides Morbius for the first time in…*checks notes* 3 years.,https://nitter.net/metsrulein2k/status/1508911791304318981#m,Pouring one out to all fellow projectionists this weekend as we all need to find a trailer to play besides Morbius for the first time in…*checks notes* 3 years.,1
Morbius trailer,29 Mar 2022,@zio_bowl,Jack :) | SOL PATROL‼️,"April and May are gonna be good months. Moonknight, Kenobi, what ever happens on may 4th. Star Wars celebration, Morbius, Thor Love and Thunder trailer, Lego Star Wars. Multiverse of Madness too. Plus school being done. AOT pt2 ending. Good two months. #starwars #marvel #kenobi",https://nitter.net/zio_bowl/status/1508898094464839688#m,"April and May are gonna be good months. Moonknight, Kenobi, what ever happens on may 4th. Star Wars celebration, Morbius, Thor Love and Thunder trailer, Lego Star Wars. Multiverse of Madness too. Plus school being done. AOT pt2 ending. Good two months. #starwars #marvel #kenobi",0
Morbius trailer,29 Mar 2022,@partygirlhelen,Queen Hele🍵,Ayer en Sony pusieron el trailer de Morbius xDDDDDD,https://nitter.net/partygirlhelen/status/1508894725327269896#m,Yesterday at Sony they showed the Morbius trailer xDDDDDD,0
Morbius trailer,29 Mar 2022,@quogunderwater,quag,"Morbius looks like shit, frowning hard at the screen was my knee jerk reaction to the trailer when i was at the movies lmao",https://nitter.net/quogunderwater/status/1508888790567432194#m,"Morbius looks like shit, frowning hard at the screen was my knee jerk reaction to the trailer when i was at the movies lmao",1
Morbius trailer,29 Mar 2022,@DigitalDomainDD,Digital Domain,"Just a friendly reminder that #Morbius is out this Friday! If you missed the trailer, here's a look at some of the astonishing #VFX work. We can't wait to share more with you! piped.video/oZ6iiRrz1SY",https://nitter.net/DigitalDomainDD/status/1508885222053408772#m,"Just a friendly reminder that #Morbius is out this Friday! If you missed the trailer, here's a look at some of the astonishing #VFX work. We can't wait to share more with you! piped.video/oZ6iiRrz1SY",0
Morbius trailer,29 Mar 2022,@bradyskjeidy,danielle,the trailers are over and i haven't seen the morbius trailer i am shocked,https://nitter.net/bradyskjeidy/status/1508879777922486278#m,the trailers are over and i haven't seen the morbius trailer i am shocked,0
Morbius trailer,29 Mar 2022,@bradyskjeidy,danielle,the first time since i've been going back to the movies i have NOT see the morbius trailer before a movie,https://nitter.net/bradyskjeidy/status/1508879705872781319#m,the first time since i've been going back to the movies i have NOT see the morbius trailer before a movie,1
Morbius trailer,29 Mar 2022,@bradyskjeidy,danielle,no morbius trailer??? i'm shocked,https://nitter.net/bradyskjeidy/status/1508878337334198279#m,no morbius trailer??? i'm shocked,0
Morbius trailer,29 Mar 2022,@tmonson23,Tyler,Going to the movies tonight so I can be forced to watch the Morbius trailer one last time,https://nitter.net/tmonson23/status/1508876403403460609#m,Going to the movies tonight so I can be forced to watch the Morbius trailer one last time,1
Morbius trailer,29 Mar 2022,@cineecia,CINEeCIA.,"Chega aos cinema a nova lenda da Marvel, #Morbius Assista ao trailer: bit.ly/36BeTFn Ingressos já disponíveis! @SonyPicturesBr",https://nitter.net/cineecia/status/1508872825150623749#m,"The new Marvel legend, #Morbius, arrives at the cinema Watch the trailer: bit.ly/36BeTFn Tickets now available! @SonyPicturesBr",0
Morbius trailer,29 Mar 2022,@bradyskjeidy,danielle,i'm going to see the lost city today and i swear to god if i see the morbius trailer,https://nitter.net/bradyskjeidy/status/1508869182603071488#m,i'm going to see the lost city today and i swear to god if i see the morbius trailer,1
Morbius trailer,29 Mar 2022,@still_like_this,Shawn M,I don't even care whether Morbius is good or bad. I'm just excited to never see that trailer in a theatre again.,https://nitter.net/still_like_this/status/1508856024186372101#m,I don't even care whether Morbius is good or bad. I'm just excited to never see that trailer in a theatre again.,1
Morbius trailer,29 Mar 2022,@glukeperrin,Luke Perrin,We’ll just watch the Morbius trailer,https://nitter.net/glukeperrin/status/1508846657215029248#m,We’ll just watch the Morbius trailer,1
Morbius trailer,29 Mar 2022,@crayzaxel,axel,bro if i see one more morbius trailer omg,https://nitter.net/crayzaxel/status/1508836458282426370#m,bro if i see one more morbius trailer omg,0
Morbius trailer,29 Mar 2022,@jared_Oj,Jared,I keep seeing the Morbius trailer and the movie looks terrible,https://nitter.net/jared_Oj/status/1508835503457517568#m,I keep seeing the Morbius trailer and the movie looks terrible,1
Morbius trailer,29 Mar 2022,@energia97fm,Energia FM,"Na nova edição do #ENTRETÊNEWS a Tamiris Felix e o Rodrigo Bacedo comentam sobre a entrevista que Tom Holland deu ao ""Fandango"" | Morbius que foi adiado sete vezes nos cinemas | Trailer de Obi-Wan Kenobi | Illuminati em ""Doutor Estranho 2"" e muito +++ piped.video/watch?v=R0YT0qD-…",https://nitter.net/energia97fm/status/1508823271294263306#m,"In the new edition of #ENTERTÊNEWS, Tamiris Felix and Rodrigo Bacedo comment on the interview that Tom Holland gave to ""Fandango"" | Morbius which was postponed seven times in theaters | Obi-Wan Kenobi trailer | Illuminati in ""Doctor Strange 2"" and a lot +++ piped.video/watch?v=R0YT0qD-…",0
Morbius trailer,29 Mar 2022,@TheEricGoldman,Eric Goldman,"On the week we will finally be free from seeing Morbius trailers before movies, we finally have a new Top Gun 2 trailer! The second one came out December 2019 and then they just kept changing the date on it over and over.",https://nitter.net/TheEricGoldman/status/1508822371444031494#m,"On the week we will finally be free from seeing Morbius trailers before movies, we finally have a new Top Gun 2 trailer! The second one came out December 2019 and then they just kept changing the date on it over and over.",0
Morbius trailer,29 Mar 2022,@babsgrayson,pink princess 👸🏼,every time i see the trailer for morbius im like…. i should reread the passage,https://nitter.net/babsgrayson/status/1508821660283154436#m,every time i see the trailer for morbius im like…. i should reread the passage,1
Morbius trailer,29 Mar 2022,@rosstmiller,Ross Miller 🍿🎬,I cannot wait for Morbius to finally get released... so I never have to see that bloody trailer in the cinema again.,https://nitter.net/rosstmiller/status/1508821648715173898#m,I cannot wait for Morbius to finally get released... so I never have to see that bloody trailer in the cinema again.,1
Morbius trailer,29 Mar 2022,@easysevy,S,"because morbius is a spiderman villain and Sony kept teasing him in every trailer constantly building up Hype until they spoiled their own movie revealing that he wasn't in it after all, fumbling the bag right before it comes out",https://nitter.net/easysevy/status/1508817142497619982#m,"because morbius is a spiderman villain and Sony kept teasing him in every trailer constantly building up Hype until they spoiled their own movie revealing that he wasn't in it after all, fumbling the bag right before it comes out",1
Morbius trailer,29 Mar 2022,@CapFidget,Captain Fidget,I've had to watch that Morbius teaser trailer repeatedly. It's not enticing me at all. If anything it's making me want to watch it less each time,https://nitter.net/CapFidget/status/1508815831345549318#m,I've had to watch that Morbius teaser trailer repeatedly. It's not enticing me at all. If anything it's making me want to watch it less each time,0
Morbius trailer,29 Mar 2022,@ratquaza,anky,"nah the morbius trailer being like ""a new marvel legend arrives"" is so corny.",https://nitter.net/ratquaza/status/1508807349921853446#m,"nah the morbius trailer being like ""a new marvel legend arrives"" is so corny.",1
Morbius trailer,29 Mar 2022,@Valdorj,Valdo,@JaredLeto apresentando um lado mais sombrio @biamdx 😎 #marvel #MORBIUS Morbius | Trailer Oficial Dublado | Em breve nos cinemas piped.video/S55qvOKW5T0 via @YouTube,https://nitter.net/Valdorj/status/1508803069504536577#m,@JaredLeto presenting a darker side @biamdx 😎 #marvel #MORBIUS Morbius | Official Dubbed Trailer | Coming soon to theaters piped.video/S55qvOKW5T0 via @YouTube,0
Morbius trailer,29 Mar 2022,@aschnitt53,Andrew Schnittker,Does this mean I should let go of my grduge against Sony for making me watch the Morbius trailer for over a year,https://nitter.net/aschnitt53/status/1508800393471475718#m,Does this mean I should let go of my grduge against Sony for making me watch the Morbius trailer for over a year,1
Morbius trailer,29 Mar 2022,@gngstaboo,lola young fc,já vi tantas vezes o trailer de morbius quando vou no cinema que pensei que já tinha até estreado,https://nitter.net/gngstaboo/status/1508797680146858001#m,I've seen the Morbius trailer so many times when I go to the cinema that I thought it had already premiered,1
Morbius trailer,29 Mar 2022,@ClaphamPH,Clapham Picturehouse,Now on-sale: Morbius. One of Marvel’s most compelling and conflicted characters comes to the big screen as Oscar® winner Jared Leto transforms into the enigmatic antihero Michael Morbius. Out Thursday. Book ahead. ow.ly/nxHJ50IuVX1 Trailer: piped.video/RYw1RzwrClc,https://nitter.net/ClaphamPH/status/1508796292343996424#m,Now on-sale: Morbius. One of Marvel’s most compelling and conflicted characters comes to the big screen as Oscar® winner Jared Leto transforms into the enigmatic antihero Michael Morbius. Out Thursday. Book ahead. ow.ly/nxHJ50IuVX1 Trailer: piped.video/RYw1RzwrClc,0
Morbius trailer,29 Mar 2022,@thx4lovingme,×B,Trailer morbius keren bgttttt,https://nitter.net/thx4lovingme/status/1508782290755006466#m,Trailer morbius keren bgttttt,0
Morbius trailer,29 Mar 2022,@spenceatron,alecsandro,I’ve watched the Morbius trailer enough times to span the length of the actual film,https://nitter.net/spenceatron/status/1508771800565653511#m,I’ve watched the Morbius trailer enough times to span the length of the actual film,1
Morbius,1 Mar 2022,@fmniaz1Tweets,F. Niaz,Who would pick Morbius over Moon Knight?,https://nitter.net/fmniaz1Tweets/status/1498810201088086019#m,Who would pick Morbius over Moon Knight?,1
Morbius,1 Mar 2022,@Shawn_AFK,Shawn,"Dude that’s for Marvel movies, this is different. We’ll be on our spiritual date for Multiverse of Madness and Morbius DONT worry!",https://nitter.net/Shawn_AFK/status/1498810139045945345#m,"Dude that’s for Marvel movies, this is different. We’ll be on our spiritual date for Multiverse of Madness and Morbius DONT worry!",0
Morbius,1 Mar 2022,@metalrulestv,Jeff Rappaport,Check out Morbius The Living Vampire #9 Comic Book Nightmare Ron Wagner Gregory Wright ebay.com/itm/Morbius-The-Liv… @eBay,https://nitter.net/metalrulestv/status/1498809881327026177#m,Check out Morbius The Living Vampire #9 Comic Book Nightmare Ron Wagner Gregory Wright ebay.com/itm/Morbius-The-Liv… @eBay,0
Morbius,1 Mar 2022,@metalrulestv,Jeff Rappaport,Check out Morbius The Living Vampire #11 Comic Book Guest Starring Nightstalkers Horror ebay.com/itm/Morbius-The-Liv… @eBay,https://nitter.net/metalrulestv/status/1498809829179240453#m,Check out Morbius The Living Vampire #11 Comic Book Guest Starring Nightstalkers Horror ebay.com/itm/Morbius-The-Liv… @eBay,0
Morbius,1 Mar 2022,@metalrulestv,Jeff Rappaport,Check out Morbius The Living Vampire #15 Comic Book Guest Starring Ghost Rider Horror '93 ebay.com/itm/Morbius-The-Liv… @eBay,https://nitter.net/metalrulestv/status/1498809780558868489#m,Check out Morbius The Living Vampire #15 Comic Book Guest Starring Ghost Rider Horror '93 ebay.com/itm/Morbius-The-Liv… @eBay,0
Morbius,1 Mar 2022,@metalrulestv,Jeff Rappaport,Check out Morbius The Living Vampire #10 Comic Book Horror First Son Dracula Marvel 1993 ebay.com/itm/Morbius-The-Liv… @eBay,https://nitter.net/metalrulestv/status/1498809726058045441#m,Check out Morbius The Living Vampire #10 Comic Book Horror First Son Dracula Marvel 1993 ebay.com/itm/Morbius-The-Liv… @eBay,0
Morbius,1 Mar 2022,@mozsab,Doomy McDoom Butt,Dangerous morbius is not gonna see this 6 times,https://nitter.net/mozsab/status/1498809709641404418#m,Dangerous morbius is not gonna see this 6 times,0
Morbius,1 Mar 2022,@harls22sky,Sky 🍉,Imagine if they used the money from Morbius and put that towards No Way Home,https://nitter.net/harls22sky/status/1498809296255176705#m,Imagine if they used the money from Morbius and put that towards No Way Home,1
Morbius,1 Mar 2022,@mysturlove,Mystur Love,No one asked for #Morbius.. Where is the #xmen #STORM,https://nitter.net/mysturlove/status/1498808900191145991#m,No one asked for #Morbius.. Where is the #xmen #STORM,0
Morbius,1 Mar 2022,@AllComics10,All Comics,El multiverso de Andrew se agranda 🤩🕷️ #SpiderMan #Morbius #Punisher,https://nitter.net/AllComics10/status/1498808894679924740#m,El multiverso de Andrew se agranda 🤩🕷️ #SpiderMan #Morbius #Punisher,0
Morbius,1 Mar 2022,@OrpheusBloom,Orfeo,"morbius has that cringy venom joke and looks like a 2000s superhero movie in a BAD way, I PROMISE you no one is hyped for this",https://nitter.net/OrpheusBloom/status/1498808740862214147#m,"morbius has that cringy venom joke and looks like a 2000s superhero movie in a BAD way, I PROMISE you no one is hyped for this",1
Morbius,1 Mar 2022,@natsmocha,anna ⧗,Bye morbius,https://nitter.net/natsmocha/status/1498808444509319169#m,Bye morbius,1
Morbius,1 Mar 2022,@butlerofdogs,Butler of Dogs 🇵🇷🇺🇸🌍🌱💚,Kevin Feige is not associated with Morbius so I expect it to be just another dud like Venom.,https://nitter.net/butlerofdogs/status/1498808313047404549#m,Kevin Feige is not associated with Morbius so I expect it to be just another dud like Venom.,1
Morbius,1 Mar 2022,@jarrusyndulla,max? akotsk era,the only reason i'm even considering seeing morbius is because of matt smith,https://nitter.net/jarrusyndulla/status/1498808009312837635#m,the only reason i'm even considering seeing morbius is because of matt smith,0
Morbius,1 Mar 2022,@Francon83020519,Franconero,"La espera llegó a su fin para ver The Batman, morbius, Caballero luna, las otras bienvenidas a la cartelera y llaman mucho la atención., 👍🎉✔️",https://nitter.net/Francon83020519/status/1498807297530867716#m,"The wait is over to see The Batman, Morbius, Moon Knight, the others welcome to the billboard and attract a lot of attention., 👍🎉✔️",0
Morbius,1 Mar 2022,@maca1kanobi,Glen McGregor,"I can’t wait for this movie.., always loved the character and have a massive Morbius collection..!",https://nitter.net/maca1kanobi/status/1498806658906173446#m,"I can’t wait for this movie.., always loved the character and have a massive Morbius collection..!",1
Morbius,1 Mar 2022,@Mar_Tesseract,Marvel Tesseract,MORBIUS the Living Vampire vs. BLADE the Vampire Slayer,https://nitter.net/Mar_Tesseract/status/1498806547786436609#m,MORBIUS the Living Vampire vs. BLADE the Vampire Slayer,0
Morbius,1 Mar 2022,@THECAPITALGUY,thecapitalguy,they should introduce Morbius to the MCU and rename the marvel cinematic universe to Morbius cinematic universe then kill off all the heroes except morbius,https://nitter.net/THECAPITALGUY/status/1498806130436448257#m,they should introduce Morbius to the MCU and rename the marvel cinematic universe to Morbius cinematic universe then kill off all the heroes except morbius,0
Morbius,1 Mar 2022,@RubiZum4,Rubí,Morbius no se estrenaba el 1 de Abril?,https://nitter.net/RubiZum4/status/1498805977948340232#m,Wasn't Morbius released on April 1?,0
Morbius,1 Mar 2022,@blinkybugs_,kaleb,"why cant we enjoy a dc movie without comparing it to marvel? i’m looking forward to morbius, but right now for me: the batman > morbius time will tell",https://nitter.net/blinkybugs_/status/1498805854598045696#m,"why cant we enjoy a dc movie without comparing it to marvel? i’m looking forward to morbius, but right now for me: the batman > morbius time will tell",1
Morbius,1 Mar 2022,@DonELichterman,Sunset,MORBIUS – 6 Minutes Trailers (2022) media.sunset-tv.com/morbius-…,https://nitter.net/DonELichterman/status/1498805818959011843#m,MORBIUS – 6 Minutes Trailers (2022) media.sunset-tv.com/morbius-…,0
Morbius,1 Mar 2022,@danielurb01,Daniel 🐢,Morbius will be the first movie in history to sell 17 trillion tickets,https://nitter.net/danielurb01/status/1498805418050691072#m,Morbius will be the first movie in history to sell 17 trillion tickets,1
Morbius,1 Mar 2022,@Viniciu88520541,Vinicius,Verdade morbius maior filme do ano,https://nitter.net/Viniciu88520541/status/1498803349839351808#m,Truth morbius biggest film of the year,0
Morbius,1 Mar 2022,@sempai0303,Marreta Preta,"É inadimissivel você ter esquecido do mito supremo Morbius, ele sola todo e qualquer filme existente",https://nitter.net/sempai0303/status/1498802963522932738#m,"It is unacceptable that you have forgotten the supreme myth Morbius, it undermines any and all existing films",0
Morbius,1 Mar 2022,@BODIEnDOYLE77,Gavin Robert Hall,"@NewRockstars @eavoss If Morbius is set in the Venomverse, how do we get Spiderman? When Brock/Venom shifted universes and saw Spiderman on the TV, surely there would have been more recognition? Venom knew of Spiderman, but Brock didn't, so how could he exist in the Venomverse?",https://nitter.net/BODIEnDOYLE77/status/1498802868828061696#m,"@NewRockstars @eavoss If Morbius is set in the Venomverse, how do we get Spiderman? When Brock/Venom shifted universes and saw Spiderman on the TV, surely there would have been more recognition? Venom knew of Spiderman, but Brock didn't, so how could he exist in the Venomverse?",0
Morbius,1 Mar 2022,@septienes,Sir Rafael 'Raggedy' Ramirez III,"I just realized...what happened to that Morbius movie with Jared Leto? That's coming out this year, right?",https://nitter.net/septienes/status/1498802677643415561#m,"I just realized...what happened to that Morbius movie with Jared Leto? That's coming out this year, right?",1
Morbius,1 Mar 2022,@gabeomatriz,gabeomatriz,eu não diria isso sem antes ver doutor estranho 2 e morbius,https://nitter.net/gabeomatriz/status/1498802588816396295#m,I wouldn't say that without first seeing Doctor Strange 2 and Morbius,0
Morbius,1 Mar 2022,@Morbius_Jr,GoldBerg,🤣🤣🤣🤣 kalizid mdomo sana kuchonga kumanyokooo hakooo,https://nitter.net/Morbius_Jr/status/1498801943266869252#m,🤣🤣🤣🤣 It's too hard to carve the mouth,0
Morbius,1 Mar 2022,@IGNLatam,IGN Latinoamérica,"Warner Bros. anunció la suspensión del estreno de #TheBatman en Rusia debido a la situación en conflicto con Ucrania. Así mismo, otros estudios como Sony Pictures y Disney informaron que también cancelarán sus próximos estrenos en suelo ruso, entre los que se encuentran Morbius.",https://nitter.net/IGNLatam/status/1498801506572595202#m,"Warner Bros. announced the suspension of the premiere of #TheBatman in Russia due to the conflict situation with Ukraine. Likewise, other studios such as Sony Pictures and Disney reported that they will also cancel their upcoming releases on Russian soil, including Morbius.",0
Morbius,1 Mar 2022,@lux43terna,himejoshi sayaka miki,don't fuck with us morbius fans we don't exist,https://nitter.net/lux43terna/status/1498800996348162051#m,don't fuck with us morbius fans we don't exist,0
Morbius,1 Mar 2022,@NaR__16,NaR,"Es de coña que saquen esas pelis muy buena taquilla, a ver si con Morbius esa racha acaba o ratifica que son los putos amos",https://nitter.net/NaR__16/status/1498799285260926980#m,"It's a joke that they release those movies with very good box office, let's see if with Morbius that streak ends or confirms that they are the fucking masters",0
Morbius,1 Mar 2022,@jack_garrick,.,"I could not give a single shit about morbius, sorry lol",https://nitter.net/jack_garrick/status/1498798993727541251#m,"I could not give a single shit about morbius, sorry lol",1
Morbius,1 Mar 2022,@croquet_13,Crøquet 🪷,"Lo bueno de Sony es que nunca sabes qué te vas a encontrar. Te puede hacer la mejor peli de la historia del género como Into the Spider-Verse, un bodrio de dimensiones bíblicas como Venom 2, una peli que solo vamos a ver en el cine Leto y yo como Morbius... Nah, son los mejores",https://nitter.net/croquet_13/status/1498798442382041089#m,"The good thing about Sony is that you never know what you are going to find. It can make you the best movie in the history of the genre like Into the Spider-Verse, a mess of biblical dimensions like Venom 2, a movie that we are only going to see in the cinema Leto and I like Morbius... Nah, they are the best",0
Morbius,1 Mar 2022,@theshadfather87,🥳 The Shadfather😁 5 Days Til RE9,i'm not really excited for Morbius as much as i thought.,https://nitter.net/theshadfather87/status/1498797962037710848#m,i'm not really excited for Morbius as much as i thought.,1
Morbius,2 Mar 2022,@CaptainGalxy,Cap☆,I have made it to level 10 in the Morbius Discord. LET’S GOOOO,https://nitter.net/CaptainGalxy/status/1499172654711902211#m,I have made it to level 10 in the Morbius Discord. LET’S GOOOO,1
Morbius,2 Mar 2022,@JaviCarrascoTv,Javi Carrasco,"Esta semana en Megacine en @CANAL33 gran estreno de Batman. Y avance de tres de las películas más esperadas. Animales Fantásticos 3, Elvis y Morbius. ¡No te lo puedes perder! piped.video/0vGxXERHVyM #Cinema #Morbius #Batman #AnimalesFantasticos3 #Elvis #Marvel",https://nitter.net/JaviCarrascoTv/status/1499166960310960131#m,"This week at Megacine on @CANAL33 grand premiere of Batman. And previews of three of the most anticipated films. Fantastic Beasts 3, Elvis and Morbius. You can't miss it! piped.video/0vGxXERHVyM #Cinema #Morbius #Batman #FantasticAnimales3 #Elvis #Marvel",0
Morbius,2 Mar 2022,@byrmseoul,mia⁷,o loki e o morbius eu amo,https://nitter.net/byrmseoul/status/1499166382654738436#m,I love Loki and Morbius,1
Morbius,2 Mar 2022,@kngofLosTkngs,Vendrick (RE9),The Batman é o tipo de filme de heroi q te da aquele respiro no meio dos blockbusters... Me sinto revigorado pra assistir o próximo E vai ser Morbius,https://nitter.net/kngofLosTkngs/status/1499165220597637124#m,The Batman is the kind of hero film that gives you that breather in the middle of the blockbusters... I feel invigorated to watch the next one And it will be Morbius,0
Morbius,2 Mar 2022,@morbius_sire,Xhalax Sevatarion Grimnar,"I’m cold, tired and sick of everyone’s bullshit. I’m going to bed.",https://nitter.net/morbius_sire/status/1499164943446335488#m,"I’m cold, tired and sick of everyone’s bullshit. I’m going to bed.",1
Morbius,2 Mar 2022,@bigwigfiver,thlayli,euronews.com/my-europe/2021/…,https://nitter.net/bigwigfiver/status/1499163942169767939#m,euronews.com/my-europe/2021/…,0
Morbius,2 Mar 2022,@bigwigfiver,thlayli,"Precis. Jag ber om ursäkt. Det är förbi läggdags. Dock finns det ett sånt fall, i Tjeckien tror jag.",https://nitter.net/bigwigfiver/status/1499163373283463168#m,"Just. I apologize. It's past bedtime. However, there is such a case, in the Czech Republic, I think.",0
Morbius,2 Mar 2022,@lyspitico,Lyss🩸📼- ama Hades 2!,Mas ei tu vai assistir Morbius qnd sair pq sla tô com um pé atrás--,https://nitter.net/lyspitico/status/1499162187461533705#m,"But hey, you're going to watch Morbius when it comes out because I'm a bit behind--",1
Morbius,2 Mar 2022,@mike_morbius,🦇Mike🧪Morbius🦇🕸️⚰️🏰🪓,Prejudicerande?,https://nitter.net/mike_morbius/status/1499161854794514432#m,Prejudicial?,0
Morbius,2 Mar 2022,@404ZackNotFound,Zack (Chucky Enthusiast),The police when I say I'm gonna see Morbius,https://nitter.net/404ZackNotFound/status/1499161647788662787#m,The police when I say I'm gonna see Morbius,0
Morbius,2 Mar 2022,@thelakeslikeme,Brenelli ❤️‍🔥,Mds os trailers de morbius e animais fantásticos tão muuuito bons scrr quero ver logo,https://nitter.net/thelakeslikeme/status/1499161269877760001#m,"Damn the trailers for Morbius and Fantastic Beasts are sooooo good, I want to see them soon",0
Morbius,2 Mar 2022,@loverboyJermey,Big Uce,Morbius coming out when Brodie,https://nitter.net/loverboyJermey/status/1499160856294305797#m,Morbius coming out when Brodie,0
Morbius,2 Mar 2022,@vilao_especie,Todo Dia um vilão e sua espécie,"Nome: Morbius ( Michael Morbius) Poderes: Super sentidos,hipnotismo,fator de cura,força sobre-humana Espécie: Humano(Mutado) Terra Natal: Grécia Franquia: Homem Aranha/Marvel",https://nitter.net/vilao_especie/status/1499160490433556481#m,"Name: Morbius (Michael Morbius) Powers: Super senses, hypnotism, healing factor, superhuman strength Species: Human (Mutant) Homeland: Greece Franchise: Spider-Man/Marvel",0
Morbius,2 Mar 2022,@littlee_ady,Ady 🖤,😂😂😂,https://nitter.net/littlee_ady/status/1499160317401706497#m,,0
Morbius,2 Mar 2022,@TORTADEM0RANGO,camz⋆ 🍓,e por onde anda morbius um beijo para o jared leto,https://nitter.net/TORTADEM0RANGO/status/1499159297527365633#m,and where is morbius a kiss for jared leto,0
Morbius,2 Mar 2022,@CaptainGalxy,Cap☆,The Morbius voice chat on discord is going to be INSANE,https://nitter.net/CaptainGalxy/status/1499159265113559041#m,The Morbius voice chat on discord is going to be INSANE,0
Morbius,2 Mar 2022,@Morbius_Fan1,Saint Chama 🗿,,https://nitter.net/Morbius_Fan1/status/1499159071655698433#m,,0
Morbius,2 Mar 2022,@iAmBeowulfJones,B€@WU£F Jones,"Terrence Malick has worked w 3 Batmans, 1 Superman, Carnage, Taskmaster, 1 Thor, Hela, 1 Punisher, The Leader, Bullseye, The Penguin, Cyclops, 1 Joker, Morbius, 1 Inglorious Basterd, Shakespeare, 2 Jesus Christs, and Danny Zuko #ArthouseCinema",https://nitter.net/iAmBeowulfJones/status/1499159053674508290#m,"Terrence Malick has worked w 3 Batmans, 1 Superman, Carnage, Taskmaster, 1 Thor, Hela, 1 Punisher, The Leader, Bullseye, The Penguin, Cyclops, 1 Joker, Morbius, 1 Inglorious Basterd, Shakespeare, 2 Jesus Christs, and Danny Zuko #ArthouseCinema",0
Morbius,2 Mar 2022,@wiII_t4,Will ❁,"O Marvete nem esconde a preferência, mesmo todo mundo sabendo que esse Morbius vai ser uma merda",https://nitter.net/wiII_t4/status/1499158548378525697#m,"Marvete doesn't even hide his preference, even though everyone knows that this Morbius is going to be shit",1
Morbius,2 Mar 2022,@irvinSalazar21,Irvin Salazar,Oh fuck morbius😱,https://nitter.net/irvinSalazar21/status/1499158264273113091#m,Oh fuck morbius😱,1
Morbius,2 Mar 2022,@bigwigfiver,thlayli,Det finns ett precederande fall i EU-domstolen.,https://nitter.net/bigwigfiver/status/1499157750336659456#m,There is a precedent case in the European Court of Justice.,0
Morbius,2 Mar 2022,@LexiTalksComix,AlexisTalksComics(הִיא/She/Her) ✡️,Tim can be in a ward named after Tony for his charitable contributions and Morbius can be his doctor😂,https://nitter.net/LexiTalksComix/status/1499157735824318473#m,Tim can be in a ward named after Tony for his charitable contributions and Morbius can be his doctor😂,0
Morbius,2 Mar 2022,@mxdwn,Raymond Flotat,via @mxdwnmovies: @Disney Pulls Upcoming Films From Russia; @warnerbros and @Sony Delay '@TheBatman' and '@MorbiusMovie' #Disney #Sony #WarnerBros #TheBatman #Morbius movies.mxdwn.com/news/disney…,https://nitter.net/mxdwn/status/1499157605838585862#m,via @mxdwnmovies: @Disney Pulls Upcoming Films From Russia; @warnerbros and @Sony Delay '@TheBatman' and '@MorbiusMovie' #Disney #Sony #WarnerBros #TheBatman #Morbius movies.mxdwn.com/news/disney…,0
Morbius,2 Mar 2022,@SonyPicturesArg,Sony Pictures Argentina,"¡Falta UN MES para conocer a #Morbius! Estreno 31 de marzo, exclusivamente en cines 🎬",https://nitter.net/SonyPicturesArg/status/1499157603267403776#m,"ONE MONTH left until we meet #Morbius! Premieres March 31, exclusively in theaters 🎬",0
Morbius,2 Mar 2022,@NicholasJLevi,Nicholas,"How will you fit Iron Man, Venom, & Morbius into that though?",https://nitter.net/NicholasJLevi/status/1499157195300257802#m,"How will you fit Iron Man, Venom, & Morbius into that though?",0
Morbius,2 Mar 2022,@mike_morbius,🦇Mike🧪Morbius🦇🕸️⚰️🏰🪓,Brinn i helvetet.,https://nitter.net/mike_morbius/status/1499156710304407557#m,Burn in hell.,1
Morbius,2 Mar 2022,@MovieSystem,TheMovieSystem,THE BATMAN will not be Releasing in Russia; Morbius and Possibly Doctor Strange Too! themoviesystem.wordpress.com…,https://nitter.net/MovieSystem/status/1499156480192303109#m,THE BATMAN will not be Releasing in Russia; Morbius and Possibly Doctor Strange Too! themoviesystem.wordpress.com…,0
Morbius,2 Mar 2022,@Morbius_Fan1,Saint Chama 🗿,MotM 3,https://nitter.net/Morbius_Fan1/status/1499156379935858697#m,MotM 3,0
Morbius,2 Mar 2022,@oscarsalas,Óscar Salas,"Mientras trabajo en casa he estado repitiendo la serie de /rei-dio-act-iv/ Spider-Man y particularmente en la segunda temporada tengo claro que los ejecutivos de Marvel/Sony hacen lo mismo que yo. Kingpin, Morbius, Kraven, Blade, hasta cameo de Daredevil. De manual. En Disniplas.",https://nitter.net/oscarsalas/status/1499156181922635777#m,"While I'm working at home I've been replaying the /rei-dio-act-iv/ Spider-Man series and particularly in the second season it's clear to me that the Marvel/Sony executives are doing the same thing as me. Kingpin, Morbius, Kraven, Blade, even Daredevil cameo. Manual. In Disniplas.",0
Morbius,2 Mar 2022,@whoupjerkin,fortnite balls,ayo morbius is greek in the comics,https://nitter.net/whoupjerkin/status/1499155845464174593#m,ayo morbius is greek in the comics,1
Morbius,2 Mar 2022,@Huntzilla99,Huntzilla,Morbius need to be here too,https://nitter.net/Huntzilla99/status/1499155776086159360#m,Morbius need to be here too,0
Morbius,2 Mar 2022,@manualtolyf,Manual To Lyf,"Jared Leto Talks About the Lore of ""Morbius"" in New Featurette krisiskomix.blogspot.com/202…",https://nitter.net/manualtolyf/status/1499154057017315329#m,"Jared Leto Talks About the Lore of ""Morbius"" in New Featurette krisiskomix.blogspot.com/202…",0
Morbius,2 Mar 2022,@mike_morbius,🦇Mike🧪Morbius🦇🕸️⚰️🏰🪓,Mjölk till din semla? 🧐,https://nitter.net/mike_morbius/status/1499152501278494724#m,Milk for your semla? 🧐,0
Morbius,2 Mar 2022,@keyofmgy,"Allison || status moonsick, adrift 🚫🧊",HOLY SHIT MATT-SMITH-IN-MORBIUS CONTENT????????,https://nitter.net/keyofmgy/status/1499152189624930305#m,HOLY SHIT MATT-SMITH-IN-MORBIUS CONTENT????????,0
Morbius,2 Mar 2022,@azylum0828,Chris Azylum,"Day 1:Playboi Carti,Pitbull Night 1:NAV Day 3:Don Toliver,Paul Heyman,CDTV,Raven from TTG Night 3:WordGirl,Robot Chicken,Angelina Ballerina Day 4:Alex The Lion Arena Event:Hades,Morbius,Belly,McGregor Houghton",https://nitter.net/azylum0828/status/1499152131252752387#m,"Day 1:Playboi Carti,Pitbull Night 1:NAV Day 3:Don Toliver,Paul Heyman,CDTV,Raven from TTG Night 3:WordGirl,Robot Chicken,Angelina Ballerina Day 4:Alex The Lion Arena Event:Hades,Morbius,Belly,McGregor Houghton",0
Morbius,3 Mar 2022,@Y_Si_Te_Ries1,the fitness girl,No estoy de acuerdo pero efe,https://nitter.net/Y_Si_Te_Ries1/status/1499534630210449413#m,I don't agree but hey,0
Morbius,3 Mar 2022,@AGCommentary80,AG Commentary,"More Strange News, Beetlejuice, Henry Cavill, Morbius, and MORE! | The S... piped.video/1uiDwwg42RA via @YouTube",https://nitter.net/AGCommentary80/status/1499534343298895887#m,"More Strange News, Beetlejuice, Henry Cavill, Morbius, and MORE! | The S... piped.video/1uiDwwg42RA via @YouTube",0
Morbius,3 Mar 2022,@FreshIbz13858,Player456,Is Morbius part of TASM universe or MCU? Could he join the Midnight sons in the MCU?,https://nitter.net/FreshIbz13858/status/1499534238407921669#m,Is Morbius part of TASM universe or MCU? Could he join the Midnight sons in the MCU?,0
Morbius,3 Mar 2022,@camargo_kaylani,camargo,"já se programe para o Batman, Morbius e Animais Fantástico KKK",https://nitter.net/camargo_kaylani/status/1499534233152413696#m,"Get ready for Batman, Morbius and Fantastic Beasts KKK",0
Morbius,3 Mar 2022,@Fool_Fiction,Fool Fiction,Morbius still wont be in theaters,https://nitter.net/Fool_Fiction/status/1499533650701864971#m,Morbius still wont be in theaters,0
Morbius,3 Mar 2022,@bamp_podcast,Bloody Awesome Movie Podcast,"This week, we're reviewing #Dog, chatting the #Morbius and #FantasticBeasts trailers, the #SAGAwards winners and MORE! ▶️ linktr.ee/bamp #moviepodcast #popculture #popculturepodcast #shpoll22 #dogmovie #FantasticBeasts3 #podcasthq",https://nitter.net/bamp_podcast/status/1499533458191921152#m,"This week, we're reviewing #Dog, chatting the #Morbius and #FantasticBeasts trailers, the #SAGAwards winners and MORE! ▶️ linktr.ee/bamp #moviepodcast #popculture #popculturepodcast #shpoll22 #dogmovie #FantasticBeasts3 #podcasthq",0
Morbius,3 Mar 2022,@lola_astro,🍭Odette La Cheetos🍭,"Me da curiosidad su dentadura y colmillos, no son los de un murciélago si no más parecido a un vampiro humano como en las leyendas 🤔🤭🤭🦇 ya ando divagando #Vampire #Morbius #jojo #jojosphantomblood",https://nitter.net/lola_astro/status/1499531668062937088#m,"I'm curious about his teeth and fangs, they are not those of a bat but more similar to a human vampire like in the legends 🤔🤭🤭🦇 I'm already rambling #Vampire #Morbius #jojo #jojosphantomblood",0
Morbius,3 Mar 2022,@KeelyPereira,KeelyPereira,Ansiosa pro filme do Morbius,https://nitter.net/KeelyPereira/status/1499530749573226499#m,Excited for the Morbius movie,0
Morbius,3 Mar 2022,@Morbius_Fan1,Saint Chama 🗿,,https://nitter.net/Morbius_Fan1/status/1499530696997621765#m,,0
Morbius,3 Mar 2022,@naim_7_7_naim,Agnomen-Opel Corsa,Si no contamos a Morbius o si le tenemos muchísima fé De diciembre a mayo no hemos tenido un producto de super héroes o de las guerras estrellas malo,https://nitter.net/naim_7_7_naim/status/1499530568056328196#m,"If we don't count Morbius or if we have a lot of faith in him, from December to May we have not had a bad superhero or star wars product.",0
Morbius,3 Mar 2022,@BuzzFeedRewind,BuzzFeed Rewind,"Including Morbius, season two of Bridgerton, and The Batman. buzzfeed.com/sam_cleal/new-t…",https://nitter.net/BuzzFeedRewind/status/1499529439998357512#m,"Including Morbius, season two of Bridgerton, and The Batman. buzzfeed.com/sam_cleal/new-t…",0
Morbius,3 Mar 2022,@Morbius_Fan1,Saint Chama 🗿,Ja to Celtics confirmed?,https://nitter.net/Morbius_Fan1/status/1499528627981008896#m,Ja to Celtics confirmed?,0
Morbius,3 Mar 2022,@ExtSourSkittles,˗ˏˋ Luce//24 🎗ˎˊ˗,MORBIUS DOES NOT EXIST,https://nitter.net/ExtSourSkittles/status/1499528205069398022#m,MORBIUS DOES NOT EXIST,0
Morbius,3 Mar 2022,@_Reesey3,Ty 🧪,Morbius comes out in April on the 1st,https://nitter.net/_Reesey3/status/1499527264383422467#m,Morbius comes out in April on the 1st,0
Morbius,3 Mar 2022,@dragon_lytherin,Sol 💚🐍,"¡Qué les cuesta respetar los ships! Si fuera al revés, alguien insultando Morbius, seguro que no lo vería bien 😒",https://nitter.net/dragon_lytherin/status/1499525691414568962#m,"How difficult it is for them to respect the ships! If it were the other way around, someone insulting Morbius, I'm sure he wouldn't see it well 😒",0
Morbius,3 Mar 2022,@seelkadoom_the,Lord Seelkadoom The Hedgehog ( God Of Destruction),So everyone imagine me as Morbius,https://nitter.net/seelkadoom_the/status/1499524850725105669#m,So everyone imagine me as Morbius,0
Morbius,3 Mar 2022,@brian_shoots,I’m Brian Knockin,I don’t know why lol but I’m gonna go see Morbius,https://nitter.net/brian_shoots/status/1499524538802917398#m,I don’t know why lol but I’m gonna go see Morbius,1
Morbius,3 Mar 2022,@ethan_is_kewl,ethan,Morbius is like the Citizen Kane of movies,https://nitter.net/ethan_is_kewl/status/1499524352001200144#m,Morbius is like the Citizen Kane of movies,1
Morbius,3 Mar 2022,@patriciacunha25,Paty,Preciso ver Morbius,https://nitter.net/patriciacunha25/status/1499524142437130243#m,I need to see Morbius,1
Morbius,3 Mar 2022,@FlexyJg,Flexy JG Studio,J'irais le voir alors il y'a Morbius aussi a voir il sort bientôt 😉,https://nitter.net/FlexyJg/status/1499524078352412673#m,"I'll go see it so there's also Morbius to see, it's coming out soon 😉",0
Morbius,3 Mar 2022,@lycaonkisser,luiza ☽☾ lycaon's firefly,acabei de lembrar que no final do mês/começo do mês que vem tem morbius CHEGA estou falida,https://nitter.net/lycaonkisser/status/1499522923383726083#m,"I just remembered that at the end of the month/beginning of next month there is morbius, I'm bankrupt",0
Morbius,3 Mar 2022,@miqueiasilva713,Crise dos Infinitos Miqueias,"De boas, ADM, muita gente tá se confundindo com o fato de lá nos EUA, 'Morbius' lançar dia 1 de abril",https://nitter.net/miqueiasilva713/status/1499522064818098178#m,"Good luck, ADM, a lot of people are getting confused by the fact that in the USA, 'Morbius' will be released on April 1st",0
Morbius,3 Mar 2022,@sempygetshis,Alex⚜️,🚨NEW VIDEO: piped.video/56fBWR83pWE How Spider-Man: No Way Home might have indirectly setup piece of the #Morbius movie — explaining the Venom/Toney/Andrew easter eggs. Check it and drop ya theories in the comments🙏🏼,https://nitter.net/sempygetshis/status/1499520553945911300#m,🚨NEW VIDEO: piped.video/56fBWR83pWE How Spider-Man: No Way Home might have indirectly setup piece of the #Morbius movie — explaining the Venom/Toney/Andrew easter eggs. Check it and drop ya theories in the comments🙏🏼,0
Morbius,3 Mar 2022,@PopCulMinefield,Pop Culture Minefield,"🚨TONIGHT @ 6pm CST The Scoop Zone!🚨 New episode discussing more @MikeySutton1 @GeekosityMag scoops and news! Doctor Strange, Henry Cavill, Morbius, and more! Join us in the chat! ▶️piped.video/1uiDwwg42RA",https://nitter.net/PopCulMinefield/status/1499517947232010243#m,"🚨TONIGHT @ 6pm CST The Scoop Zone!🚨 New episode discussing more @MikeySutton1 @GeekosityMag scoops and news! Doctor Strange, Henry Cavill, Morbius, and more! Join us in the chat! ▶️piped.video/1uiDwwg42RA",0
Morbius,3 Mar 2022,@davidpuma,el tío dave,Si ; la de morbius no sale este mes ? La de teoría ni idea de cuando salga,https://nitter.net/davidpuma/status/1499517403390169088#m,"Yeah ; The Morbius one isn't coming out this month? The one with theory, no idea when it comes out",0
Morbius,3 Mar 2022,@juliamacielf,Julia Maciel,"Esse mês ainda tem Morbius, hein 👀",https://nitter.net/juliamacielf/status/1499517206840889345#m,"This month there's still Morbius, huh 👀",0
Morbius,3 Mar 2022,@JoshiKrutarth5,Krutarth🇮🇳,Me Also But I Am More Excited About Morbius,https://nitter.net/JoshiKrutarth5/status/1499514621496938497#m,Me Also But I Am More Excited About Morbius,1
Morbius,3 Mar 2022,@Boty1312,Boty,Batman: Check. Siguiente parada: Morbius. Que gran momento para ser geek.,https://nitter.net/Boty1312/status/1499514584922607625#m,Batman: Check. Next stop: Morbius. What a great time to be a geek.,0
Morbius,3 Mar 2022,@HormigasM,Hormigas De Marte,"🍿Tráiler de #Morbius, en cines este 31 de marzo",https://nitter.net/HormigasM/status/1499513478838693895#m,"🍿Trailer for #Morbius, in theaters this March 31",0
Morbius,3 Mar 2022,@SL171099,Sergio Julián López Puebla,"Ahorita que vi esta foto me imagino que al final de Morbius en los créditos saldrá la frase ""Morbious Volverá en..."" ""The Amazing Spider-Man 3"" Lo imaginan? Ustedes que opinan? #MakeTASM3 @SonyPictures #SpiderMan #Morbius #theamazingspiderman #andrewgarfield #JaredLeto",https://nitter.net/SL171099/status/1499512944647983107#m,"Ahorita que vi esta foto me imagino que al final de Morbius en los créditos saldrá la frase ""Morbious Volverá en..."" ""The Amazing Spider-Man 3"" Lo imaginan? Ustedes que opinan? #MakeTASM3 @SonyPictures #SpiderMan #Morbius #theamazingspiderman #andrewgarfield #JaredLeto",0
Morbius,3 Mar 2022,@OleSeaCrow,💀🏴Ash Johnson🗡🌊,Decided to change my pro up again in Honor of Morbius dropping in the US April 1st placed Matt's char Milo on my pro with a bat. Credit 2 @Matt_SmithNews 4 the pic I'm using as an icon,https://nitter.net/OleSeaCrow/status/1499512836883722245#m,Decided to change my pro up again in Honor of Morbius dropping in the US April 1st placed Matt's char Milo on my pro with a bat. Credit 2 @Matt_SmithNews 4 the pic I'm using as an icon,0
Morbius,3 Mar 2022,@Charlem37,Charlemagne,"MORBIUS (2022) Gravement atteint d’une rare maladie sanguine, et déterminé à sauver toutes les victimes de cette pathologie, le Dr Morbius tente un pari désespéré. Regarder la bande-annonce ici : piped.video/yguJIi9OOEY",https://nitter.net/Charlem37/status/1499510855410622469#m,"MORBIUS (2022) Seriously affected by a rare blood disease, and determined to save all the victims of this pathology, Dr. Morbius takes a desperate gamble. Watch the trailer here: piped.video/yguJIi9OOEY",0
Morbius,4 Mar 2022,@TreyDogg22,tiddie roosevelt 🫠,Morbius looks so bad bro😂 C list villain movies stuffed with C list actors with no script and shotty cgi. They just don’t know when to stop,https://nitter.net/TreyDogg22/status/1499897295395082242#m,Morbius looks so bad bro😂 C list villain movies stuffed with C list actors with no script and shotty cgi. They just don’t know when to stop,1
Morbius,4 Mar 2022,@TheMags53,ST. ETHANBARON V. MOSSJURO,"Cuando Morbius fracase ¿por donde se van a meter ésta película? A quién quiero engañar, no va a fracasar, ninguna de éstas va a volver a fracasar por los próximos 10 años como mínimo.",https://nitter.net/TheMags53/status/1499896451979173889#m,"When Morbius fails, where are they going to take this movie? Who am I kidding, it's not going to fail, none of these are going to fail again for the next 10 years at least.",0
Morbius,4 Mar 2022,@El_Cooperante,El Cooperante,Los rusos no podrán ver Batman ni Morbius por el boicot contra la invasión a Ucrania #4Mar 🌎 | ✍🏻 @fuenteseliz elcooperante.com/los-rusos-n…,https://nitter.net/El_Cooperante/status/1499894875701059584#m,Russians will not be able to see Batman or Morbius due to the boycott against the invasion of Ukraine #4Mar 🌎 | ✍🏻 @fuenteseliz elcooperante.com/los-rusos-n…,0
Morbius,4 Mar 2022,@AbnormalCutie00,Shivangelion 🔻,Who is Morbius for?,https://nitter.net/AbnormalCutie00/status/1499894791294922753#m,Who is Morbius for?,0
Morbius,4 Mar 2022,@OfficialShneaky,🤫SHNEAKY the MC🤫,"Yezzir! They’ve BEEN talking about him poppin’ up in like every movie lol spider-man, morbius, etc lol",https://nitter.net/OfficialShneaky/status/1499894567717376000#m,"Yezzir! They’ve BEEN talking about him poppin’ up in like every movie lol spider-man, morbius, etc lol",1
Morbius,4 Mar 2022,@mike_morbius,🦇Mike🧪Morbius🦇🕸️⚰️🏰🪓,,https://nitter.net/mike_morbius/status/1499893521968414724#m,,0
Morbius,4 Mar 2022,@anomuras,maisa,KKKKKKKKKKKK ai vei eu acho o personagem interessante assim ne tipo li uma ou outra coisa com ele mas um filme inteiro solo Sem o homem aranha realmente meio nada a ver ?? venom ate vai pq eh um personagem bem grande faz tempo ja mas morbius n chega nem perto,https://nitter.net/anomuras/status/1499893509683306496#m,"LOL, here I come, I think the character is interesting, I haven't read one or two things with him, but an entire film alone Without Spider-Man really has nothing to do with it?? venom even goes because he's a really big character for a while now but morbius doesn't even come close",0
Morbius,4 Mar 2022,@Deestrenomx,De Estreno,Estás listo para estar en la alfombra roja en la grada40 de #Morbius y conocer a @JaredLeto …. En su visita a la CDMX . Sigue el minuto a minuto @Depelicula40,https://nitter.net/Deestrenomx/status/1499893070829178886#m,Are you ready to be on the red carpet in the 40th tier of #Morbius and meet @JaredLeto…. On your visit to CDMX. Follow minute by minute @Depelicula40,0
Morbius,4 Mar 2022,@anomuras,maisa,morbius vai flopar mto pq vai ser ruim e nao vai ter homem aranha q nem venom Mas diferente de venom nao vai agradar os gays e tem o jared leto q ngm gosta,https://nitter.net/anomuras/status/1499892380333400067#m,"Morbius is going to flop a lot because it's going to be bad and there won't be a Spider-Man like Venom. But unlike Venom, it won't please gays and there's Jared Leto who no one likes.",0
Morbius,4 Mar 2022,@legcbatman,daan,morbius or the flash,https://nitter.net/legcbatman/status/1499891157236600836#m,morbius or the flash,1
Morbius,4 Mar 2022,@bachtieutran,Tiểu Trân,"Hollywood tuyên bố ngừng phát hành The Batman, Morbius, Turning Red tại Nga tinhanhlang.net/hollywood-tu…",https://nitter.net/bachtieutran/status/1499891095651729412#m,"Hollywood announced to stop releasing The Batman, Morbius, Turning Red in Nga tinhanhlang.net/hollywood-tu…",0
Morbius,4 Mar 2022,@kevkev,kevin m.,I also worked on Morbius and Fantastic Beasts 3 which had trailers that preceded it too 😉🥳,https://nitter.net/kevkev/status/1499890505873866758#m,I also worked on Morbius and Fantastic Beasts 3 which had trailers that preceded it too 😉🥳,0
Morbius,4 Mar 2022,@IhavetheRayGun,Matt ✝️🍿,Me when someone says Morbius looks bad,https://nitter.net/IhavetheRayGun/status/1499890187777843205#m,Me when someone says Morbius looks bad,1
Morbius,4 Mar 2022,@GojoGotGame,wojo gojo,Completely forgot Morbius was a thing,https://nitter.net/GojoGotGame/status/1499889555629092867#m,Completely forgot Morbius was a thing,1
Morbius,4 Mar 2022,@Morbius_2,Young Batman,Quantum superposition is a real deal.,https://nitter.net/Morbius_2/status/1499889152942346250#m,Quantum superposition is a real deal.,0
Morbius,4 Mar 2022,@YaanisFrs,Many,"Bha en soit j’pense qu’avec le Sony verse Venom sera plus un allié qu’autre chose donc (Kraven,bouffon,vautour , rhino, morbius) mais ce serait bizare",https://nitter.net/YaanisFrs/status/1499887820005068802#m,"Well I think that with the Sony verse Venom will be more of an ally than anything else (Kraven, jester, vulture, rhino, morbius) but that would be weird",0
Morbius,4 Mar 2022,@chris_roman84,chris roman🇵🇷,"Marvel didn’t make venom or morbius, Sony did those",https://nitter.net/chris_roman84/status/1499887527058157568#m,"Marvel didn’t make venom or morbius, Sony did those",0
Morbius,4 Mar 2022,@GirlsDNI,D4NI,They keep trying to make us care about that Morbius movie and it’s still not working…,https://nitter.net/GirlsDNI/status/1499886883953860610#m,They keep trying to make us care about that Morbius movie and it’s still not working…,1
Morbius,4 Mar 2022,@Matz56681660,Matz Schenk Willem,Morbius MCU - Tony Stark,https://nitter.net/Matz56681660/status/1499886467270660096#m,Morbius MCU - Tony Stark,0
Morbius,4 Mar 2022,@shar1fz,zara,hyped for morbius,https://nitter.net/shar1fz/status/1499886457552576512#m,hyped for morbius,1
Morbius,4 Mar 2022,@El_Cooperante,El Cooperante,Los rusos no podrán ver Batman ni Morbius por el boicot contra la invasión a Ucrania #4Mar 🌎 | ✍🏻 @fuenteseliz elcooperante.com/los-rusos-n…,https://nitter.net/El_Cooperante/status/1499886405404659716#m,Russians will not be able to see Batman or Morbius due to the boycott against the invasion of Ukraine #4Mar 🌎 | ✍🏻 @fuenteseliz elcooperante.com/los-rusos-n…,0
Morbius,4 Mar 2022,@ppaulissima,paula DOIT,quero muito assistir Morbius mds,https://nitter.net/ppaulissima/status/1499885690108133380#m,I really want to watch Morbius mds,1
Morbius,4 Mar 2022,@deliiagomezz,dede,*superó nwh* me veo the batman * no la supera hasta q salga morbius y los secretos d dumbledore* superó esas dos * me veo doctor strange2 * va a ser un año Jodido JSJSJSJSJDJSJSJ,https://nitter.net/deliiagomezz/status/1499885419097427970#m,*he passed nwh* I see myself as the batman *he doesn't surpass it until morbius and the secrets of dumbledore come out* he surpassed those two *I see myself doctor strange2* it's going to be a fucking year JSJSJSJSJDJSJSJ,0
Morbius,4 Mar 2022,@05VauxhallCorsa,BOSG Truther,"i liked 1, didn’t hate 2 but it wasn’t as good, however from the trailers and the fact that jared leto is terrible when being a focus point of a movie i have doubts about morbius",https://nitter.net/05VauxhallCorsa/status/1499884068883902465#m,"i liked 1, didn’t hate 2 but it wasn’t as good, however from the trailers and the fact that jared leto is terrible when being a focus point of a movie i have doubts about morbius",1
Morbius,4 Mar 2022,@jholwiil,jholzera 🦅,aaaaaa mano eu curto o mórbius akakaka quero ver o filme mais por ele mesmo…,https://nitter.net/jholwiil/status/1499883643258425350#m,aaaaaa bro I like the morbius akakaka I want to see the film more for itself…,0
Morbius,4 Mar 2022,@RicardoLukey,Super Michael Carrick Lukey,Sony this a plea. please stop making Spiderman villain movies. they are all bad and morbius is going to be bad.,https://nitter.net/RicardoLukey/status/1499883175216037894#m,Sony this a plea. please stop making Spiderman villain movies. they are all bad and morbius is going to be bad.,1
Morbius,4 Mar 2022,@JessKebbell,Jess Kebbell,"Saw some excellent trailers tonight for Morbius, Doctor Strange, Fantastic Beasts and Top Gun. So, so excited for the next few months in film.",https://nitter.net/JessKebbell/status/1499883097504034822#m,"Saw some excellent trailers tonight for Morbius, Doctor Strange, Fantastic Beasts and Top Gun. So, so excited for the next few months in film.",1
Morbius,4 Mar 2022,@vlngvn,𝙫 𝙖 𝙡,Morbius,https://nitter.net/vlngvn/status/1499882863755669507#m,Morbius,1
Morbius,4 Mar 2022,@El_Cooperante,El Cooperante,Los rusos no podrán ver Batman ni Morbius por el boicot contra la invasión a Ucrania #4Mar 🌎 | ✍🏻 @fuenteseliz elcooperante.com/los-rusos-n…,https://nitter.net/El_Cooperante/status/1499882756309979136#m,Russians will not be able to see Batman or Morbius due to the boycott against the invasion of Ukraine #4Mar 🌎 | ✍🏻 @fuenteseliz elcooperante.com/los-rusos-n…,0
Morbius,4 Mar 2022,@PapiDaGreat_,Chosen1,Morbius come out April 1st 🔥,https://nitter.net/PapiDaGreat_/status/1499882581931827200#m,Morbius come out April 1st 🔥,0
Morbius,4 Mar 2022,@BoxOffice,Boxoffice Pro,Long Range Box Office Forecast: Sony and Marvel’s MORBIUS Read more: buff.ly/3HFPYgc #Morbius #BoxOffice,https://nitter.net/BoxOffice/status/1499882467637014529#m,Long Range Box Office Forecast: Sony and Marvel’s MORBIUS Read more: buff.ly/3HFPYgc #Morbius #BoxOffice,0
Morbius,4 Mar 2022,@JuanjoTole2,♱ole 𓆩𓆪,Siguiente parada #Morbius a ver qué nos cuentan en esa peli.,https://nitter.net/JuanjoTole2/status/1499882047682367490#m,Next stop #Morbius to see what they tell us in that movie.,0
Morbius,4 Mar 2022,@KevWatchedAFilm,KevWatchedAFilm™,I still had the Morbius trailer in front of my showing of #Batman lol,https://nitter.net/KevWatchedAFilm/status/1499881765485359109#m,I still had the Morbius trailer in front of my showing of #Batman lol,0
Morbius,4 Mar 2022,@8bit_Snazzy,David Krane,Venom and Morbius are often anti heroes as well as villains so those make sense to me. Kraven is just a big game hunter,https://nitter.net/8bit_Snazzy/status/1499881748003495944#m,Venom and Morbius are often anti heroes as well as villains so those make sense to me. Kraven is just a big game hunter,0
Morbius,4 Mar 2022,@mamigarita,麻rs,Bart Cubbins is waiting for Morbius😘 #BartArt #Morbius #JaredLeto,https://nitter.net/mamigarita/status/1499881578969047040#m,Bart Cubbins is waiting for Morbius😘 #BartArt #Morbius #JaredLeto,0
Morbius,4 Mar 2022,@FernandaSchmolz,Fernanda Schmölz 🦝✨️,Torcendo mt pra q Morbius flope rapido e cancelem essas ideias bosta,https://nitter.net/FernandaSchmolz/status/1499878364655542273#m,I really hope that Morbius flops quickly and cancels these stupid ideas,0
Morbius,4 Mar 2022,@Liam_The_Nerd,Liam/Lemon🏳️‍🌈🎥,this is the same person that things morbius will be a cinema masterpiece,https://nitter.net/Liam_The_Nerd/status/1499877610284888067#m,this is the same person that things morbius will be a cinema masterpiece,1
Morbius,4 Mar 2022,@Bizarnage,Bizarnage,Everyone is gonna lose their shit when she shows up in Morbius.,https://nitter.net/Bizarnage/status/1499877447218642948#m,Everyone is gonna lose their shit when she shows up in Morbius.,0
Morbius,4 Mar 2022,@_ITzUP,NotObama,How long have they been showing the Morbius trailer dawg,https://nitter.net/_ITzUP/status/1499876963980390402#m,How long have they been showing the Morbius trailer dawg,1
Morbius,4 Mar 2022,@nightbib,nightbird ᗢ,"30.03. Moon Knight 01.04. Morbius 04.04. In Space with Markiplier Hyperfixations incoming... Also, I'm gonna turn into the biggest sl*t for Dark because he'll rekindle my five-year-old crush on him",https://nitter.net/nightbib/status/1499876035579498501#m,"30.03. Moon Knight 01.04. Morbius 04.04. In Space with Markiplier Hyperfixations incoming... Also, I'm gonna turn into the biggest sl*t for Dark because he'll rekindle my five-year-old crush on him",1
Morbius,6 Mar 2022,@Randomboi119,randomboi,"You don’t even have to pay that much attention to see them lol. Can’t blame you for not looking at stuff about morbius tho, it does look like it’s gonna flop.",https://nitter.net/Randomboi119/status/1500622128034430977#m,"You don’t even have to pay that much attention to see them lol. Can’t blame you for not looking at stuff about morbius tho, it does look like it’s gonna flop.",1
Morbius,6 Mar 2022,@CBR,CBR,"An international TV spot for Sony Pictures' Morbius highlights the film's villain, played by Matt Smith. buff.ly/3vNuKL9",https://nitter.net/CBR/status/1500622088192897027#m,"An international TV spot for Sony Pictures' Morbius highlights the film's villain, played by Matt Smith. buff.ly/3vNuKL9",1
Morbius,6 Mar 2022,@bigpoppa519,Pops,"I haven't seen a single person jokingly say it's gonna be ""peak cinema"" unless they're intentionally calling it dog shit. If people have been then yea sure, sorry I don't spend 99% of my time paying attention to the flop that morbius will inevitably be.",https://nitter.net/bigpoppa519/status/1500621776015052805#m,"I haven't seen a single person jokingly say it's gonna be ""peak cinema"" unless they're intentionally calling it dog shit. If people have been then yea sure, sorry I don't spend 99% of my time paying attention to the flop that morbius will inevitably be.",1
Morbius,6 Mar 2022,@ugliesthater,zane,u like one comic book related tweet on here and your timeline just becomes morbius fans and david ayer truthers,https://nitter.net/ugliesthater/status/1500620485700329475#m,u like one comic book related tweet on here and your timeline just becomes morbius fans and david ayer truthers,0
Morbius,6 Mar 2022,@KeiziTV,Keizi Cinema 🎞️🍿,This is how I know Morbius will be mid,https://nitter.net/KeiziTV/status/1500619959038210048#m,This is how I know Morbius will be mid,1
Morbius,6 Mar 2022,@kylercfc,kyle,all to be ruined by Morbius 😢,https://nitter.net/kylercfc/status/1500619283386277894#m,all to be ruined by Morbius 😢,0
Morbius,6 Mar 2022,@Morbius_Fan1,Saint Chama 🗿,@camjbanks Thoughts on these three rules,https://nitter.net/Morbius_Fan1/status/1500619070470860804#m,@camjbanks Thoughts on these three rules,0
Morbius,6 Mar 2022,@LexTheVibe,Alexa♌︎,Anywho…let’s try again in April with Morbius. Lol,https://nitter.net/LexTheVibe/status/1500619039269339144#m,Anywho…let’s try again in April with Morbius. Lol,0
Morbius,6 Mar 2022,@morbius_k,morbius_k,just watched #TheBatman and damn it was a fucking great movie! 10/10,https://nitter.net/morbius_k/status/1500618950488567809#m,just watched #TheBatman and damn it was a fucking great movie! 10/10,1
Morbius,6 Mar 2022,@jordananimate,Jordan,"I've made a complete turn on this one. I wasn't into it at first, but they won me over. I hope it succeeds, it looks amazing visually. I just hope it doesn't rely too heavily on setting up other stuff, if it does, it will be hindered. #MORBIUS",https://nitter.net/jordananimate/status/1500617868932747264#m,"I've made a complete turn on this one. I wasn't into it at first, but they won me over. I hope it succeeds, it looks amazing visually. I just hope it doesn't rely too heavily on setting up other stuff, if it does, it will be hindered. #MORBIUS",1
Morbius,6 Mar 2022,@im_origiNELL,Janell🇬🇾,Morbius comes out on my birthday 🤔,https://nitter.net/im_origiNELL/status/1500617734471794691#m,Morbius comes out on my birthday 🤔,0
Morbius,6 Mar 2022,@JumpManZ,👑 Bo 🇳🇬,Morbius PG-13,https://nitter.net/JumpManZ/status/1500616761208709123#m,Morbius PG-13,0
Morbius,6 Mar 2022,@MatuRuizDu,Negro,morbius no me llama absolutamente nada y eso me pone triste,https://nitter.net/MatuRuizDu/status/1500615637785325571#m,Morbius doesn't call me at all and that makes me sad,0
Morbius,6 Mar 2022,@JoSherlock7,JOANNA SHERLOCK,Favourite superhero? — #Morbius lap78.ask.fm/igoto/45DKECPW7…,https://nitter.net/JoSherlock7/status/1500615160419037186#m,Favourite superhero? — #Morbius lap78.ask.fm/igoto/45DKECPW7…,0
Morbius,6 Mar 2022,@nikochanr3,niko,What was the thought process for a Morbius movie?,https://nitter.net/nikochanr3/status/1500615149773803527#m,What was the thought process for a Morbius movie?,1
Morbius,6 Mar 2022,@TodimuJ,Todimu,Can't wait for Morbius,https://nitter.net/TodimuJ/status/1500614951160922114#m,Can't wait for Morbius,1
Morbius,6 Mar 2022,@arifjvd,ChapliXCX🌸,U sure about that? I’m sure MORBIUS is gonna slap ….. jk obviously no wtf is that,https://nitter.net/arifjvd/status/1500614469621358592#m,U sure about that? I’m sure MORBIUS is gonna slap ….. jk obviously no wtf is that,1
Morbius,6 Mar 2022,@ohellkite,helsing (read my comic in pinned),Venom or Venom: Let There Be Carnage or Morbius idk anymore:,https://nitter.net/ohellkite/status/1500614076199747587#m,Venom or Venom: Let There Be Carnage or Morbius idk anymore:,0
Morbius,6 Mar 2022,@RuiToMars,₪ Rui Brandão ₪,piped.video/watch?v=12y0deMz… #MORBIUS,https://nitter.net/RuiToMars/status/1500613872931254272#m,piped.video/watch?v=12y0deMz… #MORBIUS,0
Morbius,6 Mar 2022,@arautodc,A$∆P ARAUTO | DON'T BE DUMB 🇵🇸,Algm vai ver Morbius???,https://nitter.net/arautodc/status/1500612995998756871#m,Algm vai ver Morbius???,1
Morbius,6 Mar 2022,@cu3nt4m4m3,Ángela Vidal (Reportera) 𝕏,24 días para Moon Knight 26 días para Morbius 2 meses para Doctor Strange 2 😍,https://nitter.net/cu3nt4m4m3/status/1500612537502638087#m,24 days for Moon Knight 26 days for Morbius 2 months for Doctor Strange 2 😍,0
Morbius,6 Mar 2022,@olucasmenz,Lucas Menz,"Só quero ver Morbius (por causa do Matt Smith), aranhaverdo e doutor estranho 2, o resto n to nem ai kkkkk",https://nitter.net/olucasmenz/status/1500612525435633666#m,"I just want to see Morbius (because of Matt Smith), Spider-Verdo and Doctor Strange 2, the rest I don't care lol",0
Morbius,6 Mar 2022,@thschristianguy,Screaming Monkey Action Theologian,Another villain better than Morbius,https://nitter.net/thschristianguy/status/1500612024006766593#m,Another villain better than Morbius,1
Morbius,6 Mar 2022,@amecomi_movie,うた＠アメコミ映画情報・名言とか配信,『アベンジャーズ／エンドゲーム』のサノスに使われたVFX技術、『モービウス』でも活用 ift.tt/wPpvI21,https://nitter.net/amecomi_movie/status/1500611160684601348#m,"VFX technology used for Thanos in Avengers: Endgame, also used in Morbius ift.tt/wPpvI21",0
Morbius,6 Mar 2022,@nagoyapod,りょう,『アベンジャーズ／エンドゲーム』のサノスに使われたVFX技術、『モービウス』でも活用 theriver.jp/thanos-vfx-morbi…,https://nitter.net/nagoyapod/status/1500610760921296899#m,The VFX technology used for Thanos in “Avengers: Endgame” will also be used in “Morbius” theriver.jp/thanos-vfx-morbi…,0
Morbius,6 Mar 2022,@NamaloomAfrad_,Hussain Rizwan 🇵🇸,Shukar h ka Multivers Eid pa release ho rahi or Morbius Ramadan sa phela 🤌,https://nitter.net/NamaloomAfrad_/status/1500610531547299846#m,Thankfully Multivers is being released on Eid or Morbius is alive for Ramadan 🤌,0
Morbius,6 Mar 2022,@SnakeEyes9155,Alkriski,having batman looking like a deprived gremlin will make this movie goat will sweep morbius sadly,https://nitter.net/SnakeEyes9155/status/1500610372193198088#m,having batman looking like a deprived gremlin will make this movie goat will sweep morbius sadly,1
Morbius,6 Mar 2022,@sw_jkmnr,####,Nieuwe 'Morbius'-foto onthult de vijandige vampier filmtotaal.nl/nieuws/89627,https://nitter.net/sw_jkmnr/status/1500609792964022277#m,New 'Morbius' photo reveals the enemy vampire filmtotaal.nl/nieuws/89627,0
Morbius,6 Mar 2022,@EdwardFlood_,Eddie Flood,"The Batman, what a film, Dr Strange better compete with it cause I can’t see morbius competing",https://nitter.net/EdwardFlood_/status/1500609514336305156#m,"The Batman, what a film, Dr Strange better compete with it cause I can’t see morbius competing",1
Morbius,6 Mar 2022,@GeorgeAlexClark,George Clark,I’m excited for #MORBIUS for one reason and one reason only…,https://nitter.net/GeorgeAlexClark/status/1500609035183214597#m,I’m excited for #MORBIUS for one reason and one reason only…,0
Morbius,6 Mar 2022,@justagadget47,dylan,Morbius is gonna suck ass but Matt Smith is gonna be amazing,https://nitter.net/justagadget47/status/1500609004862676994#m,Morbius is gonna suck ass but Matt Smith is gonna be amazing,1
Morbius,6 Mar 2022,@CeceEwing_,ProblemsofaBookNerd,"That’s a huge accomplishment! I just barely finished watching the show, which was more manageable in terms of my attention span right now, but they’re both incredible versions of working through the group trauma of a pandemic!!",https://nitter.net/CeceEwing_/status/1500608899509997570#m,"That’s a huge accomplishment! I just barely finished watching the show, which was more manageable in terms of my attention span right now, but they’re both incredible versions of working through the group trauma of a pandemic!!",1
Morbius,6 Mar 2022,@Joe_Taft_,Joe Taft,2022 belongs to 🦇 #TheBatman #morbius,https://nitter.net/Joe_Taft_/status/1500608539114426369#m,2022 belongs to 🦇 #TheBatman #morbius,0
Morbius,6 Mar 2022,@1koufac,.,Damm..need those morbius!,https://nitter.net/1koufac/status/1500608357912219649#m,Damm..need those morbius!,0
Morbius,6 Mar 2022,@electrocbounce,Electric Bounce,"From Dragon Ball Super to Morbius, Here Are This Week's Best Trailers, electricbounce.com/from-drag…",https://nitter.net/electrocbounce/status/1500607162179067905#m,"From Dragon Ball Super to Morbius, Here Are This Week's Best Trailers, electricbounce.com/from-drag…",0
Morbius,6 Mar 2022,@El_Cooperante,El Cooperante,Los rusos no podrán ver Batman ni Morbius por el boicot contra la invasión a Ucrania #6Mar 🌎 | ✍🏻 @fuenteseliz https://elcooperan te.com/los-rusos-no-podran-v…,https://nitter.net/El_Cooperante/status/1500606147891535872#m,Russians will not be able to see Batman or Morbius due to the boycott against the invasion of Ukraine #6Mar 🌎 | ✍🏻 @fuenteseliz https://elcooperan te.com/los-rusos-no-podran-v…,0
Morbius,8 Mar 2022,@crisffrazao,cansada,Falta morbius pra eu ficar bem feliz e voltar aos meus 15 anos e ser Emo,https://nitter.net/crisffrazao/status/1501345457410396165#m,I'm missing morbius for me to be very happy and go back to my 15 years and be Emo,0
Morbius,8 Mar 2022,@30FUMars,30FeetUnderMars,#MorbiusMerch #Morbius @MorbiusMovie #JaredLeto,https://nitter.net/30FUMars/status/1501344913027485704#m,#MorbiusMerch #Morbius @MorbiusMovie #JaredLeto,0
Morbius,8 Mar 2022,@12fantasies,rafamunsonquinn,"Next movie to freak out about is doctor strange, i wanna say morbius but not yet sure",https://nitter.net/12fantasies/status/1501344543932923905#m,"Next movie to freak out about is doctor strange, i wanna say morbius but not yet sure",1
Morbius,8 Mar 2022,@Air4Carlos,Carlos Junior,Morbius ❤️,https://nitter.net/Air4Carlos/status/1501344113387528194#m,Morbius ❤️,0
Morbius,8 Mar 2022,@ItsDakSZN,qu⚡️,what’s crazy is im still more hyped for thor than morbius😭,https://nitter.net/ItsDakSZN/status/1501344047465652230#m,what’s crazy is im still more hyped for thor than morbius😭,0
Morbius,8 Mar 2022,@MarshbubbleUK,Marsh,Who asked + Morbius better Morbiussweep,https://nitter.net/MarshbubbleUK/status/1501343274556018690#m,Who asked + Morbius better Morbiussweep,0
Morbius,8 Mar 2022,@HEAVENSLICHT,‍ ‍ ‍ ‍‍ ‍‍ ‍𝑡𝘩𝑒 𝑜𝑢𝑡𝑠𝑖𝑑𝑒𝑟‍ ‍ ‍ ‍‍ ‍ ‍,Sigo encendiendo velitas para que el mcu cuando salga Morbius digan algo más de OSCORP (que de momento existe y es durante/después de ffh) y que me digan que es Patriot Solo pido eso que sea Patriot,https://nitter.net/HEAVENSLICHT/status/1501342289968254978#m,I keep lighting candles so that when the mcu comes out Morbius they say something more about OSCORP (which at the moment exists and is during/after ffh) and that they tell me that it is Patriot I only ask that it be Patriot,0
Morbius,8 Mar 2022,@soygabowan,Gabo,No entiendo porque mi familia habla a gritos… me alteran… y yo que quiero grabar… mis temas pendientes #Gabowatch - Morbius - Jared Leto - Morbius en Spider-Man #Gabowan - #LEGOStarWarsTheSkywalkerSaga - #LEGOStarWars - #SkywalkerSaga - Morbius y vampiros en #StarWars,https://nitter.net/soygabowan/status/1501340685084938242#m,I don't understand why my family talks loudly... they upset me... and I want to record... my pending issues #Gabowatch - Morbius - Jared Leto - Morbius in Spider-Man #Gabowan - #LEGOStarWarsTheSkywalkerSaga - #LEGOStarWars - #SkywalkerSaga - Morbius and vampires in #StarWars,0
Morbius,8 Mar 2022,@laradctwt,dc,0 vontade de ver morbius,https://nitter.net/laradctwt/status/1501340324261548033#m,0 desire to see morbius,1
Morbius,8 Mar 2022,@eagc7,Betos Garcia 🇬🇹,Wont be surprised if he get something before Morbius comes out,https://nitter.net/eagc7/status/1501340050554081281#m,Wont be surprised if he get something before Morbius comes out,0
Morbius,8 Mar 2022,@remjlup,nair(a/e/o)🥍,man quero muito ver morbius pq vcs não tão falando desse filme,https://nitter.net/remjlup/status/1501339747012255747#m,man I really want to see Morbius because you guys aren't talking about this movie,1
Morbius,8 Mar 2022,@_MartinM_,Lighting Larry Luciano,Morbius boutta be like every other Jared Leto movie. BASURA 🚮,https://nitter.net/_MartinM_/status/1501339352928030730#m,Morbius boutta be like every other Jared Leto movie. BASURA 🚮,1
Morbius,8 Mar 2022,@crhis_jo,Crhis_jo,La pila de sorteo q me he metido y por gusto jaja pero bueno nadie sabe,https://nitter.net/crhis_jo/status/1501338888748552202#m,The draw pile that I have gotten into and for pleasure haha ​​but well nobody knows,0
Morbius,8 Mar 2022,@aledesireevr,ale 🐈‍⬛,Ya quiero q estrene morbius😪😪😪😪😪,https://nitter.net/aledesireevr/status/1501338621302956039#m,I already want Morbius to premiere😪😪😪😪😪,0
Morbius,8 Mar 2022,@CalDesertSun,Bill Taylor,"Morbius, and the Return to Forbidden Planet",https://nitter.net/CalDesertSun/status/1501338607428071425#m,"Morbius, and the Return to Forbidden Planet",0
Morbius,8 Mar 2022,@cine_nuevo,NuevoCine,Nuevo spot de #Morbius,https://nitter.net/cine_nuevo/status/1501338571113967618#m,New #Morbius spot,0
Morbius,9 Mar 2022,@MacYerek,The Homie,I think it’s stupid how they hired the dude who played Joker (DC) to play Morbius (Marvel) . Like they ain’t have nobody else ?,https://nitter.net/MacYerek/status/1501707048534220808#m,I think it’s stupid how they hired the dude who played Joker (DC) to play Morbius (Marvel) . Like they ain’t have nobody else ?,0
Morbius,9 Mar 2022,@zearcier,Le Zearcier | COMMISSIONS CLOSED,MORBIUS,https://nitter.net/zearcier/status/1501706586229977090#m,MORBIUS,1
Morbius,9 Mar 2022,@Cristinafrota1,Capitã SUPERMAN 🛡️⚔️,Eu já nem espero Morbius kkkkkk agora isso da DC me desanimou. E ainda nem vi Batman 😭,https://nitter.net/Cristinafrota1/status/1501706286928474121#m,I'm not even expecting Morbius anymore hahaha now this DC thing has discouraged me. And I haven't even seen Batman yet 😭,1
Morbius,9 Mar 2022,@aquarisunz,track 8*💌,morbius has a real release date tho😭,https://nitter.net/aquarisunz/status/1501705884275195906#m,morbius has a real release date tho😭,0
Morbius,9 Mar 2022,@ouhomenarara,MarcelitoDeOuro,"peidaram até pro Morbius, claramente super pets ia vencer... kkkk essa Warner",https://nitter.net/ouhomenarara/status/1501705648127750144#m,"They even farted at Morbius, clearly super pets were going to win... lol this Warner",0
Morbius,9 Mar 2022,@saraletomustdie,𝖘𝖆𝖗𝖆 🐀 mcr liverpool. london. madrid,jared yendo a una premiere de morbius en mexico eeeee como hagan premiere aqui y venga me voy de la vida osea q mi cabeza no pensaba en esto. q fuerte nonononononono como venga jared noninonono desde DOS MIL DIECIOCHO (2018) sin verle osTIA esq muy jevi. buenO NO ME EMOCIONO,https://nitter.net/saraletomustdie/status/1501705108098273285#m,Jared going to a premiere of Morbius in Mexico eeeee how do they have a premiere here and come on I'm leaving life I mean my head wasn't thinking about this. What strong nonononononono as Jared Noninonono comes from TWO THOUSAND EIGHTEEN (2018) without seeing him osTIA esq very jevi. well I'M NOT EXCITED,0
Morbius,9 Mar 2022,@JoshGuzman1106,Lechuga Joss,"1. Morbius se filmó en Manchester, Reino Unido. 2. Prefontaine 3. Lonely Hearts #MorbiusMexico 🦇",https://nitter.net/JoshGuzman1106/status/1501704581566406657#m,"1. Morbius se filmó en Manchester, Reino Unido. 2. Prefontaine 3. Lonely Hearts #MorbiusMexico 🦇",1
Morbius,9 Mar 2022,@Daredeviilii,val,replace shazam with morbius,https://nitter.net/Daredeviilii/status/1501704401719001088#m,replace shazam with morbius,0
Morbius,9 Mar 2022,@bottomb_itch,dumpster cunt ੈ♡˳·˖✶ ⩔,uhm so moon knight comes soon <3 then morbius,https://nitter.net/bottomb_itch/status/1501704206784286721#m,uhm so moon knight comes soon <3 then morbius,0
Morbius,9 Mar 2022,@variantnewssrce,Joshua Onimus,Comic Book Minute with Josh Onimus: Amazing Spider-Man # 101 (First Appe... piped.video/_8Gm_Ox_4Pk via @YouTube 🦇 🦇 🦇 #Morbius #AmazingSpiderMan #ComicBooks #Spiderman #Sony #Youtube #Marvel #Comics #morbiusthelivingvampire #gilkane #comicbookminute #spiderverse @MorbiusMovie,https://nitter.net/variantnewssrce/status/1501704163448823811#m,Comic Book Minute with Josh Onimus: Amazing Spider-Man # 101 (First Appe... piped.video/_8Gm_Ox_4Pk via @YouTube 🦇 🦇 🦇 #Morbius #AmazingSpiderMan #ComicBooks #Spiderman #Sony #Youtube #Marvel #Comics #morbiusthelivingvampire #gilkane #comicbookminute #spiderverse @MorbiusMovie,0
Morbius,9 Mar 2022,@songbjrds,haley,"so which one’s been delayed more, the flash or morbius",https://nitter.net/songbjrds/status/1501704023791050753#m,"so which one’s been delayed more, the flash or morbius",1
Morbius,9 Mar 2022,@BlackbeardMJ,MJ,"Morbius has been delayed 6 times. Sometimes movies just get delayed. It means literally nothing. And in 9 days when nothing happens (because discovery doesn't care about the ""snyderverse"") try not to be too disappointed.",https://nitter.net/BlackbeardMJ/status/1501703806802960391#m,"Morbius has been delayed 6 times. Sometimes movies just get delayed. It means literally nothing. And in 9 days when nothing happens (because discovery doesn't care about the ""snyderverse"") try not to be too disappointed.",0
Morbius,9 Mar 2022,@KillianQuinzel,Júlia Quinzel ⊬,"eu fiquei mega hypada com the flash e com superpets, n entendi até agr pq adiaram (medo de fazerem igual fizeram com Morbius)",https://nitter.net/KillianQuinzel/status/1501703181356646401#m,"I was super hyped about the flash and superpets, I didn't understand until now why they postponed it (afraid they would do the same thing they did with Morbius)",0
Morbius,9 Mar 2022,@Setab1991,Setab,You don’t even know if we are getting a morbius or moon knight skin lol,https://nitter.net/Setab1991/status/1501702831698493446#m,You don’t even know if we are getting a morbius or moon knight skin lol,0
Morbius,9 Mar 2022,@noodawooda,ya⁺¹mama🦇🍉,Why Morbius look like the beast Titan?,https://nitter.net/noodawooda/status/1501702401954181120#m,Why Morbius look like the beast Titan?,1
Morbius,9 Mar 2022,@ouhomenarara,MarcelitoDeOuro,"peidaram pro poderoso MORBIUS, Warner é muito medrosa kk",https://nitter.net/ouhomenarara/status/1501701789166542848#m,"They farted at the powerful MORBIUS, Warner is very scared lol",0
Morbius,9 Mar 2022,@MarkBeierly,mark beierly,also morbius,https://nitter.net/MarkBeierly/status/1501701763971182593#m,also morbius,1
Morbius,9 Mar 2022,@MalikAaron17,TheMAAShow,Same goes for Aquaman 2. Morbius is just that much of a threat.,https://nitter.net/MalikAaron17/status/1501700825344880648#m,Same goes for Aquaman 2. Morbius is just that much of a threat.,1
Morbius,10 Mar 2022,@Anemonix_DBL994,ʍɨʀ 🦄 CONFETTI,"Wey que ganas de volar para ver a Jared Leto, que anda en cdmx promocionando Morbius 🥹",https://nitter.net/Anemonix_DBL994/status/1502071792604745729#m,"Wow, I can't wait to fly to see Jared Leto, who is in Mexico City promoting Morbius 🥹",0
Morbius,10 Mar 2022,@alxander_wayne,Alxander i am,Can’t wait for morbius to drop,https://nitter.net/alxander_wayne/status/1502071464987701250#m,Can’t wait for morbius to drop,1
Morbius,10 Mar 2022,@sofialorenapp18,Sofia Lorena,"Nms me invitaron a la premier de Morbius en Polanco con el Jared Leto ,con gafete y todo el pedo pero me quede trabajando y la mayoría de la agencia si fue 💔",https://nitter.net/sofialorenapp18/status/1502071348960575491#m,"Nms they invited me to the premiere of Morbius in Polanco with Jared Leto, with a badge and all the fart but I stayed working and the majority of the agency did go 💔",0
Morbius,10 Mar 2022,@Viri__Sanguinum,"ᴅʀᴀᴄᴜʟᴀ, ᴋɪɴɢ ᴏꜰ ᴠᴀᴍᴘɪʀᴇꜱ","(🐱) God, I wish that girl were me 🥴. Morbius is so so gorgeous 😩✋🏽",https://nitter.net/Viri__Sanguinum/status/1502071312549883912#m,"(🐱) God, I wish that girl were me 🥴. Morbius is so so gorgeous 😩✋🏽",0
Morbius,10 Mar 2022,@SDagger02,patrick chirico,i got he got bored are you and your girlfriend or friends going to go see morbius?,https://nitter.net/SDagger02/status/1502071277061877765#m,i got he got bored are you and your girlfriend or friends going to go see morbius?,0
Morbius,10 Mar 2022,@moccia_adriana,Adriana Moccia,@JaredLeto For Morbius he dusted off the old gucci shoes 🙃🙂😇,https://nitter.net/moccia_adriana/status/1502071064305745920#m,@JaredLeto For Morbius he dusted off the old gucci shoes 🙃🙂😇,0
Morbius,10 Mar 2022,@Cbrittan724,i’m junk,it’s only gonna get worse after Morbius which is the worst part 😭,https://nitter.net/Cbrittan724/status/1502070976116310016#m,it’s only gonna get worse after Morbius which is the worst part 😭,0
Morbius,10 Mar 2022,@mydiaryoflife01,No Name,Andrew ada di universe morbius dan venom,https://nitter.net/mydiaryoflife01/status/1502070802635759622#m,Andrew exists in the Morbius and Venom universe,0
Morbius,10 Mar 2022,@K_baltz,Bαʅƚȥ #ReleaseTheAyerCut,Quem teve a ideia do jornal é um gênio kkkkkkkkkkkk muito bom #Morbius,https://nitter.net/K_baltz/status/1502070517762822144#m,Whoever came up with the idea for the newspaper is a genius lol very good #Morbius,0
Morbius,10 Mar 2022,@K_baltz,Bαʅƚȥ #ReleaseTheAyerCut,Estreia antes no México? 👀 #Morbius,https://nitter.net/K_baltz/status/1502070075075055619#m,Will it debut in Mexico before? 👀 #Morbius,0
Morbius,10 Mar 2022,@Spider_Morbius,Spider-Knight,GOOD MORNING!,https://nitter.net/Spider_Morbius/status/1502069771235258368#m,GOOD MORNING!,0
Morbius,10 Mar 2022,@TheDark97984028,The Darkness,Basado,https://nitter.net/TheDark97984028/status/1502069710736736262#m,Based,0
Morbius,10 Mar 2022,@ForeverNOVA666,NøVä.,Só vai 4 brasileiros? Tá ruim mesmo em morbius,https://nitter.net/ForeverNOVA666/status/1502069425775722507#m,Are there only 4 Brazilians? It's bad even in morbius,0
Morbius,10 Mar 2022,@JayIsSoFunny69,Andrew Dice Mukes,Morbius coming soon,https://nitter.net/JayIsSoFunny69/status/1502068541834551299#m,Morbius coming soon,0
Morbius,10 Mar 2022,@UnoNoticias,Uno TV,"Decenas de personas llegaron desde temprano a Plaza Carso en la #CDMX para poder ver al actor #JaredLeto, quien vino a México para promocionar #Morbius",https://nitter.net/UnoNoticias/status/1502068269242634242#m,"Dozens of people arrived early at Plaza Carso in #CDMX to see the actor #JaredLeto, who came to Mexico to promote #Morbius",0
Morbius,10 Mar 2022,@_NovelaGrafica,Novelo 🇨🇴🍿,Llegó el día 🧛🏻‍♂️ Ya presente en la alfombra roja (morada) de #Morbius 🦇💜 en Ciudad de México. En momentos llegará Jared Leto y talento de la película. @SonyPicturesCol,https://nitter.net/_NovelaGrafica/status/1502067957035417602#m,The day has arrived 🧛🏻‍♂️ Already present on the red (purple) carpet of #Morbius 🦇💜 in Mexico City. In moments Jared Leto and talent from the film will arrive. @SonyPicturesCol,0
Morbius,10 Mar 2022,@Test_yours_mind,Dudurodrigues,Lança série no mesmo dia de Morbius???,https://nitter.net/Test_yours_mind/status/1502066989442998272#m,Launch series on the same day as Morbius???,0
Morbius,10 Mar 2022,@_Ki2a_,Voyoucratie. 🐝⭐️⭐️⭐️,@khaleesi__33 et moi on va aller voir Morbius à sa sorti,https://nitter.net/_Ki2a_/status/1502066952897974276#m,@khaleesi__33 and I are going to go see Morbius when it comes out,0
Morbius,10 Mar 2022,@DaPapa35,Dirk🕺🏻,What was marvel thinking with this Jared Leto morbius?! They saw his god awful joker and said hmm he’d be great in a marvel movie 🙄🙄,https://nitter.net/DaPapa35/status/1502066707766165504#m,What was marvel thinking with this Jared Leto morbius?! They saw his god awful joker and said hmm he’d be great in a marvel movie 🙄🙄,1
Morbius,10 Mar 2022,@United_Fan33,James,Seen the trailer for this a few times and it looks fucking amazing! #Morbius,https://nitter.net/United_Fan33/status/1502065999503405096#m,Seen the trailer for this a few times and it looks fucking amazing! #Morbius,0
Morbius,10 Mar 2022,@lokimoody,victoria,QUE GANAS DE ESTAR EN LA PREMIERE DE MORBIUS Y QUE JARED ME FIRME LA CARA HERMANO,https://nitter.net/lokimoody/status/1502065401169162240#m,I WANT TO BE IN THE MORBIUS PREMIERE AND HAVE JARED SIGN MY FACE BROTHER,0
Morbius,10 Mar 2022,@Alex_Ram30,ALEX RAM,ECHOLOCATION 🦇🦇🦇🦇 #MORBIUS,https://nitter.net/Alex_Ram30/status/1502065096805298176#m,ECHOLOCATION 🦇🦇🦇🦇 #MORBIUS,0
Morbius,10 Mar 2022,@TacoDiceCosas,Taco,"Menos serio y más especulativo: Leto se me hace de esos que como está forrado de dinero e influencias, termina metiéndose a sí mismo en proyectos. Por eso su personaje de Blade Runner está pendejísimo. Por eso es Morbius. Por eso maman tanto con su Guasón sin chiste.",https://nitter.net/TacoDiceCosas/status/1502064665689481217#m,"Less serious and more speculative: Leto strikes me as one of those who, since he is full of money and influence, ends up putting himself into projects. That's why his Blade Runner character is so stupid. That's why it's Morbius. That's why they suck so much with their Joker without a joke.",0
Morbius,10 Mar 2022,@EstiloDF,EstiloDF,"Ya está todo listo para la purple carpet de #Morbius en la CDMX, en donde se contará con la presencia de Jared Leto. 💜 ✨",https://nitter.net/EstiloDF/status/1502063053424283649#m,"Everything is ready for the #Morbius purple carpet in CDMX, where Jared Leto will be present. 💜 ✨",0
Morbius,10 Mar 2022,@Cines_Kinepolis,Kinepolis España,Para Morbius pronto tendremos noticias 😜,https://nitter.net/Cines_Kinepolis/status/1502062821630259205#m,For Morbius we will soon have news 😜,0
Morbius,10 Mar 2022,@SamerLok,Samer,Yeah probably many reasons!! im lucky that my morbius pop has it I believe 🙏🏽🔥 🦇,https://nitter.net/SamerLok/status/1502062706073161728#m,Yeah probably many reasons!! im lucky that my morbius pop has it I believe 🙏🏽🔥 🦇,1
Morbius,10 Mar 2022,@matiasalexandre,Alexandre Matias,Flight os a perfect power @MorbiusMovie @SonyPictures @JaredLeto #Morbius,https://nitter.net/matiasalexandre/status/1502062534756642860#m,Flight os a perfect power @MorbiusMovie @SonyPictures @JaredLeto #Morbius,0
Morbius,10 Mar 2022,@TavernaMarvel,Taverna Marvel,🚨 Aparentemente hoje irá ocorrer a Premiere de #Morbius no México.,https://nitter.net/TavernaMarvel/status/1502062429890617345#m,🚨 Apparently the #Morbius Premiere will take place in Mexico today.,0
Morbius,10 Mar 2022,@SpiderManBRA,Spider-Man Brasil 🕸️,Hoje irá acontecer a premiere de #Morbius no México!,https://nitter.net/SpiderManBRA/status/1502061893812371457#m,Today the premiere of #Morbius will take place in Mexico!,0
Morbius,10 Mar 2022,@luis_beard21,jokic fc,If Andrew shows up in morbius it's gonna get leaked like crazy,https://nitter.net/luis_beard21/status/1502061582062391298#m,If Andrew shows up in morbius it's gonna get leaked like crazy,1
Morbius,10 Mar 2022,@Iva50265567,Iva🎥🍿🇦🇷🎶,"Te entiendo y coincido con Morbius,Lo de Top Gun por pura nostálgia ochentera jaja",https://nitter.net/Iva50265567/status/1502061238762844184#m,"I understand you and I agree with Morbius, the Top Gun thing out of pure eighties nostalgia haha",0
Morbius,10 Mar 2022,@GDelFrikiverso,Guardianes del Frikiverso,#dailybugle desde la #premiere de #Morbius esta tarde . . . . #cine #comics #estreno instagram.com/p/Ca8QJzjFKpX/…,https://nitter.net/GDelFrikiverso/status/1502061073599541262#m,#dailybugle from the #Morbius #premiere this afternoon. . . . #cinema #comics #premiere instagram.com/p/Ca8QJzjFKpX/…,0
Morbius,10 Mar 2022,@ritaleejonwes,celso come pano,literalmente o unico fã de morbius na tl,https://nitter.net/ritaleejonwes/status/1502061043312472067#m,literally the only morbius fan on tl,1
Morbius,10 Mar 2022,@Bdhdhd06710955,Bdhdhd,Does anyone even wants to see morbius?? Like bro add Andrew and i will watch it,https://nitter.net/Bdhdhd06710955/status/1502060959220781056#m,Does anyone even wants to see morbius?? Like bro add Andrew and i will watch it,0
Morbius,10 Mar 2022,@_AmazingRichard,AmazingRichard🕊️🧣,F que al mayor fan de Morbius no le diera su periódico bro,https://nitter.net/_AmazingRichard/status/1502060694589554691#m,F that he didn't give the biggest Morbius fan his newspaper bro,0
Morbius,10 Mar 2022,@CinemaTimeNews,𝘾𝙞𝙣𝙚𝙢𝙖𝙏𝙞𝙢𝙚𝙉𝙚𝙬𝙨 🎞️🎥🥤🍿🍫🎟️,#Morbius’ 🦇 official runtime is 1 hour and 44 minutes via: @5150Aamrit,https://nitter.net/CinemaTimeNews/status/1502060630513270784#m,#Morbius’ 🦇 official runtime is 1 hour and 44 minutes via: @5150Aamrit,0
Morbius,10 Mar 2022,@yumemitae,ashley⁷ ✿,morbius poster took over uncharted poster,https://nitter.net/yumemitae/status/1502060382730526723#m,morbius poster took over uncharted poster,0
Morbius,10 Mar 2022,@DosSerpent,alexander dos santos,Todos en la cdmx con la euforia por ver a @JaredLeto en la premiere de #Morbius #MorbiusMexico. Y yo aqui con mi mi disco #thisiswar de @30SECONDSTOMARS sin firmar 🤟🤟,https://nitter.net/DosSerpent/status/1502060376711737386#m,Everyone in Mexico City is excited to see @JaredLeto at the premiere of #Morbius #MorbiusMexico. And here I am with my unsigned #thisiswar album by @30SECONDSTOMARS 🤟🤟,0
Morbius,11 Mar 2022,@Nacht_Silver,Shinigami•Silver,What is ur agenda against Morbius 😂😂😂😂😂😂😂💀💀💀💀💀,https://nitter.net/Nacht_Silver/status/1502433859333509125#m,What is ur agenda against Morbius 😂😂😂😂😂😂😂💀💀💀💀💀,0
Morbius,11 Mar 2022,@MrAnt728,🕷Mr.Ant🐜,"And don't be one of those people who defend companies like Sony. Spoilers, 80% of Sony's decisions are idiotical. Venom movies, Morbius, and other meaningless films Sony trying go milk out of without spiderman",https://nitter.net/MrAnt728/status/1502433140538843137#m,"And don't be one of those people who defend companies like Sony. Spoilers, 80% of Sony's decisions are idiotical. Venom movies, Morbius, and other meaningless films Sony trying go milk out of without spiderman",1
Morbius,11 Mar 2022,@fc_graciele,Gracii ✿,to ansiosa pra assistir Morbius no cinema final do mês,https://nitter.net/fc_graciele/status/1502432305037590531#m,I'm looking forward to watching Morbius in the cinema at the end of the month,1
Morbius,11 Mar 2022,@Deadeye30,Deadeye,Yoooooo Morbius let’s gooooooooo,https://nitter.net/Deadeye30/status/1502432303020228616#m,Yoooooo Morbius let’s gooooooooo,0
Morbius,11 Mar 2022,@haanyeshaanyes,M Asad,I'm sorry but April is all moonknight no one really cares about morbius,https://nitter.net/haanyeshaanyes/status/1502431116610969600#m,I'm sorry but April is all moonknight no one really cares about morbius,1
Morbius,11 Mar 2022,@Jazzman4,Zane,Starting this year sony marvel films will be streaming on disneyplus. So as of now itll just be morbius later this year. But had nwh been pushed to january it would be on disney plus in late march,https://nitter.net/Jazzman4/status/1502431000923570177#m,Starting this year sony marvel films will be streaming on disneyplus. So as of now itll just be morbius later this year. But had nwh been pushed to january it would be on disney plus in late march,1
Morbius,11 Mar 2022,@_Shayne3600,BEAN🐍,I can’t wait to see Morbius in theaters,https://nitter.net/_Shayne3600/status/1502430947903483904#m,I can’t wait to see Morbius in theaters,1
Morbius,11 Mar 2022,@UniversoAlex,Universo Álex,Nuevo spot de #Morbius con material inédito piped.video/QcVMfxUCDbg,https://nitter.net/UniversoAlex/status/1502430683989487618#m,New #Morbius spot with unreleased material piped.video/QcVMfxUCDbg,0
Morbius,11 Mar 2022,@enfasisnoticias,Noticias Énfasis,#Espectáculos @JaredLeto está en #México por su premier de #MORBIUS habló sobre su regreso a los escenarios de la música después de casi cinco años después de haber lanzada su último disco con su grupo. noticiasenfasis.com.mx/espec…,https://nitter.net/enfasisnoticias/status/1502430418687123459#m,#Shows @JaredLeto is in #Mexico for his premiere of #MORBIUS. He spoke about his return to the music scene after almost five years after releasing his last album with his group. newsenfasis.com.mx/espec…,0
Morbius,11 Mar 2022,@SheilaGuadalu14,Sheila Guadalupe,De casualidad cuándo inicia la venta de boletos para Morbius?,https://nitter.net/SheilaGuadalu14/status/1502430213820633092#m,By any chance when does the sale of tickets for Morbius start?,0
Morbius,11 Mar 2022,@HowlingAlpine,robin 🌻| bucky simp,My mom just referred to Morbius as “evil spider-man” I’m CRYING,https://nitter.net/HowlingAlpine/status/1502429394920378368#m,My mom just referred to Morbius as “evil spider-man” I’m CRYING,1
Morbius,11 Mar 2022,@InPerfectoMx,InPerfecto,"#Geek 📽 Jared Leto arribó junto a Adria Arjona a la alfombra gris que lo esperaba a un costado del Museo Soumaya en la Ciudad de México este jueves para promocionar su filme más reciente, “Morbius”. ➡ Noticias 🌐 Ver en: pst.cr/3Ud4J",https://nitter.net/InPerfectoMx/status/1502429211574902789#m,"#Geek 📽 Jared Leto arrived with Adria Arjona on the gray carpet that was waiting for him on the side of the Soumaya Museum in Mexico City this Thursday to promote his most recent film, “Morbius.” ➡ News 🌐 See at: pst.cr/3Ud4J",0
Morbius,11 Mar 2022,@Informe21,Informe21.com,🎬 Jared Leto presentó “Morbius” en la CDMX: “Los quiero un chingo” buff.ly/3CCTk2A #Morbius #Cine #11Mar,https://nitter.net/Informe21/status/1502429180243464194#m,🎬 Jared Leto presented “Morbius” in CDMX: “I love them a lot” buff.ly/3CCTk2A #Morbius #Cine #11Mar,0
Morbius,11 Mar 2022,@mazfriki,MAZFRIKI,El tiempo de ejecución de la nueva película de Morbius es aún más corto que los informes originales lamazmorradelfriki.com/el-ti…,https://nitter.net/mazfriki/status/1502429092859334656#m,The new Morbius movie's runtime is even shorter than original reports lamazmorradelfriki.com/el-ti…,0
Morbius,11 Mar 2022,@strange_blonde,strange blonde,,https://nitter.net/strange_blonde/status/1502428438996692994#m,,0
Morbius,11 Mar 2022,@DarioFriedmann,Darío Friedmann🐶,Ya* quiero ir a ver #MORBIUS !!!!!,https://nitter.net/DarioFriedmann/status/1502427746701479937#m,I already* want to go see #MORBIUS!!!!!,0
Morbius,11 Mar 2022,@MoviesThatMaher,MoviesThatMaher,I'm a Leto Stan & I don't even know. #Morbius,https://nitter.net/MoviesThatMaher/status/1502427466740252682#m,I'm a Leto Stan & I don't even know. #Morbius,0
Morbius,11 Mar 2022,@ballup_19,Bobs,Morbius looks really good and im excited to see how Jared Leto performs,https://nitter.net/ballup_19/status/1502427370682294274#m,Morbius looks really good and im excited to see how Jared Leto performs,1
Morbius,11 Mar 2022,@MarkAsh78,Mark Ash,"Morbius isn't a MCU movie and we'll get a Thor teaser either when Dr Strange comes out or shortly after. Seriously, the MCU is closing in on 25 movies and people still don't understand MCU marketing yet?",https://nitter.net/MarkAsh78/status/1502425345898602497#m,"Morbius isn't a MCU movie and we'll get a Thor teaser either when Dr Strange comes out or shortly after. Seriously, the MCU is closing in on 25 movies and people still don't understand MCU marketing yet?",1
Morbius,11 Mar 2022,@APPictures9,Alb3rt0,I personally expect the opening of Sonic 2 to be somewhere from $70 to $80 million. Because: 1) It's the first theatrical family film from a major studio this year (and the first since Sing 2) 2) Sonic fans alone will carry this movie 3) It'll easily beat Morbius,https://nitter.net/APPictures9/status/1502425138830221312#m,I personally expect the opening of Sonic 2 to be somewhere from $70 to $80 million. Because: 1) It's the first theatrical family film from a major studio this year (and the first since Sing 2) 2) Sonic fans alone will carry this movie 3) It'll easily beat Morbius,1
Morbius,11 Mar 2022,@AndresN4VY,ANDRÉS NAVY,"(BTW, esperen pronto mi Vlog de la experiencia con acercamiento especial con Jared Leto, nuestro MORBIUS)🩸",https://nitter.net/AndresN4VY/status/1502424538394550274#m,"(BTW, wait soon for my Vlog of the experience with a special close-up with Jared Leto, our MORBIUS)🩸",0
Morbius,11 Mar 2022,@EmilyPorgkins,🧚‍♀️Emily🧚‍♀️,Wants to watch Morbius,https://nitter.net/EmilyPorgkins/status/1502424145539313668#m,Wants to watch Morbius,1
Morbius,11 Mar 2022,@CadenaUSA,Cadena USAᅠᅠᅠᅠᅠᅠᅠᅠᅠᅠᅠᅠᅠᅠᅠᅠᅠᅠᅠᅠᅠᅠᅠᅠᅠᅠᅠᅠᅠᅠᅠᅠᅠᅠᅠᅠ,"Así saludó Jared Leto a sus fans en México -El Dr. Michael Morbius, se presentó en un evento masivo y allí, le dedicó un saludo a todos los fans- Los detalles aquí: ow.ly/gBi550IhEma",https://nitter.net/CadenaUSA/status/1502424087699808261#m,"This is how Jared Leto greeted his fans in Mexico - Dr. Michael Morbius appeared at a massive event and there, he gave a greeting to all the fans - Details here: ow.ly/gBi550IhEma",0
Morbius,11 Mar 2022,@CadenaRadioMx,Cadena Radio México,"Así saludó Jared Leto a sus fans en México -El Dr. Michael Morbius, se presentó en un evento masivo y allí, le dedicó un saludo a todos los fans- Los detalles aquí: ow.ly/RITV50IhElf",https://nitter.net/CadenaRadioMx/status/1502423909869699073#m,"This is how Jared Leto greeted his fans in Mexico - Dr. Michael Morbius appeared at a massive event and there, he gave a greeting to all the fans - Details here: ow.ly/RITV50IhElf",0
Morbius,11 Mar 2022,@AndresN4VY,ANDRÉS NAVY,Por lo general el HIGHLIGHT de mis experiencias suele ser cuando conozco a mis celebridades favoritas peeero con #MORBIUS fue diferente…,https://nitter.net/AndresN4VY/status/1502423909232218122#m,Usually the HIGHLIGHT of my experiences is usually when I meet my favorite celebrities but with #MORBIUS it was different...,0
Morbius,11 Mar 2022,@cadenapolitica,Cadena Política,"Así saludó Jared Leto a sus fans en México -El Dr. Michael Morbius, se presentó en un evento masivo y allí, le dedicó un saludo a todos los fans- Los detalles aquí: ow.ly/2oEZ50IhEkF",https://nitter.net/cadenapolitica/status/1502423809973960704#m,"This is how Jared Leto greeted his fans in Mexico - Dr. Michael Morbius appeared at a massive event and there, he gave a greeting to all the fans - Details here: ow.ly/2oEZ50IhEkF",0
Morbius,11 Mar 2022,@gog4real,Gog,"No puedo esperar a Morbius, será tan épico como Batman",https://nitter.net/gog4real/status/1502423706047590400#m,"I can't wait for Morbius, it will be as epic as Batman",0
Morbius,11 Mar 2022,@dndme4L,dnd.,so who gon buy me a morbius ticket,https://nitter.net/dndme4L/status/1502423594382598147#m,so who gon buy me a morbius ticket,1
Morbius,11 Mar 2022,@zonaradioneza,zonaradioneza,"Jared Leto promociona ""Morbius"" en CDMX piped.video/V0lxpdGU5s4 a través de @YouTube #MorbiusMexico #Jaredleto #Cine #Morbius",https://nitter.net/zonaradioneza/status/1502423063144673292#m,"Jared Leto promotes ""Morbius"" in CDMX piped.video/V0lxpdGU5s4 via @YouTube #MorbiusMexico #Jaredleto #Cine #Morbius",0
Morbius,11 Mar 2022,@biiafiigueiredo,Mas é Bia ou Bea?,Mais uma opção de presente de aniversário: alguém me leva pra assistir morbius pelo amor de deussssss,https://nitter.net/biiafiigueiredo/status/1502421894544433154#m,Another birthday gift option: someone take me to watch Morbius for the love of godsssss,0
Morbius,11 Mar 2022,@SceneSequence,Scenes Makes A Sequence,"Jared Leto, el aclamado actor, de 50 años de edad, que ha destacado en películas como 'Requiem For A Dream', 'Dallas Buyers Club', 'Morbius', 'House Of Gucci', 'Justice League', 'Chapter 27', 'Suicide Squad' y más #EfeméridesEnPantalla #MovieStars #JaredLeto",https://nitter.net/SceneSequence/status/1502421468944162816#m,"Jared Leto, the acclaimed actor, 50 years old, who has stood out in films such as 'Requiem For A Dream', 'Dallas Buyers Club', 'Morbius', 'House Of Gucci', 'Justice League', 'Chapter 27', 'Suicide Squad' and more #AnniversariesOnScreen #MovieStars #JaredLeto",0
Morbius,11 Mar 2022,@fullmoonlly,dew,"Morbius in april ? waaahh i cannt wait, im waiting so long long long,,",https://nitter.net/fullmoonlly/status/1502421247732641792#m,"Morbius in april ? waaahh i cannt wait, im waiting so long long long,,",1
Morbius,11 Mar 2022,@YoSoyLuis29,Luis Fernando,Que Jared Leto venga a México a promocionar #Morbius es mala señal. Se espera una mala película.,https://nitter.net/YoSoyLuis29/status/1502421118866665478#m,That Jared Leto comes to Mexico to promote #Morbius is a bad sign. A bad movie is expected.,0
Morbius,11 Mar 2022,@Migzxx17,Miguel Da Silva,"but, Leto's Morbius will still be important after this film?",https://nitter.net/Migzxx17/status/1502420834740318211#m,"but, Leto's Morbius will still be important after this film?",1
Morbius,11 Mar 2022,@arii_aam,ariam vai ver o skz de novo,amg siiim eu to ansiosissima pra ver os dois até morbius vei nossa mas se for cancelado de novo eu taco pedra na sede da sony,https://nitter.net/arii_aam/status/1502420519324372998#m,"omg yessss I'm really looking forward to seeing them both until morbius, wow, but if it's canceled again I'll throw a stone at Sony's headquarters",0
Morbius,11 Mar 2022,@JFULCRXM,Jacob 🐝,It's Morbius but are we about to see the return of Type O?,https://nitter.net/JFULCRXM/status/1502420425657233413#m,It's Morbius but are we about to see the return of Type O?,1
Morbius,11 Mar 2022,@UsUnitedJustice,Teej,"Morbius isn’t even 2 hours long what the fuck, I don’t want another Venom 2",https://nitter.net/UsUnitedJustice/status/1502420389212966912#m,"Morbius isn’t even 2 hours long what the fuck, I don’t want another Venom 2",1
Morbius,11 Mar 2022,@Dmaxie97,Darius Maxie,Question: Why do they keep calling Morbius a Marvel Legend in the ads?? Not a Spiderman comic legend? Not a Spiderman villian legend? Not even just a Marvel villian legend? But a whole Marvel Legend????? Is he? Like is he really?!?!?,https://nitter.net/Dmaxie97/status/1502420230705803265#m,Question: Why do they keep calling Morbius a Marvel Legend in the ads?? Not a Spiderman comic legend? Not a Spiderman villian legend? Not even just a Marvel villian legend? But a whole Marvel Legend????? Is he? Like is he really?!?!?,1
Morbius,12 Mar 2022,@iPhanniyLS,iPhanniy ❤️‍🔥♡✨,"el Jared se veía más emocionando en lo de #Morbius y el que diga que no, es porque no fue 🤡",https://nitter.net/iPhanniyLS/status/1502796379437076483#m,Jared looked more excited about #Morbius and anyone who says no is because it wasn't 🤡,0
Morbius,12 Mar 2022,@eliseeversley,eliseeversley,Morbius is 50 y’all,https://nitter.net/eliseeversley/status/1502796131251671041#m,Morbius is 50 y’all,0
Morbius,12 Mar 2022,@Gigantis2k,Giga | Moved (Read Bio),"Still salty about Venom tho lmao. But hey, hopefully Morbius and following films show us a bit more of what's up with Sony's world.",https://nitter.net/Gigantis2k/status/1502794481103523844#m,"Still salty about Venom tho lmao. But hey, hopefully Morbius and following films show us a bit more of what's up with Sony's world.",1
Morbius,12 Mar 2022,@Jaxkec_Gamer,Jaxkec 🇦🇷🎮🕹🃏🍸,No sabia que habia tantos fan de #Morbius,https://nitter.net/Jaxkec_Gamer/status/1502793626828652548#m,I didn't know there were so many #Morbius fans,0
Morbius,12 Mar 2022,@gabrielfxkzy,Gabrielfxkzy,Não sei que filme eu vejo mês que vem #AMBULANCEMOVIE ou #Morbius,https://nitter.net/gabrielfxkzy/status/1502793461233299460#m,I don't know what movie I'll see next month #AMBULANCEMOVIE or #Morbius,0
Morbius,12 Mar 2022,@MartMadrid,MMadrid🇪🇸🇺🇦🇮🇱,Spiderman no way home: brutal el multiverso. Brutales los post-créditos. La próxima: Morbius. :D,https://nitter.net/MartMadrid/status/1502792216414232582#m,Spiderman no way home: brutal the multiverse. The post-credits are brutal. Next up: Morbius. :D,0
Morbius,12 Mar 2022,@Potosinoticia01,PotosíNoticias,"#Espectáculos Adria Arjona fue la elegida para interpretar a Martine Bancroft en Morbius, la más reciente película de Marvel y Sony Pictures protagonizada por Jared Leto. bit.ly/3JnGkRn",https://nitter.net/Potosinoticia01/status/1502791548223766531#m,"#Shows Adria Arjona was chosen to play Martine Bancroft in Morbius, the most recent Marvel and Sony Pictures film starring Jared Leto. bit.ly/3JnGkRn",0
Morbius,12 Mar 2022,@JGemini,Jomo's Operational Agenda ♊️🏁,"As Comic Book Movie fatigued as Gen. Populous is, still interested in seeing #Morbius ,& #MultiverseOfMadness darker, edgier material should be Marvel’s Flex.",https://nitter.net/JGemini/status/1502789806924783617#m,"As Comic Book Movie fatigued as Gen. Populous is, still interested in seeing #Morbius ,& #MultiverseOfMadness darker, edgier material should be Marvel’s Flex.",0
Morbius,12 Mar 2022,@leo305leo,leo vazquez,"Jared Leto dice que ""Morbius” es otro enorme reto actoral en su carrera es-us.noticias.yahoo.com/jar… a través de @Yahoo",https://nitter.net/leo305leo/status/1502788254814416907#m,"Jared Leto says that ""Morbius” is another huge acting challenge in his career es-us.noticias.yahoo.com/jar… via @Yahoo",0
Morbius,12 Mar 2022,@heraldodejuarez,El Heraldo de Juárez,"#Gossip | El actor y cantante visitó la CDMX como parte de la promoción de su nueva película ""Morbius"", que llega a las salas el 31 de marzo bit.ly/3KDCRhv",https://nitter.net/heraldodejuarez/status/1502788064359301121#m,"#Gossip | The actor and singer visited CDMX as part of the promotion of his new film ""Morbius"", which hits theaters on March 31 bit.ly/3KDCRhv",0
Morbius,12 Mar 2022,@BigToneant,Big Tone #MorbiusSweep,They already know it's about to be worth a ton when morbius makes 2 billion fr,https://nitter.net/BigToneant/status/1502787855524909056#m,They already know it's about to be worth a ton when morbius makes 2 billion fr,1
Morbius,12 Mar 2022,@Koreano_de_Cuba,𒉭 kim_san,Asere x tu culpa después de ver eso no voy a ser el mismo q era antes 🤣,https://nitter.net/Koreano_de_Cuba/status/1502787669117521920#m,Asere it's your fault after seeing that I'm not going to be the same as I was before 🤣,0
Morbius,12 Mar 2022,@raandyr13,🥷NINJA 𓆚︻龙▅▆▇◤,Mmm ya veo,https://nitter.net/raandyr13/status/1502787291416301569#m,Mmm I see,0
Morbius,12 Mar 2022,@RN24_AFC,Dee 🇯🇲🇨🇺,MORBIUS COMES OUT THIS MONTH Finally reunited with Matt Smith,https://nitter.net/RN24_AFC/status/1502786339359580168#m,MORBIUS COMES OUT THIS MONTH Finally reunited with Matt Smith,0
Morbius,12 Mar 2022,@Morbius_2,Young Batman,What's the difference between this asteroid and a meteoroid?,https://nitter.net/Morbius_2/status/1502782318657822720#m,What's the difference between this asteroid and a meteoroid?,1
Morbius,12 Mar 2022,@LaChispaMX,LaChispaMx,"#LaChispaMx Morbius, Jared Leto visita la CdMx para la premiere bit.ly/3tOWMDq",https://nitter.net/LaChispaMX/status/1502781483957764099#m,"#LaChispaMx Morbius, Jared Leto visits CdMx for the premiere bit.ly/3tOWMDq",0
Morbius,12 Mar 2022,@DamodarCinemas,Damodar Cinemas,#MORBIUS,https://nitter.net/DamodarCinemas/status/1502781483605532672#m,#MORBIUS,0
Morbius,12 Mar 2022,@BrockMcBreadcat,Brock (breadcat),I'm venom... Lol jk I'm Dr mike Morbius,https://nitter.net/BrockMcBreadcat/status/1502780242032799752#m,I'm venom... Lol jk I'm Dr mike Morbius,1
Morbius,12 Mar 2022,@raandyr13,🥷NINJA 𓆚︻龙▅▆▇◤,Q bola partia de delincuentes,https://nitter.net/raandyr13/status/1502780098583449611#m,What a bunch of criminals,0
Morbius,12 Mar 2022,@JacksonLloyd952,Jackson Lloyd,I am pumped for 'Morbius'. I like the Venom movies...,https://nitter.net/JacksonLloyd952/status/1502779428765683725#m,I am pumped for 'Morbius'. I like the Venom movies...,1
Morbius,12 Mar 2022,@yatdayat,Blank,Morbius (1 April),https://nitter.net/yatdayat/status/1502779204076593154#m,Morbius (1 April),0
Morbius,12 Mar 2022,@ElSegundero,El Segundero,Así lució Jared Leto en la Premiere de Morbius,https://nitter.net/ElSegundero/status/1502779169792475136#m,This is what Jared Leto looked like at the Morbius Premiere,0
Morbius,12 Mar 2022,@Doinkadect,Doinkadect Klomberbatch,-Dæmons -Ogrons -Chronos -Omega (we’ve had a cameo) -Drashigs -Draconians -Wirrn -Sutekh -Kraals -Morbius -Krynoids -Mandagora Helix -Eldrad -VOC Robots (Heavenly Host?) -Rutans -The Fendahl -Minyans -Vardens -The Black Guardian -Mandrils -Nimon -Meglos -The Great Vampires,https://nitter.net/Doinkadect/status/1502778830796296197#m,-Dæmons -Ogrons -Chronos -Omega (we’ve had a cameo) -Drashigs -Draconians -Wirrn -Sutekh -Kraals -Morbius -Krynoids -Mandagora Helix -Eldrad -VOC Robots (Heavenly Host?) -Rutans -The Fendahl -Minyans -Vardens -The Black Guardian -Mandrils -Nimon -Meglos -The Great Vampires,0
Morbius,12 Mar 2022,@DRayner89,Drayner,People are excited for Morbius?,https://nitter.net/DRayner89/status/1502777894698901511#m,People are excited for Morbius?,1
Morbius,12 Mar 2022,@ladynymeria,ferris 🍉,i refuse to acknowledge she’s in morbius,https://nitter.net/ladynymeria/status/1502776224527298561#m,i refuse to acknowledge she’s in morbius,1
Morbius,12 Mar 2022,@elavisomagazine,elavisomagazine,"#JaredLeto presume su español durante premiere de #Morbius. El actor estadounidense visitó la #CiudadDeMéxico para desfilar por la alfombra roja de la película Morbius, la cual protagoniza con #AdriaArjona, hija del cantautor #RicardoArjona.",https://nitter.net/elavisomagazine/status/1502775396311474176#m,"#JaredLeto shows off his Spanish during #Morbius premiere. The American actor visited #MexicoCity to walk the red carpet of the movie Morbius, in which he stars with #AdriaArjona, daughter of singer-songwriter #RicardoArjona.",0
Morbius,12 Mar 2022,@TreyMobley33,Trey,Another day another day closer to #Morbius,https://nitter.net/TreyMobley33/status/1502774724224552968#m,Another day another day closer to #Morbius,0
Morbius,12 Mar 2022,@eraserdao,Lau 🐦‍⬛,kinda wanna go watch Morbius when it drops,https://nitter.net/eraserdao/status/1502774321768538112#m,kinda wanna go watch Morbius when it drops,1
Morbius,12 Mar 2022,@femboigarfield,Sally!!,"got an autoplay ad for morbius & spat soda on my phone when ""in theatres only april 1st"" popped",https://nitter.net/femboigarfield/status/1502774144643047425#m,"got an autoplay ad for morbius & spat soda on my phone when ""in theatres only april 1st"" popped",0
Morbius,12 Mar 2022,@MaggotStitch,KJ Stitch bring me the horizon 5/5/26,I’m already stoked for the next red carpet #JaredLeto #WeCrashed #Morbius,https://nitter.net/MaggotStitch/status/1502774084744237062#m,I’m already stoked for the next red carpet #JaredLeto #WeCrashed #Morbius,0
Morbius,12 Mar 2022,@fayerwayer,FayerWayer,"El actor se encuentra en México por el estreno de su nueva película, Morbius, y tuvo un divertido gesto con los fans que asistieron a la premiere 😁 fayerwayer.com/entretenimien…",https://nitter.net/fayerwayer/status/1502773933031903233#m,"The actor is in Mexico for the premiere of his new film, Morbius, and had a fun gesture with the fans who attended the premiere 😁 fayerwayer.com/entretenimien…",1
Morbius,12 Mar 2022,@qLxke_,Luke,they made the morbius effects by using the same VFX tech that marvel used for thanos,https://nitter.net/qLxke_/status/1502773521793097732#m,they made the morbius effects by using the same VFX tech that marvel used for thanos,0
Morbius,12 Mar 2022,@emm_hu,Ribbe®,"Jared muy activo últimamente #HouseOfGucci #Morbius y ahora #WeCrashed y admirable todo tu trabajo, espectacular 😍😍😍😍",https://nitter.net/emm_hu/status/1502772426517934082#m,"Jared very active lately #HouseOfGucci #Morbius and now #WeCrashed and admirable all your work, spectacular 😍😍😍😍",0
Morbius,12 Mar 2022,@wonderjosk,WonderJosk (Zona de Guardado),QUE TENIAN UNA PELI DE SILK EN MARCHA Y HAN PREFERIDO DARLE PRIORIDAD A MORBIUS???????,https://nitter.net/wonderjosk/status/1502772345647345664#m,QUE TENIAN UNA PELI DE SILK EN MARCHA Y HAN PREFERIDO DARLE PRIORIDAD A MORBIUS???????,0
Morbius,12 Mar 2022,@30STMandmore,30STMmusicandmore,#morbius #wecrashed #jaredleto,https://nitter.net/30STMandmore/status/1502770583121059847#m,#morbius #wecrashed #jaredleto,0
Morbius,12 Mar 2022,@Damianojoto,Alejd.v,Siente más miedo el bicho q el q fue a miar,https://nitter.net/Damianojoto/status/1502769866213937152#m,The bug is more afraid than the one who went to mine,0
Morbius,13 Mar 2022,@StillTheBlonde,Leigh 👱🏼‍♀️,@AMCTheatres Morbius tickets coming soon?,https://nitter.net/StillTheBlonde/status/1503157935442173958#m,@AMCTheatres Morbius tickets coming soon?,0
Morbius,13 Mar 2022,@NRichard9,Nadine Richard,#jaredleto #morbius @MorbiusMovie can’t wait!,https://nitter.net/NRichard9/status/1503157133520654340#m,#jaredleto #morbius @MorbiusMovie can’t wait!,1
Morbius,13 Mar 2022,@NathanMangold12,Nathan mangold,Character what directors and writers should be writing about in the movie of morbius that would be very cool to see Peter Parker in a new way his character on the Silver Screen in the in the movie spin-off series morbius I think I'll be very cool for the fans what do you think,https://nitter.net/NathanMangold12/status/1503156950812426240#m,Character what directors and writers should be writing about in the movie of morbius that would be very cool to see Peter Parker in a new way his character on the Silver Screen in the in the movie spin-off series morbius I think I'll be very cool for the fans what do you think,1
Morbius,13 Mar 2022,@MaggotStitch,KJ Stitch bring me the horizon 5/5/26,Sara Morbius commercial on TV today! I love my monster! #JaredLeto #ChronixxToys #HouseOfGucci #Morbius,https://nitter.net/MaggotStitch/status/1503156923469864966#m,Sara Morbius commercial on TV today! I love my monster! #JaredLeto #ChronixxToys #HouseOfGucci #Morbius,0
Morbius,13 Mar 2022,@30FUMars,30FeetUnderMars,#Spiderman V #Morbius @TomHolland1996 @JaredLeto,https://nitter.net/30FUMars/status/1503156507847929857#m,#Spiderman V #Morbius @TomHolland1996 @JaredLeto,0
Morbius,13 Mar 2022,@Subaru_Barasu,Subaru,no. Why outta all Spidy characters do they chose one with the most tropey and done to death origin. even for lesser known characters Morbius is lame,https://nitter.net/Subaru_Barasu/status/1503155995555598336#m,no. Why outta all Spidy characters do they chose one with the most tropey and done to death origin. even for lesser known characters Morbius is lame,1
Morbius,13 Mar 2022,@mdnisse3,Denissita,Si si hazte el loco !,https://nitter.net/mdnisse3/status/1503154723007959041#m,"Yes yes, act crazy!",0
Morbius,13 Mar 2022,@izzydelrio_jedi,Izzy Del Rio,Morbius being described as a new “Marvel Legend” is interesting to me.,https://nitter.net/izzydelrio_jedi/status/1503154507768770563#m,Morbius being described as a new “Marvel Legend” is interesting to me.,1
Morbius,13 Mar 2022,@letosalibi,𝘧𝘢𝘯 𝘢𝘤𝘤𝘰𝘶𝘯𝘵,so this is the repeated question for morbius lmaoo,https://nitter.net/letosalibi/status/1503154346325954563#m,so this is the repeated question for morbius lmaoo,1
Morbius,13 Mar 2022,@etnow,Entertainment Tonight,Jared Leto thinks Morbius would make a “dynamic duo” with Tom Holland’s Spider-Man. #CriticsChoice,https://nitter.net/etnow/status/1503153700331614211#m,Jared Leto thinks Morbius would make a “dynamic duo” with Tom Holland’s Spider-Man. #CriticsChoice,0
Morbius,13 Mar 2022,@mdnisse3,Denissita,A ti lo q t voy q sacar un ojo 🙂,https://nitter.net/mdnisse3/status/1503153410689875968#m,What I'm going to do to you is to take out an eye 🙂,0
Morbius,13 Mar 2022,@Morbius_Fan1,Saint Chama 🗿,Called it. Brady is a pussy.,https://nitter.net/Morbius_Fan1/status/1503152387481309185#m,Called it. Brady is a pussy.,1
Morbius,13 Mar 2022,@blazkowiczIV,Aldair Blazkowicz,"Morbius era mi película top de 2020 y decía que iba a ser una gran sorpresa, cómo cambian las cosas ... 😪",https://nitter.net/blazkowiczIV/status/1503151786626105349#m,"Morbius was my top movie of 2020 and I said it was going to be a big surprise, how things change... 😪",0
Morbius,13 Mar 2022,@AluenMarouf,Marouf Aluen🇨🇱,#NuevaFotoDePerfil LLEGO LA MORBIUS ERA PERRAS VAMOOOOOOOOOOOOO,https://nitter.net/AluenMarouf/status/1503150911526510598#m,#NewProfilePhoto THE MORBIUS ARRIVED IT WAS BITCHES GOMOOOOOOOOOOOOOOO,0
Morbius,13 Mar 2022,@ZaneyZeke96,Zane Gray,#TheBatman is gonna be number one until Morbius comes out,https://nitter.net/ZaneyZeke96/status/1503150029225316356#m,#TheBatman is gonna be number one until Morbius comes out,0
Morbius,13 Mar 2022,@sylabdul,SyL ☕ | #RumorRoulette🎰,#Morbius may be a surprise lowkey hit,https://nitter.net/sylabdul/status/1503149493717450753#m,#Morbius may be a surprise lowkey hit,0
Morbius,13 Mar 2022,@mrwaffle303,Wafflemations,Yeah could you imagine if you fought morbius if got a Spider-Man 4,https://nitter.net/mrwaffle303/status/1503148935308795915#m,Yeah could you imagine if you fought morbius if got a Spider-Man 4,0
Morbius,13 Mar 2022,@batdan350,Bat-Dan's Thoughts,Great show @sylabdul_inc and @itsnavacado. #Morbius piped.video/RCXlMbmIyA8,https://nitter.net/batdan350/status/1503148397980749839#m,Great show @sylabdul_inc and @itsnavacado. #Morbius piped.video/RCXlMbmIyA8,0
Morbius,13 Mar 2022,@MaggotStitch,KJ Stitch bring me the horizon 5/5/26,Three days of Jared Leto awesomeness? Kind of reminds me of camp MARS! Best weekend ever! #SXSW #WeCrashed #Mobius #Mexico #CriticsChoice #HouseOfGucci#JaredLeto #Morbius,https://nitter.net/MaggotStitch/status/1503146659554934787#m,Three days of Jared Leto awesomeness? Kind of reminds me of camp MARS! Best weekend ever! #SXSW #WeCrashed #Mobius #Mexico #CriticsChoice #HouseOfGucci#JaredLeto #Morbius,0
Morbius,13 Mar 2022,@AluenMarouf,Marouf Aluen🇨🇱,Morbius sera tremenda masterpiece,https://nitter.net/AluenMarouf/status/1503145258330337280#m,Morbius sera tremenda masterpiece,1
Morbius,13 Mar 2022,@Alex_Ram30,ALEX RAM,#JaredLeto aka #Morbius en los #CriticsChoiceAwards,https://nitter.net/Alex_Ram30/status/1503144863721836548#m,#JaredLeto aka #Morbius en los #CriticsChoiceAwards,0
Morbius,13 Mar 2022,@Cines_FULL,Cines FULL,Ya podéis comprar vuestras entradas para conocer a #Morbius ¡la nueva leyenda de #Marvel! ¿Estáis preparados? 🤩 #Estreno 1 de abril ➡ bit.ly/36a24kX,https://nitter.net/Cines_FULL/status/1503144373063626754#m,"You can now buy your tickets to meet #Morbius, the new #Marvel legend! Are you ready? 🤩 #Premiere April 1 ➡ bit.ly/36a24kX",0
Morbius,13 Mar 2022,@_andylm,andy 🦁,"porra, disseram que é uma merda kkkkk. melhor esperar p assistir morbius dia 31",https://nitter.net/_andylm/status/1503144240938991619#m,"Damn, they said it's shit lol. better wait to watch morbius on the 31st",0
Morbius,13 Mar 2022,@Cinesa,Cinesa,¡El próximo 1 de abril llega una nueva leyenda de Marvel a CINESA! 🔥 #MorbiusLaPelícula 🚨¡La venta de entradas ya ha comenzado!🚨 👉bit.ly/3CNQhFf #PróximosEstrenos #VentaAnticipada,https://nitter.net/Cinesa/status/1503144121359224834#m,Next April 1st a new Marvel legend arrives at CINESA! 🔥 #MorbiusTheMovie 🚨Ticket sales have already started!🚨 👉bit.ly/3CNQhFf #PróximosEstrenos #EarlySale,0
Morbius,13 Mar 2022,@CineYelmo,Cine Yelmo,"Morbius definirá la línea entre héroe y villano...💪 🎟️ Compra YA tus entradas y ¡podrás conseguir un CÓMIC DIGITAL de la película! 💥¡Entradas YA a la venta! Sé el primero en ver #Morbius en la gran pantalla, ¡estreno el próximo 1 de abril en Cine Yelmo!🍿",https://nitter.net/CineYelmo/status/1503143871760551937#m,"Morbius will define the line between hero and villain...💪 🎟️ Buy your tickets NOW and you can get a DIGITAL COMIC of the movie! 💥Tickets on sale NOW! Be the first to see #Morbius on the big screen, premiering next April 1 at Cine Yelmo!🍿",0
Morbius,13 Mar 2022,@TavernaMarvel,Taverna Marvel,"Jared Leto, a estrela de #Morbius no Red Carpet do #CriticsChoice",https://nitter.net/TavernaMarvel/status/1503143758690496516#m,"Jared Leto, the star of #Morbius on the #CriticsChoice Red Carpet",0
Morbius,13 Mar 2022,@UniversoAlex,Universo Álex,"Morbius, J. Jonah Jameson, Mary Jane y la Bruja Escarlata ya están por los #CriticsChoiceAwards",https://nitter.net/UniversoAlex/status/1503143355353608197#m,"Morbius, J. Jonah Jameson, Mary Jane and the Scarlet Witch are already at the #CriticsChoiceAwards",0
Morbius,13 Mar 2022,@monard_n,iwouldshoottobytwice,Par contre la bande-annonce de Morbius et Dr. Strange 2 qui passe au cinéma c'était le plus gros guet-apens de ma vie je crois,https://nitter.net/monard_n/status/1503143160016424966#m,"On the other hand, the trailer for Morbius and Dr. Strange 2 which is showing in cinemas was the biggest ambush of my life I think",0
Morbius,13 Mar 2022,@QuidVacuo,QuidVacuo,Jared Leto aka Morbius en los Critics Choice Awards,https://nitter.net/QuidVacuo/status/1503141497721479173#m,Jared Leto aka Morbius en los Critics Choice Awards,0
Morbius,13 Mar 2022,@venom0804,—𝙈𝙞𝙩𝙝𝙧𝙞𝙙𝙖𝙩𝙚 🇬🇧,"Now I'm imagining Marvel's equivalent of SS:KTJL. A hybrid of Planet of the Symbiote and Maximum Carnage. Co-op open-world NYC infested with symbiotes. Four playable characters - Spider-Man, Morbius, Venom and Black Cat. Various bosses such as Shriek, Doppelganger, Demogoblin etc",https://nitter.net/venom0804/status/1503141218028511236#m,"Now I'm imagining Marvel's equivalent of SS:KTJL. A hybrid of Planet of the Symbiote and Maximum Carnage. Co-op open-world NYC infested with symbiotes. Four playable characters - Spider-Man, Morbius, Venom and Black Cat. Various bosses such as Shriek, Doppelganger, Demogoblin etc",0
Morbius,13 Mar 2022,@FPLren,Ren,"sorry boff its morbius, its not gonna be peach ice tea, either new flavour or reskin of type o cause of the blood thing",https://nitter.net/FPLren/status/1503136886998675456#m,"sorry boff its morbius, its not gonna be peach ice tea, either new flavour or reskin of type o cause of the blood thing",0
Morbius,13 Mar 2022,@LariSuaves,l a r i s,Quero pega um cineminha e quem for cmg quando lançar Morbius.,https://nitter.net/LariSuaves/status/1503135577570521090#m,I want to catch a movie and whoever is there when Morbius comes out.,0
Morbius,13 Mar 2022,@Morbius_Jr,GoldBerg,Lipa pesa ya watu kwanza ndo uanze kuongea upumbafu hapa,https://nitter.net/Morbius_Jr/status/1503135119254736899#m,Pay people's money first and then start talking nonsense here,0
Morbius,13 Mar 2022,@Morbius_Jr,GoldBerg,kabisa mkuu hata city akija vbya anakula tu,https://nitter.net/Morbius_Jr/status/1503134682531127298#m,"absolutely great, even when he comes to the city, he just eats",0
Morbius,13 Mar 2022,@Morbius_Jr,GoldBerg,Na leo tumemchapa mtu 4-0,https://nitter.net/Morbius_Jr/status/1503134515107344386#m,And today we beat someone 4-0,0
Morbius,14 Mar 2022,@Tamizh5665,Cinema,#Morbius New #IMAX Poster @IMAX Poster 🔥🔥🔥,https://nitter.net/Tamizh5665/status/1503521197916450818#m,#Morbius New #IMAX Poster @IMAX Poster 🔥🔥🔥,0
Morbius,14 Mar 2022,@ilobillieHTE,Cheyenne,literally forgot morbius was even coming out...,https://nitter.net/ilobillieHTE/status/1503520718872481792#m,literally forgot morbius was even coming out...,1
Morbius,14 Mar 2022,@mmm_kantaloupe,Kant,They are stuffing this Morbius movie down our throats. Go away,https://nitter.net/mmm_kantaloupe/status/1503520704762978304#m,They are stuffing this Morbius movie down our throats. Go away,0
Morbius,14 Mar 2022,@IzzyMakaveli,izzy zoldyck,I’m sooooooo excited for Morbius omg,https://nitter.net/IzzyMakaveli/status/1503520566497607680#m,I’m sooooooo excited for Morbius omg,1
Morbius,14 Mar 2022,@MJPrince5208,ghost _,My guess? Separate universe to all 3. If venom and morbius are in the same universe then maybe they aren’t in either of the 3 Spider-Man universes. Michael Keaton is most likely playing a variant of Adrian Toomes and Sony wanna give him a soft reboot,https://nitter.net/MJPrince5208/status/1503520521518043143#m,My guess? Separate universe to all 3. If venom and morbius are in the same universe then maybe they aren’t in either of the 3 Spider-Man universes. Michael Keaton is most likely playing a variant of Adrian Toomes and Sony wanna give him a soft reboot,0
Morbius,14 Mar 2022,@gabizeir,gabriella,Nessa casa assistimos tudo o que envolve o amigo da vizinhança (me preparando pro morbius),https://nitter.net/gabizeir/status/1503520429146837000#m,In this house we watch everything that involves the neighborhood friend (preparing me for morbius),0
Morbius,14 Mar 2022,@deadWOLFF_,Mr. Nightmare,Oh shit #Morbius looks sickkk,https://nitter.net/deadWOLFF_/status/1503519944230768646#m,Oh shit #Morbius looks sickkk,1
Morbius,14 Mar 2022,@kyas10,⚽🍺🏳️‍🌈 Older Sleepy Gary,Why couldn't Michael Cera play Morbius?,https://nitter.net/kyas10/status/1503519926337904645#m,Why couldn't Michael Cera play Morbius?,0
Morbius,14 Mar 2022,@recortesdemi,Al,MORBIUS. Una nueva leyenda de Marvel. Exclusivamente en cines 1 de abril. piped.video/mCNhWmD3VtE a través de @YouTube,https://nitter.net/recortesdemi/status/1503519819106299910#m,MORBIUS. A new Marvel legend. Exclusively in theaters April 1. piped.video/mCNhWmD3VtE via @YouTube,0
Morbius,14 Mar 2022,@JaviiierM,Gatu,Morbius se ve mala cc jaja,https://nitter.net/JaviiierM/status/1503519723694313478#m,Morbius is already a small cc egg,1
Morbius,14 Mar 2022,@cosmomovies89,Cosmo Movies 🌟🎬🎭,#PorSiNoLoViste Otro #NuevoPóster de #Morbius pero ahora para su versión en #4DX ¿Les gusta? 🤔 Recuerden que estrenará este 30 de Marzo y ya está disponible la preventa 🙌,https://nitter.net/cosmomovies89/status/1503519684909580294#m,#PorSiNoLoViste Another #NewPoster of #Morbius but now for its #4DX version. Do you like it? 🤔 Remember that it will premiere this March 30th and pre-sale is now available 🙌,0
Morbius,14 Mar 2022,@Morbius_2,Young Batman,No. Anti matter was directly observed and imaged by Carl Anderson in a cloud chamber experiment. Check out what positrons are.,https://nitter.net/Morbius_2/status/1503519576507703303#m,No. Anti matter was directly observed and imaged by Carl Anderson in a cloud chamber experiment. Check out what positrons are.,0
Morbius,14 Mar 2022,@HisStankness,Stank,Gotta see Morbius.,https://nitter.net/HisStankness/status/1503519522636156939#m,Gotta see Morbius.,1
Morbius,14 Mar 2022,@lWreakHavok,Alexander Summers/HIATUS,"He manages a small nod, pressing his hips forward into his hand - as if it weren't obvious enough. At the confession, however, his eyes open slightly and his free hand grips the back of his neck in silent invitation.",https://nitter.net/lWreakHavok/status/1503519349038100485#m,"He manages a small nod, pressing his hips forward into his hand - as if it weren't obvious enough. At the confession, however, his eyes open slightly and his free hand grips the back of his neck in silent invitation.",0
Morbius,14 Mar 2022,@spidey_zilla,Darth Spidey,They can't ignore the Raimiverse and Tasmverse for ever after all the great stuffs that had happened in NWH because of those and NWH making a billion again because of that. After Morbius I'll say: #ReleaseTheRaimiCut #MakeTASM3Happen They earned it.,https://nitter.net/spidey_zilla/status/1503518672530382848#m,They can't ignore the Raimiverse and Tasmverse for ever after all the great stuffs that had happened in NWH because of those and NWH making a billion again because of that. After Morbius I'll say: #ReleaseTheRaimiCut #MakeTASM3Happen They earned it.,0
Morbius,14 Mar 2022,@FalaAnimalSite,"Fala, Animal!",Morbius ganhou dois novos pôsteres. O filme estreia em 31 de março. #morbius #superherois #filme #sony #jaredleto #vampiro #marvel #superheroes #cinema #sonypictures #vampire,https://nitter.net/FalaAnimalSite/status/1503518416178757634#m,Morbius got two new posters. The film opens on March 31. #morbius #superheroes #film #sony #jaredleto #vampire #marvel #superheroes #cinema #sonypictures #vampire,0
Morbius,14 Mar 2022,@5sosftblast,★ guada ★ -205,no me mato pq a fin d mes se estrena moon knight y morbius,https://nitter.net/5sosftblast/status/1503518250381955072#m,I don't kill myself because at the end of the month Moon Knight and Morbius are released,0
Morbius,14 Mar 2022,@captainnyanko,キャプテンニャンコ😺,待ちに待った公開まであと少し・・・ ドクターモービウスにも注目だがやはり・・ スパイダーマンに敗れたあの男に注目・・ ＃モービウス ＃バルチャー morbius-movie.jp/,https://nitter.net/captainnyanko/status/1503517891547009025#m,"There's only a few days left until the long-awaited release... Dr. Morbius is also on the agenda, but... the focus is on the man who lost to Spider-Man... #Mobius #Vulture morbius-movie.jp/",0
Morbius,14 Mar 2022,@UniversoAlex,Universo Álex,"Nueva promo de #Morbius titulada ""Transformación"" piped.video/bF3ngaadP2s",https://nitter.net/UniversoAlex/status/1503517451379691525#m,"New #Morbius promo titled ""Transformation"" piped.video/bF3ngaadP2s",0
Morbius,14 Mar 2022,@captainnyanko,キャプテンニャンコ😺,Are you monsters??🤣🤣 #Morbius Can't wait!!!🦇😎,https://nitter.net/captainnyanko/status/1503516775753084928#m,Are you monsters??🤣🤣 #Morbius Can't wait!!!🦇😎,0
Morbius,14 Mar 2022,@Rachel_WW,Rachel 🎶🌅🍷☕️💗🌎,Four tickets! ✅ #thewaitisalmostover #Morbius 🧛‍♂️ 🖤,https://nitter.net/Rachel_WW/status/1503516622547566599#m,Four tickets! ✅ #thewaitisalmostover #Morbius 🧛‍♂️ 🖤,0
Morbius,14 Mar 2022,@joeypurple,𝕛ꪮꫀꪗ ꪜⅈꪮꪶꪖ,#Morbius #MorbiusMovie #Marvel #Sony #JaredLeto #Spiderverse 🦇,https://nitter.net/joeypurple/status/1503516221123268611#m,#Morbius #MorbiusMovie #Marvel #Sony #JaredLeto #Spiderverse 🦇,0
Morbius,14 Mar 2022,@awhtryn,337 ☆,Morbius,https://nitter.net/awhtryn/status/1503516124528447491#m,Morbius,1
Morbius,14 Mar 2022,@Lunar_Kitty1026,Amani,Just realized that this is the wrong year to make Morbius😑🤦‍♀️🦇 #Marvel #Covid_19,https://nitter.net/Lunar_Kitty1026/status/1503515881552465921#m,Just realized that this is the wrong year to make Morbius😑🤦‍♀️🦇 #Marvel #Covid_19,0
Morbius,14 Mar 2022,@Angel15028084,Angel,Flop como Morbius,https://nitter.net/Angel15028084/status/1503515826208624642#m,Flop como Morbius,0
Morbius,14 Mar 2022,@morbius_sire,Xhalax Sevatarion Grimnar,"And I’m 100% on board with it, because I’d adopt Elnor too if given the chance.",https://nitter.net/morbius_sire/status/1503515556053409802#m,"And I’m 100% on board with it, because I’d adopt Elnor too if given the chance.",1
Morbius,14 Mar 2022,@lWreakHavok,Alexander Summers/HIATUS,"His eyes closed as more pressure was applied, reaching up to wrap a hand around his wrist so he would know quickly if Alex started to lose consciousness. Especially since his blood flow was pretty swiftly redirected elsewhere.",https://nitter.net/lWreakHavok/status/1503515534108856320#m,"His eyes closed as more pressure was applied, reaching up to wrap a hand around his wrist so he would know quickly if Alex started to lose consciousness. Especially since his blood flow was pretty swiftly redirected elsewhere.",0
Morbius,14 Mar 2022,@theblazetrends,Blaze Trends,Morbius: Spider-Man in the movie? Jared Leto’s response blazetrends.com/morbius-spid…,https://nitter.net/theblazetrends/status/1503515532225568771#m,Morbius: Spider-Man in the movie? Jared Leto’s response blazetrends.com/morbius-spid…,0
Morbius,14 Mar 2022,@DescalzoRaul,me duermo zzzzzz,"Que en 2 semanitas sale Morbius, fino Yelmo Cines me voy a clavar",https://nitter.net/DescalzoRaul/status/1503515530577297415#m,"In 2 weeks Morbius comes out, fine Yelmo Cines I'm going to nail it",0
Morbius,14 Mar 2022,@KevinInChains,Kevin,Doctor Michael Morbius!? The Living Vampire!?!,https://nitter.net/KevinInChains/status/1503515501749800962#m,Doctor Michael Morbius!? The Living Vampire!?!,0
Morbius,14 Mar 2022,@ItsDilweed,bomagranate🍇,"Venom & Morbius are doe verse, so they can't be connected to Marvel brand legally.",https://nitter.net/ItsDilweed/status/1503515209972867078#m,"Venom & Morbius are doe verse, so they can't be connected to Marvel brand legally.",0
Morbius,14 Mar 2022,@PeliYManta_,Peli & Manta,Póster IMAX de #Morbius.,https://nitter.net/PeliYManta_/status/1503515185666998272#m,IMAX poster for #Morbius.,0
Morbius,14 Mar 2022,@VENCOMICS_1,VENCOMICS by 🔥Fer🔥,Nuevo póster IMAX de #Morbius,https://nitter.net/VENCOMICS_1/status/1503514027904929806#m,New IMAX poster for #Morbius,0
Morbius,15 Mar 2022,@Christalball93,Christalball,#Morbius #NFT would be cool or for #Sonic @CEOAdam ! #AMC,https://nitter.net/Christalball93/status/1503883332915896320#m,#Morbius #NFT would be cool or for #Sonic @CEOAdam ! #AMC,0
Morbius,15 Mar 2022,@Morbius_Fan1,Saint Chama 🗿,It’s @BallsackSports world and we’re just tweeting in it,https://nitter.net/Morbius_Fan1/status/1503883246089740291#m,It’s @BallsackSports world and we’re just tweeting in it,0
Morbius,15 Mar 2022,@nshoeslavender,pink,i hope morbius flops,https://nitter.net/nshoeslavender/status/1503882575835811840#m,i hope morbius flops,1
Morbius,15 Mar 2022,@bcwintersoldier,piaaaaa✪,morbius udah muncul di tix id,https://nitter.net/bcwintersoldier/status/1503881704838430720#m,morbius has appeared on tix id,0
Morbius,15 Mar 2022,@SBAkatsuki,Akatsuki {暁),"Da la misma sensación que Morbius, pueden estar bien pero de primeras no llaman mucho la atención",https://nitter.net/SBAkatsuki/status/1503881430702694407#m,"It gives the same feeling as Morbius, they may be good but at first they don't attract much attention",0
Morbius,15 Mar 2022,@Stack3dNews,Stack3d,Marvel movie Morbius gets a flavor of G Fuel’s flagship product called Plasma stack3d.com/2022/03/g-fuel-x…,https://nitter.net/Stack3dNews/status/1503880850206822407#m,Marvel movie Morbius gets a flavor of G Fuel’s flagship product called Plasma stack3d.com/2022/03/g-fuel-x…,1
Morbius,15 Mar 2022,@CinemaTimeNews,𝘾𝙞𝙣𝙚𝙢𝙖𝙏𝙞𝙢𝙚𝙉𝙚𝙬𝙨 🎞️🎥🥤🍿🍫🎟️,My next character profile pic for celebrating a release will be Moon Knight and then immediately shortly after… Morbius #MoonKnight #Morbius🦇,https://nitter.net/CinemaTimeNews/status/1503879689638760449#m,My next character profile pic for celebrating a release will be Moon Knight and then immediately shortly after… Morbius #MoonKnight #Morbius🦇,0
Morbius,15 Mar 2022,@ItsPersonMan,"Noah, of Ark Fame",Morbius will probably be the greatest hate watch of my life,https://nitter.net/ItsPersonMan/status/1503879498005164033#m,Morbius will probably be the greatest hate watch of my life,0
Morbius,15 Mar 2022,@TheCourtofJames,Jammy C,How's the Morbius hype going?,https://nitter.net/TheCourtofJames/status/1503879040784027653#m,How's the Morbius hype going?,1
Morbius,15 Mar 2022,@getwelldaxhie,pluto,question… are y’all gonna go see morbius?,https://nitter.net/getwelldaxhie/status/1503879029073580032#m,question… are y’all gonna go see morbius?,0
Morbius,15 Mar 2022,@CinefilosColomb,Cinefilos Colombia,Mira este póster internacional para #IMAX de #Morbius #Estreno 31 de marzo #ExclusivamenteEnCines. @IMAX @SonyPicturesCol @MorbiusMovie,https://nitter.net/CinefilosColomb/status/1503878874312097795#m,Check out this international poster for #IMAX of #Morbius #Premiere March 31 #ExclusivelyInCinemas. @IMAX @SonyPicturesCol @MorbiusMovie,0
Morbius,15 Mar 2022,@satelIitefilm,cam 🦋 midnights era,"i don't know if im excited or not about morbius, like i don't know how to feel about it",https://nitter.net/satelIitefilm/status/1503878530450407425#m,"i don't know if im excited or not about morbius, like i don't know how to feel about it",1
Morbius,15 Mar 2022,@Paravilintiniay,April 🪻🌻,All of this marketing for the morbius movie doesn’t make me want to watch the morbius movie if just made me want to watch the Spider-Man animated series morbius arc,https://nitter.net/Paravilintiniay/status/1503878513144778752#m,All of this marketing for the morbius movie doesn’t make me want to watch the morbius movie if just made me want to watch the Spider-Man animated series morbius arc,1
Morbius,15 Mar 2022,@HYPEBEAST,HYPEBEAST,'Morbius' Star Jared Leto Talks Potential Crossover With Tom Holland's 'Spider-Man' hypebeast.com/2022/3/sony-pi…,https://nitter.net/HYPEBEAST/status/1503877793632952327#m,'Morbius' Star Jared Leto Talks Potential Crossover With Tom Holland's 'Spider-Man' hypebeast.com/2022/3/sony-pi…,0
Morbius,15 Mar 2022,@PlotThicc,Plot Thicc,"Every weekend in April, they're droppin bangers: Morbius 4/1 Ambulance 4/8 Everything Everywhere 4/8 Sonic the Hedgehog 4/8 Father Stu 4/13 Fantastic Beasts 4/15 The Bad Guys 4/22 Unbearable Weight 4/22 Memory 4/29 All wide, theatrical releases.",https://nitter.net/PlotThicc/status/1503877460651384840#m,"Every weekend in April, they're droppin bangers: Morbius 4/1 Ambulance 4/8 Everything Everywhere 4/8 Sonic the Hedgehog 4/8 Father Stu 4/13 Fantastic Beasts 4/15 The Bad Guys 4/22 Unbearable Weight 4/22 Memory 4/29 All wide, theatrical releases.",0
Morbius,15 Mar 2022,@MMorbiusTP,Tío Kravo,Si Andrew sale en #Morbius será la mejor experiencia que haya tenido en el cine en mi vida.,https://nitter.net/MMorbiusTP/status/1503877409317208064#m,If Andrew appears in #Morbius it will be the best experience I have ever had in the cinema in my life.,0
Morbius,15 Mar 2022,@luisfuurtado,vanadis ᚠ,eu prevendo que serei o único na sessão de morbius,https://nitter.net/luisfuurtado/status/1503877276064174082#m,I predict that I will be the only one in the morbius session,0
Morbius,15 Mar 2022,@AdequateEmily,AdequateEmily,Morbius is truly the funniest movie blockbuster in a while. It literally is coming out on April Fools.,https://nitter.net/AdequateEmily/status/1503877112901640194#m,Morbius is truly the funniest movie blockbuster in a while. It literally is coming out on April Fools.,1
Morbius,15 Mar 2022,@silverxsable,Silver Sable,"I booked Morbius in Imax with my biggest purpose to see the details including her banner fully clear and I hope it exceeds that. Also, hoping it’s good.",https://nitter.net/silverxsable/status/1503876398788005888#m,"I booked Morbius in Imax with my biggest purpose to see the details including her banner fully clear and I hope it exceeds that. Also, hoping it’s good.",1
Morbius,15 Mar 2022,@Phase9tv,Phase9.tv,MORBIUS Travel Vlog – Mexico City ift.tt/zdnL4jQ,https://nitter.net/Phase9tv/status/1503876242604535830#m,MORBIUS Travel Vlog – Mexico City ift.tt/zdnL4jQ,1
Morbius,15 Mar 2022,@mirjarko,FRIENDLY FIRE,"Wey, Jared vino a México, hicieron la premiere cerca de mi casita y encima de todo se hospedó ahí donde siempre los meten. Como se nota que vivo debajo de una piedra.😭💔 #Morbius",https://nitter.net/mirjarko/status/1503874959860539393#m,"Wow, Jared came to Mexico, they had the premiere near my house and on top of everything he stayed where they always put them. How can you tell I live under a rock.😭💔 #Morbius",0
Morbius,15 Mar 2022,@nowayholmes,ann,morbius on opening night nitter.net/GovernedChain/status/1…,https://nitter.net/nowayholmes/status/1503874889366880263#m,morbius on opening night nitter.net/GovernedChain/status/1…,0
Morbius,15 Mar 2022,@popeinavignon,les pope d’Avignon,why did i specifically get the “30 Seconds to Mars” greeting for the morbius teaser? have all the ghosts come from hell to torment me?,https://nitter.net/popeinavignon/status/1503874811650531330#m,why did i specifically get the “30 Seconds to Mars” greeting for the morbius teaser? have all the ghosts come from hell to torment me?,0
Morbius,15 Mar 2022,@Polo_Ric,Ric G,"Moon knight , morbius , doctor strange",https://nitter.net/Polo_Ric/status/1503874743728066560#m,"Moon knight , morbius , doctor strange",0
Morbius,15 Mar 2022,@silverxsable,Silver Sable,"So far, Silver Sable has two sort-of appearances in Sony movies. - Into the Spider-Verse (616 Comic) - Morbius (Silver Sable beauty salon with 616 symbol)",https://nitter.net/silverxsable/status/1503874728683253762#m,"So far, Silver Sable has two sort-of appearances in Sony movies. - Into the Spider-Verse (616 Comic) - Morbius (Silver Sable beauty salon with 616 symbol)",0
Morbius,15 Mar 2022,@_G0ex,gx,Não vejo a hora de lançar Morbius hihihi,https://nitter.net/_G0ex/status/1503874531265552384#m,I can't wait to release Morbius hihihi,0
Morbius,15 Mar 2022,@__cordazzle,Ceej 🫡,"We really getting moon Knight, morbius(meh), sonic the hedgehog 2, doctor strange 2, Ms. Marvel, and Thor love and thunder back to back to back",https://nitter.net/__cordazzle/status/1503874440865669127#m,"We really getting moon Knight, morbius(meh), sonic the hedgehog 2, doctor strange 2, Ms. Marvel, and Thor love and thunder back to back to back",0
Morbius,15 Mar 2022,@mtnovaesffc,🇭🇺 novaes,Quero ir assistir morbius,https://nitter.net/mtnovaesffc/status/1503874439540318208#m,I want to go watch Morbius,1
Morbius,15 Mar 2022,@haechansugoi,️️️️ ️️ ️️️️ ️️,morbius april,https://nitter.net/haechansugoi/status/1503874167900639233#m,morbius april,1
Morbius,15 Mar 2022,@DudeMeisterrr,World’s Bitchiest Mime,Morbius!,https://nitter.net/DudeMeisterrr/status/1503873838848921605#m,Morbius!,0
Morbius,15 Mar 2022,@Jack_Morbius,Jack M.,Lmaooooo youre an old bastard now,https://nitter.net/Jack_Morbius/status/1503873182499057666#m,Lmaooooo youre an old bastard now,0
Morbius,15 Mar 2022,@ClinicalBrendon,ClinicalBrendon,"You get to skip a review on one movie next month but you have to choose between sonic 2, morbius, or fantastic beasts 3",https://nitter.net/ClinicalBrendon/status/1503873051758407683#m,"You get to skip a review on one movie next month but you have to choose between sonic 2, morbius, or fantastic beasts 3",1
Morbius,15 Mar 2022,@K_baltz,Bαʅƚȥ #ReleaseTheAyerCut,Marketing pro Morbius mal começou e já tem meu coração kkkkkkkkkk os caras meteram uma máquina de bebida com “bolsa de sangue” pra venda 💯 Stonks de mais #Morbius,https://nitter.net/K_baltz/status/1503873050768461832#m,Marketing for Morbius has barely started and it already has my heart lol the guys put a drink machine with a “blood bag” for sale 💯 Too many Stonks #Morbius,0
Morbius,15 Mar 2022,@MaggotStitch,KJ Stitch bring me the horizon 5/5/26,So the Morbius growls and his ears twitch he’s my electron bat puppy! #Morbius,https://nitter.net/MaggotStitch/status/1503871714308014087#m,So the Morbius growls and his ears twitch he’s my electron bat puppy! #Morbius,0
Morbius,15 Mar 2022,@PABLOATM918,pablo,llora,https://nitter.net/PABLOATM918/status/1503871279761432580#m,cry,0
Morbius,15 Mar 2022,@cyujiwsh,Wacksar,"La sorti de Morbius c le plus grand mystère du cinéma ???? Au ciné y’avait écrit janvier, la jvois ecrit 30 mars Ehoh????",https://nitter.net/cyujiwsh/status/1503871161859547136#m,"The release of Morbius is the greatest mystery in cinema ???? At the cinema it was written January, I see it written March 30 Ehoh????",0
Morbius,16 Mar 2022,@Andrew34794323,Andrew Rodriguez,I want to be micheal morbius in spider man 4,https://nitter.net/Andrew34794323/status/1504246042610577411#m,I want to be micheal morbius in spider man 4,0
Morbius,16 Mar 2022,@RandyS0725,"✊🏿🦁Lion-O's Long, Leonine Locs™🐾⚔️","Love it or hate it & say what you will about the actor himself (a lot of valid criticism there), but he's absolutely right on this subject. #TheJoker #Joker #Batman #DCEU #DCComics #Morbius #Blade #SpiderMan #MCU #Sony #Marvel #SuperpowerList #SPL #SHPoll22",https://nitter.net/RandyS0725/status/1504245509883576321#m,"Love it or hate it & say what you will about the actor himself (a lot of valid criticism there), but he's absolutely right on this subject. #TheJoker #Joker #Batman #DCEU #DCComics #Morbius #Blade #SpiderMan #MCU #Sony #Marvel #SuperpowerList #SPL #SHPoll22",0
Morbius,16 Mar 2022,@junhyukkandunia,🐻,morbius sm dr strange,https://nitter.net/junhyukkandunia/status/1504245049302794244#m,morbius sm dr strange,1
Morbius,16 Mar 2022,@MetaGalaxia1,Meta Galáxia,Confira tudo sobre o vampiro da Marvel que será vivido por Jared Leto nos cinemas! metagalaxia.com.br/filmes/qu…,https://nitter.net/MetaGalaxia1/status/1504244611266527234#m,Check out everything about the Marvel vampire who will be played by Jared Leto in theaters! metagalaxia.com.br/filmes/qu…,0
Morbius,16 Mar 2022,@paigemay721,Paige May,I’m gonna be so embarrassed when I like MORBIUS…,https://nitter.net/paigemay721/status/1504244106775580674#m,I’m gonna be so embarrassed when I like MORBIUS…,0
Morbius,16 Mar 2022,@shaneyoyoyo,shvnnv,Who’s ready for Morbius? #morbius,https://nitter.net/shaneyoyoyo/status/1504244003809550336#m,Who’s ready for Morbius? #morbius,0
Morbius,16 Mar 2022,@sempygetshis,Alex⚜️,"Agree. the universes wont technically collide per se, but there will be some character overlap — Outside of MCU spiderman stories or not though is the big question. rumors are morbius will be on the mcu midnight suns team however",https://nitter.net/sempygetshis/status/1504243439214505984#m,"Agree. the universes wont technically collide per se, but there will be some character overlap — Outside of MCU spiderman stories or not though is the big question. rumors are morbius will be on the mcu midnight suns team however",0
Morbius,16 Mar 2022,@MZilla1954,M Zilla1954,If you want to know who's #Morbius this video is for you go CHECK IT OUT piped.video/-AofWZEHjKk #SonySpiderManUniverse #Marvel,https://nitter.net/MZilla1954/status/1504243326756614147#m,If you want to know who's #Morbius this video is for you go CHECK IT OUT piped.video/-AofWZEHjKk #SonySpiderManUniverse #Marvel,0
Morbius,16 Mar 2022,@HotBoyMatt92,2/10 Daddy Matt Day ♒️,"Nah. I’m SCREAMING! And the way Morbius has been pushed back so many times, it’s like girl at this point release it straight to Tubi and call it a day.",https://nitter.net/HotBoyMatt92/status/1504243302459224065#m,"Nah. I’m SCREAMING! And the way Morbius has been pushed back so many times, it’s like girl at this point release it straight to Tubi and call it a day.",1
Morbius,16 Mar 2022,@analichii,analichi 🇵🇾,Ya quiero ver #Morbius,https://nitter.net/analichii/status/1504243097630171141#m,I already want to see #Morbius,0
Morbius,16 Mar 2022,@McLaffyTaffy,Ryan Capps // McLaffyTaffy,"God damn it, I'm gonna get suckered into watching this garbage ""Sony Marvel"" Morbius movie just because it has Matt Smith in it, aren't I?",https://nitter.net/McLaffyTaffy/status/1504242941807706113#m,"God damn it, I'm gonna get suckered into watching this garbage ""Sony Marvel"" Morbius movie just because it has Matt Smith in it, aren't I?",1
Morbius,16 Mar 2022,@Pimander2,Pimander,Morbius’ Director ‘Got Scared’ for Method Actor Jared Leto During Intense Scene: ‘It Was a Bit Spooky’ (indiewire.com) xlegion.site/en-us/cinenews-…,https://nitter.net/Pimander2/status/1504242796944891904#m,Morbius’ Director ‘Got Scared’ for Method Actor Jared Leto During Intense Scene: ‘It Was a Bit Spooky’ (indiewire.com) xlegion.site/en-us/cinenews-…,0
Morbius,16 Mar 2022,@FrancoMai12,Franco Maidana,"Morbius va a durar 5 horas, literal voy a llevar mucha comida y como 3 gaseosas jaja",https://nitter.net/FrancoMai12/status/1504242361794183173#m,"Morbius is going to last 5 hours, literally I'm going to bring a lot of food and eat 3 sodas haha",0
Morbius,16 Mar 2022,@ivanperciballi,Ivan Perciballi,Morbius’ Director ‘Got Scared’ for Method Actor Jared Leto During Intense Scene: ‘It Was a Bit Spooky’ (indiewire.com) bit.ly/3u1sb5L,https://nitter.net/ivanperciballi/status/1504242231414300677#m,Morbius’ Director ‘Got Scared’ for Method Actor Jared Leto During Intense Scene: ‘It Was a Bit Spooky’ (indiewire.com) bit.ly/3u1sb5L,0
Morbius,16 Mar 2022,@EARTH_616_2013,Superior Spiders,Another error ( maybe I’m wrong ) but in the last issue Peter was with morbius misty and Colleen when Ben trapped them with the lizard but in todays issue peter was nowhere to be seen,https://nitter.net/EARTH_616_2013/status/1504242190431707140#m,Another error ( maybe I’m wrong ) but in the last issue Peter was with morbius misty and Colleen when Ben trapped them with the lizard but in todays issue peter was nowhere to be seen,0
Morbius,16 Mar 2022,@RuiToMars,₪ Rui Brandão ₪,"I read ""ECHELONLOCATION"" 🤣🧛‍♂️ #MORBIUS",https://nitter.net/RuiToMars/status/1504242042242846722#m,"I read ""ECHELONLOCATION"" 🤣🧛‍♂️ #MORBIUS",0
Morbius,16 Mar 2022,@uglyfishergirl,tdawg,exactly why i will not be watching morbius. 7 billion ppl in the world and they choose him for a new mcu character ???????,https://nitter.net/uglyfishergirl/status/1504242026736455682#m,exactly why i will not be watching morbius. 7 billion ppl in the world and they choose him for a new mcu character ???????,1
Morbius,16 Mar 2022,@_AmazingRichard,AmazingRichard🕊️🧣,Que grande Tío Morboso,https://nitter.net/_AmazingRichard/status/1504241658455592960#m,What a great Morbid Uncle,0
Morbius,16 Mar 2022,@_xlegion,xLegion Project,Morbius’ Director ‘Got Scared’ for Method Actor Jared Leto During Intense Scene: ‘It Was a Bit Spooky’ (indiewire.com) bit.ly/3u1sb5L,https://nitter.net/_xlegion/status/1504241649513336835#m,Morbius’ Director ‘Got Scared’ for Method Actor Jared Leto During Intense Scene: ‘It Was a Bit Spooky’ (indiewire.com) bit.ly/3u1sb5L,0
Morbius,16 Mar 2022,@whereisthebuzz,WHERE IS THE BUZZ,#Morbius,https://nitter.net/whereisthebuzz/status/1504241639753076738#m,#Morbius,0
Morbius,16 Mar 2022,@RaminSetoodeh,Ramin Setoodeh,"If you haven’t already done so, make sure you read @rebeccaarubin’s masterful profile of Jared Leto, who talks about #Morbius and #WeCrashed, his first TV series since ‘My So-Called Life.’ variety.com/2022/film/featur…",https://nitter.net/RaminSetoodeh/status/1504241547902169093#m,"If you haven’t already done so, make sure you read @rebeccaarubin’s masterful profile of Jared Leto, who talks about #Morbius and #WeCrashed, his first TV series since ‘My So-Called Life.’ variety.com/2022/film/featur…",0
Morbius,16 Mar 2022,@blondyyyyy,D.Man🍷,Morbius isn’t gonna be one of them💀,https://nitter.net/blondyyyyy/status/1504241520781705219#m,Morbius isn’t gonna be one of them💀,0
Morbius,16 Mar 2022,@bicokun,Horror Brew,"How does it feel, Morbius? It’s only artificial sunlight, but it’ll do the job!",https://nitter.net/bicokun/status/1504241507305463810#m,"How does it feel, Morbius? It’s only artificial sunlight, but it’ll do the job!",0
Morbius,16 Mar 2022,@Samvaldes80,Samuel Mty80,Que buen poster de #Morbius,https://nitter.net/Samvaldes80/status/1504241163007631366#m,What a great #Morbius poster,0
Morbius,16 Mar 2022,@panggilbroajaa,odoonnnn,gw ga senang sama morbius karna jadwal tayang diundur muluk,https://nitter.net/panggilbroajaa/status/1504240625868505088#m,I'm not happy with Morbius because the broadcast schedule has been pushed back a lot,0
Morbius,16 Mar 2022,@15minNews,15minutes News,Marvel a sauvé les salles de cinéma pour Jared Leto (Morbius) 15minutesnews.net/marvel-a-s…,https://nitter.net/15minNews/status/1504240450932199427#m,Marvel saved movie theaters for Jared Leto (Morbius) 15minutesnews.net/marvel-a-s…,0
Morbius,16 Mar 2022,@hqrshana,Drăculea 🇫🇴,Trop pressé pr Morbius,https://nitter.net/hqrshana/status/1504239805131108353#m,Too hurry for Morbius,0
Morbius,16 Mar 2022,@VENCOMICS_1,VENCOMICS by 🔥Fer🔥,Nuevo póster para #Morbius Parece que esta vez si viene en serio... Por favor no más retrasos... ¿Todavía la esperas?,https://nitter.net/VENCOMICS_1/status/1504239647790178311#m,New poster for #Morbius It seems that this time it is serious... Please no more delays... Are you still waiting for it?,0
Morbius,16 Mar 2022,@masroor_21,LIVE KICK Masroor21,YO FAM!! NEW MORBIUS GFUEL FLAVOR!!! Watch Please Like and Subscribe! LETS GOOOOOOO! #YouTube #YouTubers #Video piped.video/FS_Hiwzt1c8,https://nitter.net/masroor_21/status/1504239611123490818#m,YO FAM!! NEW MORBIUS GFUEL FLAVOR!!! Watch Please Like and Subscribe! LETS GOOOOOOO! #YouTube #YouTubers #Video piped.video/FS_Hiwzt1c8,0
Morbius,16 Mar 2022,@blaketolliver_,runnin up da chimney,"First, you are the joker and morbius so shut up. Second, some of these are actually incredible movies separate from being comic movies. Third, every award apart from effects is given to non comic movies so how is there no place for them? Fourth, shut up again.",https://nitter.net/blaketolliver_/status/1504239123200151552#m,"First, you are the joker and morbius so shut up. Second, some of these are actually incredible movies separate from being comic movies. Third, every award apart from effects is given to non comic movies so how is there no place for them? Fourth, shut up again.",1
Morbius,16 Mar 2022,@JJFONSEK09,TEAM R & J,amen amen ..el viernes comienza la pre-venta de morbius te paso ese dato calientico...,https://nitter.net/JJFONSEK09/status/1504238655996678152#m,"amen amen..morbius pre-sale begins on Friday, I'll give you that hot information...",0
Morbius,16 Mar 2022,@3cinematographe,Cinematographe.it,"cinematographe.it/news/jared… Jared Leto sta per vestire il ruolo dello spaventoso vampiro vivente Morbius nel film firmato Sony, ma tornerebbe mai nel ruolo di Joker per la DC?",https://nitter.net/3cinematographe/status/1504238596315926537#m,"cinematographe.it/news/jared… Jared Leto is about to take on the role of the scary living vampire Morbius in the Sony film, but would he ever return to the role of Joker for DC?",0
Morbius,16 Mar 2022,@CineGto,Cine+ Guanajuato,"Faltan solo DOS SEMANAS para que puedas ver #Morbius ¿Quién está list@ para la transformación? 30 de marzo, exclusivamente en cines ADQUIERE TUS BOLETOS EN TAQUILLA $50 🍿",https://nitter.net/CineGto/status/1504238287732498435#m,"There are only TWO WEEKS left until you can see #Morbius Who is ready for the transformation? March 30, exclusively in theaters GET YOUR TICKETS AT THE BOX OFFICE $50 🍿",0
Morbius,16 Mar 2022,@mosogynist,mohammad,This is funny considering nobody is gonna watch Morbius,https://nitter.net/mosogynist/status/1504237749821317122#m,This is funny considering nobody is gonna watch Morbius,1
Morbius,16 Mar 2022,@MOVIEDEATHBLOWS,MOVIEDEATHS,2 Brand New Posters for Morbius @MorbiusMovie #Marvel #Morbius,https://nitter.net/MOVIEDEATHBLOWS/status/1504237726639472644#m,2 Brand New Posters for Morbius @MorbiusMovie #Marvel #Morbius,0
Morbius,16 Mar 2022,@hydrothemc,I’m named after El Debarge,I used to think I’d give almost any Marvel movie a shot… the I saw the trailers for Morbius for the past year and I know for sure I have limits.,https://nitter.net/hydrothemc/status/1504237629436571651#m,I used to think I’d give almost any Marvel movie a shot… the I saw the trailers for Morbius for the past year and I know for sure I have limits.,1
Morbius,16 Mar 2022,@Stefan_2251,the bruh guy,Huh??? Dr. Strange will be good prob and Morbius is up to sony.,https://nitter.net/Stefan_2251/status/1504237220131131396#m,Huh??? Dr. Strange will be good prob and Morbius is up to sony.,0
Morbius,16 Mar 2022,@arautodc,A$∆P ARAUTO | DON'T BE DUMB 🇵🇸,Eu vou ver Morbius,https://nitter.net/arautodc/status/1504237198421499905#m,I'm going to see Morbius,1
Morbius,16 Mar 2022,@sempygetshis,Alex⚜️,"haha it really is. im just having fun but morbius will be on an mcu team tho, ill just leave it at that😎",https://nitter.net/sempygetshis/status/1504236939033067525#m,"haha it really is. im just having fun but morbius will be on an mcu team tho, ill just leave it at that😎",0
Morbius,17 Mar 2022,@_NovelaGrafica,Novelo 🇨🇴🍿,Nueeeevo videito ✨🎬 Alfombra roja de #Morbius con @JaredLeto y Adria Arjona Aquí: bit.ly/3JqH4VG,https://nitter.net/_NovelaGrafica/status/1504608317204803587#m,New video ✨🎬 #Morbius red carpet with @JaredLeto and Adria Arjona Here: bit.ly/3JqH4VG,0
Morbius,17 Mar 2022,@TheWriteUpSite,owen is a filmaholic,also it's not too late to delete the morbius movie off the face of the earth sony! there's still time!,https://nitter.net/TheWriteUpSite/status/1504607443451531268#m,also it's not too late to delete the morbius movie off the face of the earth sony! there's still time!,1
Morbius,17 Mar 2022,@Dhaiq4l,qawii,"Used to be excited to hit 30 march for marvel moon knight n Morbius, but this topik 2 change it now🥲",https://nitter.net/Dhaiq4l/status/1504607329404170256#m,"Used to be excited to hit 30 march for marvel moon knight n Morbius, but this topik 2 change it now🥲",0
Morbius,17 Mar 2022,@kevinthefilmguy,kevin,"Uhm I literally saw the early cut you're lying, I am a PA for Morbius and I saw Andrew Garfield on set for a shoot",https://nitter.net/kevinthefilmguy/status/1504607208054706178#m,"Uhm I literally saw the early cut you're lying, I am a PA for Morbius and I saw Andrew Garfield on set for a shoot",1
Morbius,17 Mar 2022,@TheWriteUpSite,owen is a filmaholic,"they showed the trailers for ambuLAnce and then right after, morbius. like can you at least WARN ME before blasting me with jake jigglehole and jared leto??? talk about a viOLATION.",https://nitter.net/TheWriteUpSite/status/1504607066123608067#m,"they showed the trailers for ambuLAnce and then right after, morbius. like can you at least WARN ME before blasting me with jake jigglehole and jared leto??? talk about a viOLATION.",0
Morbius,17 Mar 2022,@KingGhid0rahh,Not Joe,"Forgot they were making a Morbius movie, love that guy",https://nitter.net/KingGhid0rahh/status/1504606789161074696#m,"Forgot they were making a Morbius movie, love that guy",1
Morbius,17 Mar 2022,@SrTrujillanito,Trujillanito🇵🇪💛 29 VECES CAMPEÓN🏆,"Csmre, ahora mismo compro mis entradas. Esta película también la estuve esperando. Morbius tiene potencial.",https://nitter.net/SrTrujillanito/status/1504606232413360130#m,"Csmre, right now I buy my tickets. I've been waiting for this movie too. Morbius has potential.",0
Morbius,17 Mar 2022,@RPPNoticias,RPP Noticias,"🍿🎬 La preventa de entradas para ver 'Morbius', la película de Sony basada en personajes de Marvel, comenzó el 17 de marzo. rpp.pe/cine/cartelera/morbiu…",https://nitter.net/RPPNoticias/status/1504606011876904961#m,"🍿🎬 The pre-sale of tickets to see 'Morbius', the Sony film based on Marvel characters, began on March 17. rpp.pe/cine/cartelera/morbiu…",0
Morbius,17 Mar 2022,@Mimic_Tweets,Mimic Tweets,"Everything we’ve heard today is good news. They’re making a Morbius movie, ABOUT morbius. If you wanted something else that’s your fault your disappointed 😂🤷‍♂️",https://nitter.net/Mimic_Tweets/status/1504605902283943942#m,"Everything we’ve heard today is good news. They’re making a Morbius movie, ABOUT morbius. If you wanted something else that’s your fault your disappointed 😂🤷‍♂️",1
Morbius,17 Mar 2022,@prasajournal,Vaenarys Targaryen,Morbius 30 Maret. Oke cus ke bioskop,https://nitter.net/prasajournal/status/1504605775334846474#m,"Morbius March 30. OK, let's go to the cinema",0
Morbius,17 Mar 2022,@FandangoGrin,Festiveghoul,Morbius first movie to break trillion,https://nitter.net/FandangoGrin/status/1504605722222469122#m,Morbius first movie to break trillion,1
Morbius,17 Mar 2022,@GoodNerd23,Good Nerd,No bilheteria in Morbius,https://nitter.net/GoodNerd23/status/1504605696872128518#m,No box office in Morbius,1
Morbius,17 Mar 2022,@supermangeek101,Josh 💛 #Michael & #Supergirl #BlackLivesMatter,Watch Morbius be a surprise Box Office hit like Venom!,https://nitter.net/supermangeek101/status/1504605259917893636#m,Watch Morbius be a surprise Box Office hit like Venom!,0
Morbius,17 Mar 2022,@KiyyDumb,Kiyy ⛄️,I completely forgot Morbius existed,https://nitter.net/KiyyDumb/status/1504604311883501579#m,I completely forgot Morbius existed,1
Morbius,17 Mar 2022,@PizzaPocketGod2,PizzaPocketGod,"(If you saw nwh, you know why that’s towards Andrew) and on top of it all, morbius is a Spider-Man villain. I’m not hating on morbius, but I’m just saying from a release date standpoint and (what I think is) a “most fans opinion” stand point, morbius will probably sadly flop",https://nitter.net/PizzaPocketGod2/status/1504604037882261504#m,"(If you saw nwh, you know why that’s towards Andrew) and on top of it all, morbius is a Spider-Man villain. I’m not hating on morbius, but I’m just saying from a release date standpoint and (what I think is) a “most fans opinion” stand point, morbius will probably sadly flop",0
Morbius,17 Mar 2022,@mainchaaracter,who??,La semana que viene sale morbius aaaa 💗💗💗 me hace ilusión ver a Jared en el cine 😊,https://nitter.net/mainchaaracter/status/1504604012838019076#m,Morbius comes out next week aaaa 💗💗💗 I'm excited to see Jared in the movies 😊,0
Morbius,17 Mar 2022,@G4mersRD,Gamersrd.com,#Jared #Leto quiere una batalla entre #Venom y #Morbius gamersrd.com/jared-leto-quie…,https://nitter.net/G4mersRD/status/1504604011630112768#m,#Jared #Leto wants a battle between #Venom and #Morbius gamersrd.com/jared-leto-quie…,0
Morbius,17 Mar 2022,@Morbius_Fan1,Saint Chama 🗿,Lol,https://nitter.net/Morbius_Fan1/status/1504603667789492229#m,Lol,0
Morbius,17 Mar 2022,@PizzaPocketGod2,PizzaPocketGod,"Spider-Man isn’t in the movie. Now, he might be in the movie and we don’t know (people are lying about him not being in it) but I think lots and lots of people were hoping morbius could possibly set up TASM 3, and I get it. Andrews oscorp and a spray saying spideys a killer (1/?)",https://nitter.net/PizzaPocketGod2/status/1504603509072740355#m,"Spider-Man isn’t in the movie. Now, he might be in the movie and we don’t know (people are lying about him not being in it) but I think lots and lots of people were hoping morbius could possibly set up TASM 3, and I get it. Andrews oscorp and a spray saying spideys a killer (1/?)",1
Morbius,17 Mar 2022,@Morbius_Fan1,Saint Chama 🗿,Start Lebron bench Batman cut spider,https://nitter.net/Morbius_Fan1/status/1504603363538780160#m,Start Lebron bench Batman cut spider,0
Morbius,17 Mar 2022,@PizzaPocketGod2,PizzaPocketGod,"I think most people (and I say I think) were hyped for morbius due to the fact that it had cool CGI, it was a new character and that spiderman (most likely andrews or tobeys) were gonna appear in the movie. I’ve already seen lots of people start hating on morbius cuz (1/?)",https://nitter.net/PizzaPocketGod2/status/1504603121917562891#m,"I think most people (and I say I think) were hyped for morbius due to the fact that it had cool CGI, it was a new character and that spiderman (most likely andrews or tobeys) were gonna appear in the movie. I’ve already seen lots of people start hating on morbius cuz (1/?)",0
Morbius,17 Mar 2022,@mjisdone,MJ 💕,Sony is trying so hard to to make Morbius a hit but have underestimated my hate of Jared Leto,https://nitter.net/mjisdone/status/1504602885979529216#m,Sony is trying so hard to to make Morbius a hit but have underestimated my hate of Jared Leto,1
Morbius,17 Mar 2022,@Rebecca95022821,Becky Spring🤍,#HoodieGang. My favorite marvel character is morbius for sure,https://nitter.net/Rebecca95022821/status/1504602653883613191#m,#HoodieGang. My favorite marvel character is morbius for sure,0
Morbius,17 Mar 2022,@jinxtxiwi,ɥollɐnoʌ nb,mas ele não disse nada de morbius in spider-man hehe,https://nitter.net/jinxtxiwi/status/1504602391047548929#m,but he didn't say anything about morbius in spider-man hehe,0
Morbius,17 Mar 2022,@Silver_Comics11,Ryan,"Sony owns Spider-Woman, Scarlet Spider, Silk, and Spider Gwen, but they decided to make movies for Madame Web and Morbius.",https://nitter.net/Silver_Comics11/status/1504602317294903300#m,"Sony owns Spider-Woman, Scarlet Spider, Silk, and Spider Gwen, but they decided to make movies for Madame Web and Morbius.",0
Morbius,17 Mar 2022,@ItsDilweed,bomagranate🍇,Which means venom and morbius are officially part of doe verse (non Marvel/DC),https://nitter.net/ItsDilweed/status/1504602193717997575#m,Which means venom and morbius are officially part of doe verse (non Marvel/DC),0
Morbius,17 Mar 2022,@SCinecolon,Starlight CineColón,En solo 2 SEMANAS es el GRAN ESTRENO de #Morbius en #StarlightCinemaDigital ⭐ (Jueves 31/03),https://nitter.net/SCinecolon/status/1504602096812892160#m,In just 2 WEEKS is the BIG PREMIERE of #Morbius at #StarlightCinemaDigital ⭐ (Thursday 03/31),0
Morbius,17 Mar 2022,@PizzaPocketGod2,PizzaPocketGod,This has nothing to do with this tweet(kinda) but like Morbius is gonna flop. -releases 2 days after moon knight -sonic 2 releases the same weekend as morbius in UK and a week after in North America -supposedly no Spider-Man and the spidey spray from the trailer was removed 1/?,https://nitter.net/PizzaPocketGod2/status/1504601892491509761#m,This has nothing to do with this tweet(kinda) but like Morbius is gonna flop. -releases 2 days after moon knight -sonic 2 releases the same weekend as morbius in UK and a week after in North America -supposedly no Spider-Man and the spidey spray from the trailer was removed 1/?,0
Morbius,17 Mar 2022,@Morbius_Fan1,Saint Chama 🗿,Bill is the worst,https://nitter.net/Morbius_Fan1/status/1504601644381749249#m,Bill is the worst,0
Morbius,17 Mar 2022,@SM30968,Jinxer,That's why morbius will be cinema,https://nitter.net/SM30968/status/1504601389321924611#m,That's why morbius will be cinema,1
Morbius,17 Mar 2022,@Morbius_Fan1,Saint Chama 🗿,,https://nitter.net/Morbius_Fan1/status/1504601280987213825#m,,0
Morbius,17 Mar 2022,@IGN,IGN,The director of Morbius took some inspiration from... Pokémon? bit.ly/3tkre9s Guess the Living Vampire is a dark type.,https://nitter.net/IGN/status/1504601229472804867#m,The director of Morbius took some inspiration from... Pokémon? bit.ly/3tkre9s Guess the Living Vampire is a dark type.,1
Morbius,17 Mar 2022,@Emais_Estadao,E+Estadão,Intérprete de ‘Morbius' revelou preocupações com a indústria cinematográfica bit.ly/3u8CHYN,https://nitter.net/Emais_Estadao/status/1504600754744709125#m,'Morbius' performer revealed concerns about the film industry bit.ly/3u8CHYN,0
Morbius,17 Mar 2022,@farhan__mehmood,Farhan 🇬🇧,No my time to shine said spider-man isnt in morbius,https://nitter.net/farhan__mehmood/status/1504600391941603336#m,No my time to shine said spider-man isnt in morbius,0
Morbius,17 Mar 2022,@riahebden,TV Presenter Ria Hebden,"Watch @lorraine Friday from 9am on @ITV to hear my EXCLUSIVE interview with award-winning actor, @JaredLeto as we talk about his brilliant new @AppleTV series #WeCrashed which stars #AnneHathaway Plus, we discuss his new @MarvelStudios movie #Morbius #lorraine #EntertainmentNews",https://nitter.net/riahebden/status/1504600067763748868#m,"Watch @lorraine Friday from 9am on @ITV to hear my EXCLUSIVE interview with award-winning actor, @JaredLeto as we talk about his brilliant new @AppleTV series #WeCrashed which stars #AnneHathaway Plus, we discuss his new @MarvelStudios movie #Morbius #lorraine #EntertainmentNews",1
Morbius,17 Mar 2022,@ZekeGonZaldi,Ezequiel Gonzalez-Ansaldi 🇦🇷,No spidey in morbius? Missed opportunity,https://nitter.net/ZekeGonZaldi/status/1504599967809351680#m,No spidey in morbius? Missed opportunity,0
Morbius,17 Mar 2022,@nerdist,Nerdist,"From Dracula to Blade to Morbius, here is how vampirism works in the Marvel Universe, and how it could work in the MCU. trib.al/G9Gjfkv",https://nitter.net/nerdist/status/1504599511653621771#m,"From Dracula to Blade to Morbius, here is how vampirism works in the Marvel Universe, and how it could work in the MCU. trib.al/G9Gjfkv",0
Morbius,18 Mar 2022,@Supernatural361,Supernatural,Sony's Daily Bugle TikTok Video Sets Up Jared Leto's Morbius - Screen Rant dlvr.it/SLycvP,https://nitter.net/Supernatural361/status/1504970667455787012#m,Sony's Daily Bugle TikTok Video Sets Up Jared Leto's Morbius - Screen Rant dlvr.it/SLycvP,0
Morbius,18 Mar 2022,@A_J_Roberts,A.J. Roberts,I think the Morbius movie looks neat. #Morbius,https://nitter.net/A_J_Roberts/status/1504970534135767044#m,I think the Morbius movie looks neat. #Morbius,1
Morbius,18 Mar 2022,@GCentralChile,Geek Central Chile,Radar Geek || Tu ración ñoña de la semana || ¡¡Hoy Sorteo para Morbius!! #noticias #videojuegos #cine #series twitch.tv/geek_central_chile,https://nitter.net/GCentralChile/status/1504969659078123523#m,Radar Geek || Your nerdy portion of the week || Today Giveaway for Morbius!! #news #videogames #cinema #series twitch.tv/geek_central_chile,0
Morbius,18 Mar 2022,@luzzm__,CAMPEONES,estan haciendo preventa para morbius 🤌🏻🤌🏻,https://nitter.net/luzzm__/status/1504968615287656453#m,They are doing pre-sales for Morbius 🤌🏻🤌🏻,0
Morbius,18 Mar 2022,@entimalommek,Amir Karara’s Mustache,lmao I didn’t see that typo Morbius 🫠,https://nitter.net/entimalommek/status/1504968070086987777#m,lmao I didn’t see that typo Morbius 🫠,0
Morbius,18 Mar 2022,@wiseguy_such,Sachin Kumar,Morbius seems like it’s actually based off of Jared Letos weird ass,https://nitter.net/wiseguy_such/status/1504968008158134278#m,Morbius seems like it’s actually based off of Jared Letos weird ass,0
Morbius,18 Mar 2022,@ToneyT30,TONEY ROBINSON,Morbius might be the best movie of the year 👀👀👀👀👀👀,https://nitter.net/ToneyT30/status/1504967938389983234#m,Morbius might be the best movie of the year 👀👀👀👀👀👀,1
Morbius,18 Mar 2022,@JuanCamiloPC25,JuanCamilo,Quien para ir al estreno de Morbius ?,https://nitter.net/JuanCamiloPC25/status/1504967763252903938#m,Who to go to the premiere of Morbius?,0
Morbius,18 Mar 2022,@_JeremyWrites,Jeremy,"Ehhhh, personally dislike Spider Man 3, TASM 1 and 2, Both Venoms and Morbius is low expectations.",https://nitter.net/_JeremyWrites/status/1504967286549106698#m,"Ehhhh, personally dislike Spider Man 3, TASM 1 and 2, Both Venoms and Morbius is low expectations.",0
Morbius,18 Mar 2022,@misitis,Eje del mal,"Solo iba a ver Morbius para ver si salía algún spiderman, pero ya que confirmaron que no, qué hueva. Si quisiera ver una película de flojera cuyo protagonista es un vampiro vería Batman otra vez.",https://nitter.net/misitis/status/1504966972634812418#m,"I was only going to see Morbius to see if any Spider-Man came out, but since they confirmed that it wasn't, what a bummer. If I wanted to see a lazy movie whose protagonist is a vampire I would watch Batman again.",0
Morbius,18 Mar 2022,@marlasuarezzz,chinita,aush🤣🤣🤣,https://nitter.net/marlasuarezzz/status/1504966872990638083#m,aush🤣🤣🤣,0
Morbius,18 Mar 2022,@Dantezuelo87,Dantes ⭐⭐⭐,"Aparece en Morbius y en la escena post créditos anuncian la película. Es una teoría? No, lo estoy manifestando y así sucederá",https://nitter.net/Dantezuelo87/status/1504966788991565826#m,"It appears in Morbius and in the post-credits scene they announce the film. Is it a theory? No, I am manifesting it and so it will happen",0
Morbius,18 Mar 2022,@DustinGenereux,Dustin Genereux,I have zero expectations of Morbius being remotely a good movie.,https://nitter.net/DustinGenereux/status/1504966475945193473#m,I have zero expectations of Morbius being remotely a good movie.,1
Morbius,18 Mar 2022,@FouadNammour,Fouad Nammour,Y’all…..I thought we got lucky to see Matt Smith in starwars but now he’s in the new Marvel movie Morbius 😭. Who’s watching with me #DRWHO #IYKYK,https://nitter.net/FouadNammour/status/1504966409725657091#m,Y’all…..I thought we got lucky to see Matt Smith in starwars but now he’s in the new Marvel movie Morbius 😭. Who’s watching with me #DRWHO #IYKYK,1
Morbius,18 Mar 2022,@vain621,BD,cool #Konix #Morbius j'invite @BonnieDugimont merci .,https://nitter.net/vain621/status/1504966100651548677#m,cool #Konix #Morbius j'invite @BonnieDugimont merci .,0
Morbius,18 Mar 2022,@lil_pusss,Lil Puss Big Laff,marvel got all the minorities and women out of the way in eternals so they could turn around and cast #1 perv jared leto as morbius,https://nitter.net/lil_pusss/status/1504965185131319299#m,marvel got all the minorities and women out of the way in eternals so they could turn around and cast #1 perv jared leto as morbius,1
Morbius,18 Mar 2022,@__LaMafia,☢️,🥵,https://nitter.net/__LaMafia/status/1504965147722461192#m,,0
Morbius,18 Mar 2022,@Zeusarito,Sesaru D. Gurajide (reescalado),Pides respetar y enseguida insultas?? Jajaja.. Que graciosos son los vírgenes.,https://nitter.net/Zeusarito/status/1504965035050815496#m,You ask for respect and then you insult? Hahaha.. How funny are virgins.,0
Morbius,18 Mar 2022,@chris_lucca,Chris Lucca,Tomara que tenha algo dele em Morbius,https://nitter.net/chris_lucca/status/1504963567006756871#m,I hope there's something of him in Morbius,0
Morbius,18 Mar 2022,@EdwinArnaudin,Edwin Arnaudin,Fitting that MORBIUS opens April 1. Feels like a prank.,https://nitter.net/EdwinArnaudin/status/1504963377273126912#m,Fitting that MORBIUS opens April 1. Feels like a prank.,0
Morbius,18 Mar 2022,@ReasonsImBroke,Reasons I'm Broke 🗞️ News & Reviews,"I'm watching a #MORBIUS film over a Batman one. That's how badly Toby Emmerich, Walter Hamada and crew screwed up DC, @Discovery. @ATT #RestoreTheSnyderVerse #MakeTheBatfleckMovie",https://nitter.net/ReasonsImBroke/status/1504963376564346880#m,"I'm watching a #MORBIUS film over a Batman one. That's how badly Toby Emmerich, Walter Hamada and crew screwed up DC, @Discovery. @ATT #RestoreTheSnyderVerse #MakeTheBatfleckMovie",1
Morbius,18 Mar 2022,@moviesw_andy,Movies W/ Andy,Could we see another Spider-Man appearance from Tom Holland? Or maybe it might be another Spider-Man .... #SpiderMan #Morbius #JaredLeto #TomHolland,https://nitter.net/moviesw_andy/status/1504963371279560714#m,Could we see another Spider-Man appearance from Tom Holland? Or maybe it might be another Spider-Man .... #SpiderMan #Morbius #JaredLeto #TomHolland,0
Morbius,18 Mar 2022,@RagnaChibi,"Ragna, el Licántropo Chibi","Respecto al primer tweet, si vuelve Buitre también podría volver Shocker, esta vez con un traje completo. Y Escorpión. Realmente tienen varias cartas en la manga con la gente encerrada en prisión. A ver que se están montando con Keaton en Morbius.",https://nitter.net/RagnaChibi/status/1504963214970437638#m,"Regarding the first tweet, if Buitre returns, Shocker could also return, this time with a full suit. And Scorpio. They really have several cards up their sleeve with people locked up in prison. Let's see what they're doing with Keaton in Morbius.",0
Morbius,18 Mar 2022,@CinematicTende1,Cinematic Tendency,BAM! #Morbius #moviegoer #cinematictendency #onlyintheaters,https://nitter.net/CinematicTende1/status/1504962998951194625#m,BAM! #Morbius #moviegoer #cinematictendency #onlyintheaters,0
Morbius,18 Mar 2022,@cof_cof283,funny name 🔞,"Bueno, Morbius ahora puede stunear enemigos.",https://nitter.net/cof_cof283/status/1504962853031325698#m,"Well, Morbius can now stun enemies.",0
Morbius,18 Mar 2022,@EthanKleinman,Ethan Kleinman,New Mutants? Black Panther 2? Morbius? Yeah Marvel have definitely delayed some of thier movies a year back at least.,https://nitter.net/EthanKleinman/status/1504962727952924681#m,New Mutants? Black Panther 2? Morbius? Yeah Marvel have definitely delayed some of thier movies a year back at least.,0
Morbius,18 Mar 2022,@karenigrc,ᴗ̈,Ya quiero que salga Morbius!,https://nitter.net/karenigrc/status/1504961965428518925#m,I already want Morbius to come out!,1
Morbius,18 Mar 2022,@keldeo1568,🤍Scott🌻,If I have to watch that morbius ad ONE MORE FUCKING TIME,https://nitter.net/keldeo1568/status/1504961202539180035#m,If I have to watch that morbius ad ONE MORE FUCKING TIME,0
Morbius,18 Mar 2022,@CinemasNic,CINEMAS,"#Morbius, en Cinemas el 31 de marzo, comprá tu boleto en preventa ya mismo en bit.ly/3MorbiusCinemas 💀🍿 #NosApasiona",https://nitter.net/CinemasNic/status/1504960842059563010#m,"#Morbius, in Cinemas on March 31, buy your pre-sale ticket right now at bit.ly/3MorbiusCinemas 💀🍿 #NosApasiona",0
Morbius,18 Mar 2022,@Depre_Art,Max,Se a @SonyPicturesBr responder esse tweet eu faço uma arte incrivel do Morbius ein 😳👀,https://nitter.net/Depre_Art/status/1504960598727184386#m,"If @SonyPicturesBr responds to this tweet I'll make incredible Morbius art, eh 😳👀",0
Morbius,18 Mar 2022,@MrcioSou,Márcio Souza #MakeTASM3,Eu tô na esperança de uma aparição do homem aranha em Morbius,https://nitter.net/MrcioSou/status/1504960529571491843#m,I'm hoping for a Spider-Man appearance in Morbius,0
Morbius,18 Mar 2022,@sara_freeman1,Sara,Wait a second now Matt Smith in Morbius!?,https://nitter.net/sara_freeman1/status/1504957572830441473#m,Wait a second now Matt Smith in Morbius!?,0
Morbius,18 Mar 2022,@katanacunt,sequoia 🎱,why did anyone think spider-man was really gonna show up in morbius… it’s literally a origin movie… about morbius,https://nitter.net/katanacunt/status/1504957494002700289#m,why did anyone think spider-man was really gonna show up in morbius… it’s literally a origin movie… about morbius,1
Morbius,18 Mar 2022,@DRObe_LOWkey,IG: BillyDroSoze,Ion know bruh I kinda want it. Morbius Kraven in marvel??? In the same movie possibly I’d lose my shit.,https://nitter.net/DRObe_LOWkey/status/1504957248514179076#m,Ion know bruh I kinda want it. Morbius Kraven in marvel??? In the same movie possibly I’d lose my shit.,1
Morbius,18 Mar 2022,@bigwakeupcall,Ryan Gatenby,"On this week's all new episode, @BillMcSciFi & I discuss mansplaining, Morbius the method actor, Moon Knight man boobs and more! buzzsprout.com/1886680/10276…",https://nitter.net/bigwakeupcall/status/1504956563408269313#m,"On this week's all new episode, @BillMcSciFi & I discuss mansplaining, Morbius the method actor, Moon Knight man boobs and more! buzzsprout.com/1886680/10276…",1
Morbius,18 Mar 2022,@allancruz77,Allan Cruz,Felicidades man 🙌 A estrenarlo para Morbius 🥴,https://nitter.net/allancruz77/status/1504956483800293383#m,Congratulations man 🙌 Let's release it for Morbius 🥴,0
Morbius,18 Mar 2022,@GOMovieNews,GO! Movies,The Untold Truth Of The Morbius Movie dlvr.it/SLyWt0 #movies #boxoffice,https://nitter.net/GOMovieNews/status/1504956449738276865#m,The Untold Truth Of The Morbius Movie dlvr.it/SLyWt0 #movies #boxoffice,1
Morbius,19 Mar 2022,@cinepop,CinePOP,Diretor CONFIRMA que Homem-Aranha faz parte do universo de 'Morbius' - cinepop.com.br/diretor-confi…,https://nitter.net/cinepop/status/1505332784252002304#m,Director CONFIRMS that Spider-Man is part of the 'Morbius' universe - cinepop.com.br/dir-confi…,0
Morbius,19 Mar 2022,@thaliapolo_,🖤📌,papi dame con la cañandongaa 😂,https://nitter.net/thaliapolo_/status/1505332740220235781#m,daddy give me the canandongaa 😂,0
Morbius,19 Mar 2022,@fairy_of_oz,✨Mariana✨,"Minha mãe agora, ""eu vi na TV que o filme do cara lá que vc gosta, vai estrear dia 31"". Finalmente, né mãe, Morbius vem aí!",https://nitter.net/fairy_of_oz/status/1505332370362277892#m,"My mother now, ""I saw on TV that the movie about the guy you like is coming out on the 31st."" Finally, right mom, Morbius is coming!",0
Morbius,19 Mar 2022,@thaliapolo_,🖤📌,"si se, es la canción de la cañandonga, pero que tiene que ver eso con el Twitt 😂😂",https://nitter.net/thaliapolo_/status/1505332270453907457#m,"Yes, I know, it's the song of the Cañandonga, but what does that have to do with Twitter 😂😂",0
Morbius,19 Mar 2022,@ZyiteGadgets,Zyite (E-Scooters World),Jared Leto Teases Morbius as Friend or Foe for Tom Holland's Spider-Man dlvr.it/SM18TP,https://nitter.net/ZyiteGadgets/status/1505332175683547137#m,Jared Leto Teases Morbius as Friend or Foe for Tom Holland's Spider-Man dlvr.it/SM18TP,0
Morbius,19 Mar 2022,@thaliapolo_,🖤📌,pero y esoo,https://nitter.net/thaliapolo_/status/1505331556453425161#m,but and that,0
Morbius,19 Mar 2022,@empatheticcain,🦇C A S S🦇,((me when Morbius flops because Sonic and people who haven't seen Batman/seeing it for the 40th time:,https://nitter.net/empatheticcain/status/1505331249686138887#m,((me when Morbius flops because Sonic and people who haven't seen Batman/seeing it for the 40th time:,0
Morbius,19 Mar 2022,@ComicBook,ComicBook.com,Jared Leto teases Marvel anti-hero #Morbius as friend or foe for Tom Holland's #SpiderMan: comicbook.com/movies/news/ja…,https://nitter.net/ComicBook/status/1505330979870687232#m,Jared Leto teases Marvel anti-hero #Morbius as friend or foe for Tom Holland's #SpiderMan: comicbook.com/movies/news/ja…,0
Morbius,19 Mar 2022,@themonsterman23,themonsterman332,can it compete with #Morbius #morbiussweep #Morbus4Oscar #StanJaredLeto is the real question,https://nitter.net/themonsterman23/status/1505329942212808704#m,can it compete with #Morbius #morbiussweep #Morbus4Oscar #StanJaredLeto is the real question,0
Morbius,19 Mar 2022,@TerrellThaddie1,Terrell Thaddies,It's definitely an Easter egg because This is Morbius origin story,https://nitter.net/TerrellThaddie1/status/1505329904174481410#m,It's definitely an Easter egg because This is Morbius origin story,0
Morbius,19 Mar 2022,@ComicsCollecti4,Comics Collectibles,FEAR #30 CGC 9.6 🔑🔥 Morbius the Living Vampire WHITE could be 9.8 see pics ebay.com/itm/255444746383?ha… eBay,https://nitter.net/ComicsCollecti4/status/1505329661563195396#m,FEAR #30 CGC 9.6 🔑🔥 Morbius the Living Vampire WHITE could be 9.8 see pics ebay.com/itm/255444746383?ha… eBay,0
Morbius,19 Mar 2022,@lalola_8,LALOLA,A ver... En Abril se estrena #Morbius y #thenorthman y yo estoy tal que así...,https://nitter.net/lalola_8/status/1505329617229467649#m,Let's see... #Morbius and #thenorthman are released in April and I'm like this...,0
Morbius,19 Mar 2022,@_Spidi_10,Spidi,Es morbius,https://nitter.net/_Spidi_10/status/1505329309786984449#m,It's morbius,1
Morbius,19 Mar 2022,@SpiderMan_Newz,Spider-Man News,I'm Still gonna watch morbius though,https://nitter.net/SpiderMan_Newz/status/1505329075371778049#m,I'm Still gonna watch morbius though,1
Morbius,19 Mar 2022,@florigoaway,flori,"i thoguht it was him in the new movie morbius but I get that, he's kind of scary looking",https://nitter.net/florigoaway/status/1505328982337765381#m,"i thoguht it was him in the new movie morbius but I get that, he's kind of scary looking",1
Morbius,19 Mar 2022,@LRTendencias,Entretenimiento La República,"#VIDEO | #MoonKnight, #Morbius y más antihéroes: 13 grandes personajes de series y películas basados en cómics Los antihéroes muchas veces se roban el show y miradas de los fans por ser tan humanos (por sus defectos) como nosotros mismos Por @carlomar larepublica.pe/cine-series/2…",https://nitter.net/LRTendencias/status/1505328495311867908#m,"#VIDEO | #MoonKnight, #Morbius and more antiheroes: 13 great characters from series and movies based on comics Antiheroes often steal the show and fans' gaze for being as human (due to their flaws) as ourselves By @carlomar larepublica.pe/cine-series/2…",0
Morbius,19 Mar 2022,@somerrrs,k∀m✣,the morbius hype was dead on arrival,https://nitter.net/somerrrs/status/1505328250012278785#m,the morbius hype was dead on arrival,1
Morbius,19 Mar 2022,@fadelalturki,Drakander,"Crunchyroll is distributing JJK 0 in non-Japanese theaters, right? Great news for Sony Pictures all around. Crunchyroll has so much growth potential in many different areas. I am optimistic for Morbius as well. Cinemas and game retailers have aligned closer to Sony, thankfully",https://nitter.net/fadelalturki/status/1505328220727611395#m,"Crunchyroll is distributing JJK 0 in non-Japanese theaters, right? Great news for Sony Pictures all around. Crunchyroll has so much growth potential in many different areas. I am optimistic for Morbius as well. Cinemas and game retailers have aligned closer to Sony, thankfully",0
Morbius,19 Mar 2022,@rndilu_,19k,"Batman, Jujutsu Kaisen, Morbius... en gros le thème du mois de mars c'est claqué son argent au ciné?",https://nitter.net/rndilu_/status/1505327570946043905#m,"Batman, Jujutsu Kaisen, Morbius... basically the theme for the month of March is it blowing your money at the movies?",0
Morbius,19 Mar 2022,@L4VAGRL,ฅ^•ﻌ•^ฅ,Had no plans to watch Morbius but MATT SMITH IS IN IT BICTSHZBAHXHSN,https://nitter.net/L4VAGRL/status/1505326384381632516#m,Had no plans to watch Morbius but MATT SMITH IS IN IT BICTSHZBAHXHSN,0
Morbius,19 Mar 2022,@Warrior9983,ChristopherBrekke - RIP Toriyama,Funny. And no one said it was the same as Morbius,https://nitter.net/Warrior9983/status/1505325988757999620#m,Funny. And no one said it was the same as Morbius,0
Morbius,19 Mar 2022,@TerrellThaddie1,Terrell Thaddies,The streets saying that the Morbius movie ain't really that good🤣🤣🤣,https://nitter.net/TerrellThaddie1/status/1505325835712184320#m,The streets saying that the Morbius movie ain't really that good🤣🤣🤣,0
Morbius,19 Mar 2022,@david_arogunjo,Arogunjo Temiloluwa David,"A new #Marvel legend arrives. #Morbius played by Jared Leto hits theaters on April 1. Experience the fear, action and thrills in IMAX . . Edits: Saiful Creation",https://nitter.net/david_arogunjo/status/1505325768171298817#m,"A new #Marvel legend arrives. #Morbius played by Jared Leto hits theaters on April 1. Experience the fear, action and thrills in IMAX . . Edits: Saiful Creation",0
Morbius,19 Mar 2022,@Darkshadow1555,Ahmed Khouja,"Yeah, really great legs. 150M may be in the cards. JK 0 had a great opening too. Sony Pictures keeps on winning. I am optimistic for Morbius. It will have tough competition but based on the early projections it will do well.",https://nitter.net/Darkshadow1555/status/1505325756678909954#m,"Yeah, really great legs. 150M may be in the cards. JK 0 had a great opening too. Sony Pictures keeps on winning. I am optimistic for Morbius. It will have tough competition but based on the early projections it will do well.",1
Morbius,19 Mar 2022,@2AMARIEE4,𑁍 ᴀsʜʟᴇʏ ᴍᴀʀɪᴇ ʀᴏᴅʀɪɢᴜᴇᴢ 𑁍,So ready for #Morbius to come out. Definitely doing a date night to see that one.,https://nitter.net/2AMARIEE4/status/1505324997883084800#m,So ready for #Morbius to come out. Definitely doing a date night to see that one.,0
Morbius,19 Mar 2022,@yacyacMarvel,Yac 🕷,Et si la scène post-generique de Morbius n'était pas une apparition de spider-man mais celle plutôt de Venom 🤔,https://nitter.net/yacyacMarvel/status/1505324702448992258#m,What if the post-credits scene of Morbius was not an appearance of Spider-Man but rather that of Venom 🤔,0
Morbius,19 Mar 2022,@Joaquin_T19,Joaquín,#Morbius es tendencia.,https://nitter.net/Joaquin_T19/status/1505324653216247811#m,#Morbius is trending.,0
Morbius,19 Mar 2022,@MidnightSNews,Midnight Sons News,"Os filhos da Meia-Noite é um grupo de heróis sobrenaturais dos quadrinhos formado originalmente pelos Espíritos de Vingança (Ketch e Blaze), Morbius, Blade e os Nightstalkers, Frank Drake e Hannibal King reunidos pelo próprio Doutor Estranho.",https://nitter.net/MidnightSNews/status/1505323814275760134#m,"Midnight's Children is a group of supernatural comic book heroes originally formed by the Spirits of Vengeance (Ketch and Blaze), Morbius, Blade and the Nightstalkers, Frank Drake and Hannibal King brought together by Doctor Strange himself.",0
Morbius,19 Mar 2022,@nmyhnrmn,filha do alessandro michele,quero assistir morbius so isso,https://nitter.net/nmyhnrmn/status/1505323702669524995#m,I want to watch Morbius that's all,1
Morbius,19 Mar 2022,@nalyd14,Clown Prince of Cleveland,This new Jared Leto role where he plays a blood sucking ghoulish monster looks pretty interesting Morbius looks interesting as well,https://nitter.net/nalyd14/status/1505323532150005763#m,This new Jared Leto role where he plays a blood sucking ghoulish monster looks pretty interesting Morbius looks interesting as well,0
Morbius,19 Mar 2022,@Sovereign_Veil,UNCONQUERABLE👑,I hope Morbius doesn’t disappoint,https://nitter.net/Sovereign_Veil/status/1505323448406528000#m,I hope Morbius doesn’t disappoint,1
Morbius,19 Mar 2022,@psicopelirrizza,psicopelirrizza,Vale vale😂🤝,https://nitter.net/psicopelirrizza/status/1505323305347256322#m,Okay okay😂🤝,0
Morbius,19 Mar 2022,@Sovereign_Veil,UNCONQUERABLE👑,Wondering if I should buy these #Morbius tickets in advance 🤔,https://nitter.net/Sovereign_Veil/status/1505323033266900995#m,Wondering if I should buy these #Morbius tickets in advance 🤔,0
Morbius,19 Mar 2022,@psicopelirrizza,psicopelirrizza,😳oiga m respeta q soy casada señor,https://nitter.net/psicopelirrizza/status/1505322950702022657#m,"Hey, I respect that I am married, sir.",0
Morbius,19 Mar 2022,@Edify_U,Edward 🇺🇦,What if Morbius ends up being a really good film?,https://nitter.net/Edify_U/status/1505322788680310788#m,What if Morbius ends up being a really good film?,1
Morbius,19 Mar 2022,@MCUAssemblee,MCUAssemble,Director #DanielEspinosa reveals that #SpiderMan exists in #Morbius’ universe. mcuassemble.com/spider-man-e…,https://nitter.net/MCUAssemblee/status/1505322542877270017#m,Director #DanielEspinosa reveals that #SpiderMan exists in #Morbius’ universe. mcuassemble.com/spider-man-e…,0
Morbius,19 Mar 2022,@JesseAceJr,Jesse Harrison,"Naturally morbius, or punisher.",https://nitter.net/JesseAceJr/status/1505322280741748748#m,"Naturally morbius, or punisher.",1
Morbius,20 Mar 2022,@midn1ghthxrrxr,🦴boo🦇,the trailer for morbius took the breath out of my lungs,https://nitter.net/midn1ghthxrrxr/status/1505695640650670083#m,the trailer for morbius took the breath out of my lungs,0
Morbius,20 Mar 2022,@unoffmovies,Unofficial Movies™️,Jared Leto wants Morbius to crossover with Tom Hardy's Venom in the future,https://nitter.net/unoffmovies/status/1505694476978855937#m,Jared Leto wants Morbius to crossover with Tom Hardy's Venom in the future,0
Morbius,20 Mar 2022,@ZackSparkz,Zack Sparkz,Wait morbius actually came out!?!?????? I thought it would release late this year 💀💀💀,https://nitter.net/ZackSparkz/status/1505693992834510849#m,Wait morbius actually came out!?!?????? I thought it would release late this year 💀💀💀,0
Morbius,20 Mar 2022,@61lb3rt0,Luis Gilberto 🎧,#Morbius @JaredLeto Esperando con ansias,https://nitter.net/61lb3rt0/status/1505693907446861825#m,#Morbius @JaredLeto Looking forward to it,0
Morbius,20 Mar 2022,@imalvarado323,Mr A,$200 million Morbius dollar movie,https://nitter.net/imalvarado323/status/1505693670854598656#m,$200 million Morbius dollar movie,1
Morbius,20 Mar 2022,@its_vulkann,#1 Hypno-Hustler facts!,MORBIUS BUS,https://nitter.net/its_vulkann/status/1505692398482968577#m,MORBIUS BUS,1
Morbius,20 Mar 2022,@dunforgiven,Marc Valencerina,"The movie is out but for those who don't know how Morbius really looks like in the comics, this is a very good reference art 🔥",https://nitter.net/dunforgiven/status/1505691958299090949#m,"The movie is out but for those who don't know how Morbius really looks like in the comics, this is a very good reference art 🔥",1
Morbius,20 Mar 2022,@ChronostonEras,Eras,15 Morbius,https://nitter.net/ChronostonEras/status/1505691875478548483#m,15 Morbius,0
Morbius,20 Mar 2022,@CoolComicArt,Cool Comic Art,Morbius : The Living Vampire (2013) cover by Gabrielle Dell’Otto,https://nitter.net/CoolComicArt/status/1505691710780678146#m,Morbius : The Living Vampire (2013) cover by Gabrielle Dell’Otto,0
Morbius,20 Mar 2022,@CoolComicArt,Cool Comic Art,Morbius : The Living Vampire (2013) cover by Ed McGuinness @ed_mcguinness w/ @martegracia,https://nitter.net/CoolComicArt/status/1505691368852627458#m,Morbius : The Living Vampire (2013) cover by Ed McGuinness @ed_mcguinness w/ @martegracia,0
Morbius,20 Mar 2022,@DuyanahAbu,Abu Duyanah محمد,🤣🤣🤣,https://nitter.net/DuyanahAbu/status/1505688760444407809#m,,0
Morbius,20 Mar 2022,@M_98p,〽️,Dw skip Batman and just watch Morbius,https://nitter.net/M_98p/status/1505688728387342336#m,Dw skip Batman and just watch Morbius,0
Morbius,20 Mar 2022,@ItsDilweed,bomagranate🍇,"I'm talking about 15 years of pain and suffering where avi ruined Spider-Man 3, ASM series, Venom, and Morbius.",https://nitter.net/ItsDilweed/status/1505688532912062465#m,"I'm talking about 15 years of pain and suffering where avi ruined Spider-Man 3, ASM series, Venom, and Morbius.",1
Morbius,20 Mar 2022,@ezlkill,Zack the worlds forgotten zombie boy,Just to be clear as a kid I had the entire run of Morbius the living vampire read the entire Midnight Suns crossover I’m a fan & that silly shit just angers me,https://nitter.net/ezlkill/status/1505688462162382858#m,Just to be clear as a kid I had the entire run of Morbius the living vampire read the entire Midnight Suns crossover I’m a fan & that silly shit just angers me,0
Morbius,20 Mar 2022,@Daily_Express,Daily Express,"Morbius universe has Spider-Man, Iron Man and Fantastic Four variants confirms director express.co.uk/entertainment/… #Morbius #SpiderMan",https://nitter.net/Daily_Express/status/1505687882920386563#m,"Morbius universe has Spider-Man, Iron Man and Fantastic Four variants confirms director express.co.uk/entertainment/… #Morbius #SpiderMan",0
Morbius,20 Mar 2022,@Mar_Tesseract,Marvel Tesseract,Did you know? Dr. Morbius’ name can be seen in the Oscorp archives Harry Osborn looks through in The Amazing Spider-Man 2 #Morbius,https://nitter.net/Mar_Tesseract/status/1505687464333221893#m,Did you know? Dr. Morbius’ name can be seen in the Oscorp archives Harry Osborn looks through in The Amazing Spider-Man 2 #Morbius,0
Morbius,20 Mar 2022,@XoxChikki,Chikki💋,"🤣🤣🤣Hol’up, @JaredLeto could have dressed as Michael Morbius, Adam Neumann, even Vitaly but got caught trying to go incognito as himself!! 🧔🏻‍♀️=🐐",https://nitter.net/XoxChikki/status/1505687314856620035#m,"🤣🤣🤣Hol’up, @JaredLeto could have dressed as Michael Morbius, Adam Neumann, even Vitaly but got caught trying to go incognito as himself!! 🧔🏻‍♀️=🐐",0
Morbius,20 Mar 2022,@ASAMUELFEATURE,Alex S. Samuel,"@NateBrail In reference too Comic book article inquiry. Who would you like to see @JaredLeto crossover with...? As a MARVEL fan for 44 years, ""BLADE (@wesleysnipes) ,"" in conjunction with Spider-Man pursuing Morbius would be cinematic ideal! And, with a Halloween release date!",https://nitter.net/ASAMUELFEATURE/status/1505686895157727241#m,"@NateBrail In reference too Comic book article inquiry. Who would you like to see @JaredLeto crossover with...? As a MARVEL fan for 44 years, ""BLADE (@wesleysnipes) ,"" in conjunction with Spider-Man pursuing Morbius would be cinematic ideal! And, with a Halloween release date!",0
Morbius,20 Mar 2022,@soultastik,nigga of god,"Morbius looks so bad, and not in a good way",https://nitter.net/soultastik/status/1505686769093820421#m,"Morbius looks so bad, and not in a good way",1
Morbius,20 Mar 2022,@morbius_sire,Xhalax Sevatarion Grimnar,"This time last year I was sat in a hospital room on an absorbent pad, in for a long night of not sleeping and giving my Partner-In-Crime stink eye for falling asleep so easily and snoring.",https://nitter.net/morbius_sire/status/1505685526254395396#m,"This time last year I was sat in a hospital room on an absorbent pad, in for a long night of not sleeping and giving my Partner-In-Crime stink eye for falling asleep so easily and snoring.",0
Morbius,20 Mar 2022,@Jaymegaymes,"Jayme, horse girl era","The Venom movies are fun, but they are not good movies. And Morbius looks bad lmfao",https://nitter.net/Jaymegaymes/status/1505685490036531200#m,"The Venom movies are fun, but they are not good movies. And Morbius looks bad lmfao",1
Morbius,20 Mar 2022,@e_flores_13,E,Couldn't pay me to watch #Morbius,https://nitter.net/e_flores_13/status/1505684619676434433#m,Couldn't pay me to watch #Morbius,0
Morbius,20 Mar 2022,@naMnaSYt,namnas,"Strange, DD, Coulson, May, Morbius, Jessica Jones",https://nitter.net/naMnaSYt/status/1505683922088341506#m,"Strange, DD, Coulson, May, Morbius, Jessica Jones",0
Morbius,20 Mar 2022,@cu3nt4m4m3,Ángela Vidal (Reportera) 𝕏,"Puede que la primera vez sea en Morbius o Doctor Strange 🤔 ya igual puede que en Kraven, Madame Web o en el cierre de ambos (Spiderman4 y The Amazing Spiderman 3)",https://nitter.net/cu3nt4m4m3/status/1505683241386352650#m,"Maybe the first time will be in Morbius or Doctor Strange 🤔 and maybe in Kraven, Madame Web or in the closing of both (Spiderman4 and The Amazing Spiderman 3)",0
Morbius,20 Mar 2022,@carrollpaul79,Paul Carroll,"I got “You are now Registered for the Sweepstakes ”. Private Cinema Sweepstakes Featuring ""Morbius"" go.drimify.com/quizz.html?qu…",https://nitter.net/carrollpaul79/status/1505682727172984834#m,"I got “You are now Registered for the Sweepstakes ”. Private Cinema Sweepstakes Featuring ""Morbius"" go.drimify.com/quizz.html?qu…",0
Morbius,20 Mar 2022,@wraglavs,John D.,I just made plans with my frands to get tanked on mimosas and go see Morbius opening weekend. WHERE IS YOUR LAUGH NOW.,https://nitter.net/wraglavs/status/1505682035620331521#m,I just made plans with my frands to get tanked on mimosas and go see Morbius opening weekend. WHERE IS YOUR LAUGH NOW.,0
Morbius,20 Mar 2022,@CasManSlam64,Casey Masone,@SalSaysWhat As a morbius fan can I suggest if you and rest of the team didn’t shot one already a back issues for it for this book it’s decent or if possible the 2011 legion of monsters book is a gray pick as well,https://nitter.net/CasManSlam64/status/1505681536514985985#m,@SalSaysWhat As a morbius fan can I suggest if you and rest of the team didn’t shot one already a back issues for it for this book it’s decent or if possible the 2011 legion of monsters book is a gray pick as well,0
Morbius,20 Mar 2022,@DJClickNPlay,JT Energy “The Feline Phenom”,Stopped by an #AntiqueMall today and picked up a few #MarvelComics to add to my small collection #GhostRider & #Morbius VS #Spiderman instagram.com/p/CbV-if4p7OR/…,https://nitter.net/DJClickNPlay/status/1505681516013174785#m,Stopped by an #AntiqueMall today and picked up a few #MarvelComics to add to my small collection #GhostRider & #Morbius VS #Spiderman instagram.com/p/CbV-if4p7OR/…,0
Morbius,20 Mar 2022,@Scott91471527,Scott,Morbius will be another box office smash hit! AMC apes not leaving. Buy and hodl.,https://nitter.net/Scott91471527/status/1505681488326676483#m,Morbius will be another box office smash hit! AMC apes not leaving. Buy and hodl.,1
Morbius,20 Mar 2022,@CineProcinal,Cinemas Procinal,Ya compraste tus entradas para MORBIUS? ingresa a procinal.com.co y asegura la tuya,https://nitter.net/CineProcinal/status/1505680938851835910#m,Have you already bought your tickets for MORBIUS? Go to procinal.com.co and secure yours,0
Morbius,20 Mar 2022,@LextheDark,Marcelo C. Cardo,4 of 5 stars to Morbius by Joe Keatinge goodreads.com/review/show/46…,https://nitter.net/LextheDark/status/1505680844605767686#m,4 of 5 stars to Morbius by Joe Keatinge goodreads.com/review/show/46…,0
Morbius,20 Mar 2022,@IMAX_Melbourne,IMAX Melbourne,"Movie-lovers, have you secured your MORBIUS tickets? Opens next Thursday - All tickets on sale now! 🧛",https://nitter.net/IMAX_Melbourne/status/1505680778826596354#m,"Movie-lovers, have you secured your MORBIUS tickets? Opens next Thursday - All tickets on sale now! 🧛",0
Morbius,20 Mar 2022,@delaney__todd,delaney todd,me seeing the morbius trailer for the seventh month in a row at the movies,https://nitter.net/delaney__todd/status/1505680114717274113#m,me seeing the morbius trailer for the seventh month in a row at the movies,1
Morbius,20 Mar 2022,@jcardenas45,ButterBot29🐝,There were more seats taken for the sonic movie than morbius 😂,https://nitter.net/jcardenas45/status/1505679355573272576#m,There were more seats taken for the sonic movie than morbius 😂,1
Morbius,20 Mar 2022,@steffylooloo,steph 🌼,i’m working the night morbius comes out so i’ll have to go see it the day after 👍🏻,https://nitter.net/steffylooloo/status/1505679164187287553#m,i’m working the night morbius comes out so i’ll have to go see it the day after 👍🏻,1
Morbius,20 Mar 2022,@ryanzx07,Kosmys⚡🌪️,"pô, ansioso pra Morbius, o filme parece tá muito bom",https://nitter.net/ryanzx07/status/1505678220888354817#m,"Wow, looking forward to Morbius, the film looks really good",0
Morbius,20 Mar 2022,@helvetesfnster,Doc! 🍁 || bone temple spoilers,MORBIUS BILLBOARD,https://nitter.net/helvetesfnster/status/1505678138658893824#m,MORBIUS BILLBOARD,1
Morbius,20 Mar 2022,@Ultimat38046908,X,Why did you delete the tweet of tobey and morbius,https://nitter.net/Ultimat38046908/status/1505677502924079111#m,Why did you delete the tweet of tobey and morbius,0
Morbius,20 Mar 2022,@JumanaAO,Jums🤯🇵🇸,Donc Ramadan dans 2 semaines et : - j’ai pas fini Euphoria - j’ai pas fini Arcane - Bridgerton sort la semaine pro - Les Kardashians sort bientôt - j’ai pas vu Batman - Morbius sort à la fin du mois Je.suis.dans.la.merrrrde. :),https://nitter.net/JumanaAO/status/1505677492161495041#m,So Ramadan in 2 weeks and: - I haven't finished Euphoria - I haven't finished Arcane - Bridgerton is coming out during professional week - The Kardashians is coming out soon - I haven't seen Batman - Morbius is coming out at the end of the month I.am.in.the.shit. :),0
Morbius,21 Mar 2022,@HunnFidelity,Hunter ☠︎︎,They’re airing a Morbius X Heel Edge promo rn 💀 #WWERAW,https://nitter.net/HunnFidelity/status/1506057909221928962#m,They’re airing a Morbius X Heel Edge promo rn 💀 #WWERAW,0
Morbius,21 Mar 2022,@lucaraujor,luca araújo,"UAU, QUE SURPRESA, O FILME DO MORBIUS É RUIM, QUEM PREVERIA ISSO?",https://nitter.net/lucaraujor/status/1506057329288138761#m,"WOW, WHAT A SURPRISE, THE MORBIUS MOVIE IS BAD, WHO COULD PREDICT THIS?",0
Morbius,21 Mar 2022,@RagnaChibi,"Ragna, el Licántropo Chibi","Pensándolo bien, No Way Home se promocionaba sola. Y Morbius,.. bueno, existe.",https://nitter.net/RagnaChibi/status/1506057304487170048#m,"Come to think of it, No Way Home promoted itself. And Morbius,... well, he exists.",0
Morbius,21 Mar 2022,@Skyesworld,This is SKYE's World,The symbiote will play a major role is Spider Man 4 #MORBIUS #THEBLERDGURL nitter.net/i/spaces/1vOGwyYrWARxB,https://nitter.net/Skyesworld/status/1506057194583867394#m,The symbiote will play a major role is Spider Man 4 #MORBIUS #THEBLERDGURL nitter.net/i/spaces/1vOGwyYrWARxB,0
Morbius,21 Mar 2022,@mamamoltisanti,milf in training,"also Morbius is a villian, not an anti-hero, which sony is doing in this movie. could be another reason",https://nitter.net/mamamoltisanti/status/1506056956439666691#m,"also Morbius is a villian, not an anti-hero, which sony is doing in this movie. could be another reason",1
Morbius,21 Mar 2022,@Felipe79976281,GearFelipe115,Santi es la mascota. Ya tiene un espacio en nuestros corazones,https://nitter.net/Felipe79976281/status/1506056835685662720#m,Santi is the mascot. It already has a space in our hearts,0
Morbius,21 Mar 2022,@triplexcinema,The Triplex Cinema,"Explore the universe of @MorbiusMovie, a new Marvel legend. @JaredLeto is MORBIUS - exclusively in movie theaters April 1. Get tickets now! thetriplex.com/movie/Morbius",https://nitter.net/triplexcinema/status/1506056753787682819#m,"Explore the universe of @MorbiusMovie, a new Marvel legend. @JaredLeto is MORBIUS - exclusively in movie theaters April 1. Get tickets now! thetriplex.com/movie/Morbius",1
Morbius,21 Mar 2022,@FrogNimbus,Frog 🌕,I would like to thank everyone who leaked Morbius so I do not have to watch it,https://nitter.net/FrogNimbus/status/1506056750721495044#m,I would like to thank everyone who leaked Morbius so I do not have to watch it,1
Morbius,21 Mar 2022,@Alexromval,Alex D. Salvatore 🦸‍♂️ 🕸️,Sony se ha gastado más dinero en la promo de Morbius que en toda la promo de No Way Home. De hecho si me preguntas te diría que el dinero de No Way Home ha ido enteramente a la promo de Morbius. Logico porque por algo es la próxima leyenda de Marvel.,https://nitter.net/Alexromval/status/1506056666122493959#m,"Sony spent more money on the Morbius promo than on the entire No Way Home promo. In fact, if you ask me, I would say that the money from No Way Home has gone entirely to the Morbius promo. Logical because he is the next Marvel legend for a reason.",0
Morbius,21 Mar 2022,@Matthew_3000,The Matthew,The “critics” are saying morbius is bad I for one never go by what “critics” say I’ll be the judge of it myself,https://nitter.net/Matthew_3000/status/1506056470307160069#m,The “critics” are saying morbius is bad I for one never go by what “critics” say I’ll be the judge of it myself,1
Morbius,21 Mar 2022,@abrarar_rar,tubhi,why is Batman in morbius,https://nitter.net/abrarar_rar/status/1506056421489659916#m,why is Batman in morbius,1
Morbius,21 Mar 2022,@Itsyaboiisteve,12-5,Had high hopes for #Morbius bc keaton was suppose to appear only to find out he in a 10 sec post credit scene sony takes L after L can only imagine where they take the character from here,https://nitter.net/Itsyaboiisteve/status/1506056353319555073#m,Had high hopes for #Morbius bc keaton was suppose to appear only to find out he in a 10 sec post credit scene sony takes L after L can only imagine where they take the character from here,0
Morbius,21 Mar 2022,@awitadecoco44,nosoydays,"ya mismo se estrena morbius, luego de casi 2 años esperándola🥰",https://nitter.net/awitadecoco44/status/1506056139867406340#m,"Morbius is coming out right now, after almost 2 years waiting for it🥰",0
Morbius,21 Mar 2022,@SonyPicturesDE,SonyPicturesDE,Das war ein wirklich grandioser Abend! Danke Berlin und danke @JaredLeto! #Morbius - ab 31.03. NUR im Kino 🍿🎞📽,https://nitter.net/SonyPicturesDE/status/1506055967561195520#m,That was a really great evening! Thank you Berlin and thank you @JaredLeto! #Morbius - from March 31st ONLY in the cinema 🍿🎞📽,0
Morbius,21 Mar 2022,@opcinefilos,operação cinéfilos,O ator Jared Leto revelou que gostaria de ver #Morbius cruzar com Venom nos cinemas🤭,https://nitter.net/opcinefilos/status/1506055609648619524#m,Actor Jared Leto revealed that he would like to see #Morbius cross paths with Venom in theaters🤭,0
Morbius,21 Mar 2022,@HeySparkles16,Chips 📛,Carajo Sony A sólo días del estreno de morbius y la película ya esta prácticamente destrozada por todos lados por las filtraciones de las criticas y el contenido,https://nitter.net/HeySparkles16/status/1506055545135853570#m,Damn Sony Just days before the premiere of Morbius and the film is already practically destroyed everywhere due to leaks of reviews and content,0
Morbius,21 Mar 2022,@kongthemonke,Kong the Monke 🦧,"Exactly! And the only way Venom made it into the MCU was because of the spell. And even then he‘s now back in his own bubble. So I don’t see how they would even bring in Morbius, Kraven, etc... into the MCU. And I don’t imagine Feige wants that to happen in the first place tbh.",https://nitter.net/kongthemonke/status/1506055525481553920#m,"Exactly! And the only way Venom made it into the MCU was because of the spell. And even then he‘s now back in his own bubble. So I don’t see how they would even bring in Morbius, Kraven, etc... into the MCU. And I don’t imagine Feige wants that to happen in the first place tbh.",0
Morbius,21 Mar 2022,@gabeomatriz,gabeomatriz,"pré venda de morbius depois de amanhã, e quem vai conseguir adquirir ? pois é eu 🍃",https://nitter.net/gabeomatriz/status/1506055468443213827#m,"morbius pre-sale the day after tomorrow, and who will be able to purchase it? because it's me 🍃",0
Morbius,21 Mar 2022,@djokaymegamixer,Megami𝕩er,Jared Leto showcases his trademark quirky style while attending a screening of Morbius in Berlin - 234radio.com/jared-leto-show… #News,https://nitter.net/djokaymegamixer/status/1506055464173199362#m,Jared Leto showcases his trademark quirky style while attending a screening of Morbius in Berlin - 234radio.com/jared-leto-show… #News,1
Morbius,21 Mar 2022,@4FansMovie20,4Fans,"Adrian kicks Michael in the balls and takes his machine from him. ""Michael Morbius. What's up Doc?"" *WHAM!* *flies away*",https://nitter.net/4FansMovie20/status/1506055303514791939#m,"Adrian kicks Michael in the balls and takes his machine from him. ""Michael Morbius. What's up Doc?"" *WHAM!* *flies away*",0
Morbius,21 Mar 2022,@rev_pee_kitty,PK,Jared Leto is the exactly opposite of a 'big box office draw'. His Joker was a huge disappointment and he's personally so unlikable that it's hard to want to support anything he's in. I'm waiting to hear reviews of #Morbius before I consider seeing it in theaters.,https://nitter.net/rev_pee_kitty/status/1506055217984557061#m,Jared Leto is the exactly opposite of a 'big box office draw'. His Joker was a huge disappointment and he's personally so unlikable that it's hard to want to support anything he's in. I'm waiting to hear reviews of #Morbius before I consider seeing it in theaters.,0
Morbius,21 Mar 2022,@CASSlDYFROST,phill 🌮,hype nenhum pra morbius mas tô pensando em ir ver no cinema...,https://nitter.net/CASSlDYFROST/status/1506055142759620609#m,No hype for Morbius but I'm thinking about going to see it at the cinema...,1
Morbius,21 Mar 2022,@HugoGloss,Hugo Gloss,"Imagina um arrume-se comigo de @JaredLeto? Seria surra de transparência, luvinhas vermelhas, óculos, conceito, coesão e aclamação! Kkkk O astro esteve hoje (21) numa exibição do filme #Morbius, na Alemanha, e deu o que falar no red carpet. + (📸: Getty)",https://nitter.net/HugoGloss/status/1506055107309453316#m,"Imagine a get ready with me from @JaredLeto? It would be a beating of transparency, red gloves, glasses, concept, cohesion and acclaim! Lol The star was present today (21) at a screening of the film #Morbius, in Germany, and gave something to talk about on the red carpet. + (📸: Getty)",0
Morbius,21 Mar 2022,@poetnaglass,tracy j hutchings,"as luck would have it, i draw the line at Morbius.",https://nitter.net/poetnaglass/status/1506055066163331075#m,"as luck would have it, i draw the line at Morbius.",1
Morbius,21 Mar 2022,@GhashBell,🦊 𝙂wen 🪷🇵🇸,"Aparentemente o filme do Morbius não é bom não hein, quem diria",https://nitter.net/GhashBell/status/1506055055157432324#m,"Apparently the Morbius movie isn't good, who knew?",0
Morbius,21 Mar 2022,@Dragon0021761,dragon,Those post credits gotta be amazing for making us watch morbius,https://nitter.net/Dragon0021761/status/1506054740748255235#m,Those post credits gotta be amazing for making us watch morbius,0
Morbius,21 Mar 2022,@SongbirdDiamond,S/D,"Even so, Morbius looks like it's on the level of 2000's Elektra or Ghost Rider.",https://nitter.net/SongbirdDiamond/status/1506054368457633792#m,"Even so, Morbius looks like it's on the level of 2000's Elektra or Ghost Rider.",0
Morbius,21 Mar 2022,@tempest071990,A.J Raven,"These SnyderVerse fans want to show WBros that Jared Leto is a ""box office draw"" by supporting Morbius... Lol. I can't.",https://nitter.net/tempest071990/status/1506054355677597704#m,"These SnyderVerse fans want to show WBros that Jared Leto is a ""box office draw"" by supporting Morbius... Lol. I can't.",0
Morbius,21 Mar 2022,@oricolobraro,Orii,Morbius claramente!!,https://nitter.net/oricolobraro/status/1506054244914249728#m,Morbius clearly!!,0
Morbius,21 Mar 2022,@GioBalcazar,GiovanniBalcazar,Morbius!,https://nitter.net/GioBalcazar/status/1506054239847600130#m,Morbius!,0
Morbius,21 Mar 2022,@iClaquete,iClaquete 📱🎬,"Iiih, será que Jared Leto se meteu em outra furada? “Morbius” começou a ser massacrado pelos jornalistas que já assistiram. Primeiras críticas classificam o filme como “chato”.",https://nitter.net/iClaquete/status/1506054071396020227#m,"Iiiih, did Jared Leto get into another mess? “Morbius” began to be massacred by journalists who had already watched it. First reviews classify the film as “boring”.",0
Morbius,21 Mar 2022,@Juan_Sin_Pat,Juan ☭ 🧉 🇦🇷,"Morbius siempre me pareció de los peores villanos del Spiderman de los 80, aunque el dilema de no ser un moustro y tener que alimentarse me pareció siempre genial, creo que enfocarlo del lado ""científico"" y no sobrenatural fue un gran error de guion ⬇️Sigue",https://nitter.net/Juan_Sin_Pat/status/1506053875257720835#m,"Morbius always seemed to me to be one of the worst Spiderman villains of the 80s, although the dilemma of not being a monster and having to feed always seemed great to me, I think that focusing on it from the ""scientific"" and not supernatural side was a big script error ⬇️Continue",0
Morbius,21 Mar 2022,@ianfassy,Ian 🏳️‍🌈,"Exactly, but I’m more bothered about the fact that morbius apparently isn’t even in the same universe as venom. Sony is garbage. 1 step forward and 3 steps back every time.",https://nitter.net/ianfassy/status/1506053822367485956#m,"Exactly, but I’m more bothered about the fact that morbius apparently isn’t even in the same universe as venom. Sony is garbage. 1 step forward and 3 steps back every time.",1
Morbius,21 Mar 2022,@TopHatMcguliver,TopHatMcgulliver,Because it at least would allow an actual Spiderman to appear in Morbius,https://nitter.net/TopHatMcguliver/status/1506053572219359232#m,Because it at least would allow an actual Spiderman to appear in Morbius,0
Morbius,21 Mar 2022,@chris_lucca,Chris Lucca,"Sim,meu único medo é da ""forma final"" da transformação do Morbius não ter muito tempo,tipo só no final e bem rapidinho",https://nitter.net/chris_lucca/status/1506053506511392771#m,"Yes, my only fear is that the ""final form"" of Morbius' transformation doesn't take much time, like only at the end and very quickly",0
Morbius,21 Mar 2022,@itsmeagain01234,TY,Jared Leto showcases his trademark quirky style in Berlin mol.im/a/10637181,https://nitter.net/itsmeagain01234/status/1506053288025681924#m,Jared Leto showcases his trademark quirky style in Berlin mol.im/a/10637181,0
Morbius,21 Mar 2022,@anxiouslyalex,alex,a lesbian spin on morbius would be far more entertaining than Jared Leto will ever be,https://nitter.net/anxiouslyalex/status/1506052986111463424#m,a lesbian spin on morbius would be far more entertaining than Jared Leto will ever be,1
Morbius,21 Mar 2022,@tempest071990,A.J Raven,"Certain Snyder Cut stans getting ready to support ""Morbius"" because Jared Leto played Joker and they want to make WBros realize the studio made a mistake not working with him again in the DECU is definitely a choice. #Morbius",https://nitter.net/tempest071990/status/1506052981900328962#m,"Certain Snyder Cut stans getting ready to support ""Morbius"" because Jared Leto played Joker and they want to make WBros realize the studio made a mistake not working with him again in the DECU is definitely a choice. #Morbius",0
Morbius,22 Mar 2022,@Marlos_bm,Marlos “O Catedrático”,Esse mórbius tá fazendo o Pablo realmente trabalhar. Cada meia hora tem um vídeo com novidades sobre o assunto 😝,https://nitter.net/Marlos_bm/status/1506420440096550913#m,This morbius is making Pablo really work. Every half hour there is a video with news on the subject 😝,0
Morbius,22 Mar 2022,@pniiick,nih ⓟ,só queria alguém p ir cmg ver morbius no cinema,https://nitter.net/pniiick/status/1506420375479107588#m,I just wanted someone to go see Morbius in the cinema,1
Morbius,22 Mar 2022,@ToBeSoVictoria,❝ Victoria ❞,JARED SAID MORBIUS WAS JUST LIKE CHEESE,https://nitter.net/ToBeSoVictoria/status/1506420312136904706#m,JARED SAID MORBIUS WAS JUST LIKE CHEESE,0
Morbius,22 Mar 2022,@BokutoFushiguro,Anime Central,I don't understand the #Morbius hate? I'm excited to see it.,https://nitter.net/BokutoFushiguro/status/1506420217014112258#m,I don't understand the #Morbius hate? I'm excited to see it.,1
Morbius,22 Mar 2022,@Kalyani_75016,Kalyani,"Pendant que tout le monde était à l’avp de Morbius, je suis allé voir EnCorps de Cédric Klapisch. Ça sort la semaine prochaine et c’est vraiment très bien.",https://nitter.net/Kalyani_75016/status/1506420197892272131#m,"While everyone was watching Morbius, I went to see EnCorps by Cédric Klapisch. It's coming out next week and it's really good.",0
Morbius,22 Mar 2022,@unoriginalfucc,Kei,MORBIUS FORTNITE SKIN INBOUND MORBIUS MONDAYS HAVE BEGUN,https://nitter.net/unoriginalfucc/status/1506420014164893700#m,MORBIUS FORTNITE SKIN INBOUND MORBIUS MONDAYS HAVE BEGUN,0
Morbius,22 Mar 2022,@WORLDXND,Vizz 🇬🇷,I have a feeling Morbius is gonna be really bad... Im not hyped for this movie whatsoever..,https://nitter.net/WORLDXND/status/1506419769087471616#m,I have a feeling Morbius is gonna be really bad... Im not hyped for this movie whatsoever..,1
Morbius,22 Mar 2022,@batmanmarch,Matthew Toffolo,"This is going to be a terrible film. No one wants solo villain films without Spider-Man in them, especially when they're C tier villains like Morbius. Venom is the exception to the rule but then again I think they butchered character in those Tom Hardy films. 🤷‍♂️",https://nitter.net/batmanmarch/status/1506419487918153733#m,"This is going to be a terrible film. No one wants solo villain films without Spider-Man in them, especially when they're C tier villains like Morbius. Venom is the exception to the rule but then again I think they butchered character in those Tom Hardy films. 🤷‍♂️",1
Morbius,22 Mar 2022,@popcreaturebr,Marcelo Rogério | Pop Creature,Esse Morbius.. boto minha mão no fogo não kkkkkk será?,https://nitter.net/popcreaturebr/status/1506419360520409090#m,"This Morbius... I'm putting my hand in the fire, right?",0
Morbius,22 Mar 2022,@twinned_out,♡Christine Marie♡,😲 thedirect.com/article/iron-m…,https://nitter.net/twinned_out/status/1506419203288432641#m,😲 thedirect.com/article/iron-m…,0
Morbius,22 Mar 2022,@LegionWrex,Ferb Stan Account #BlackLivesMatter,The Venom movies are one thing but it seems like Morbius is just an already broken movie fucked with horribly in post-production so I expect it to easily take the cake as the worst CBM of the year without much contest tbh,https://nitter.net/LegionWrex/status/1506419171906801669#m,The Venom movies are one thing but it seems like Morbius is just an already broken movie fucked with horribly in post-production so I expect it to easily take the cake as the worst CBM of the year without much contest tbh,1
Morbius,22 Mar 2022,@MaeseBrol,Maese Brol,"Jared Leto espera que Morbius se encuentre con el Joker de Suicide Squad. Se mira al espejo. No hay reflejo, es un vampiro. Llora.",https://nitter.net/MaeseBrol/status/1506418975948906500#m,"Jared Leto hopes Morbius meets Suicide Squad's Joker. He looks in the mirror. There is no reflection, it is a vampire. Cry.",0
Morbius,22 Mar 2022,@brithdaykid,D,"I feel bad for morbius,people hated the movie just because it’s Sony and Spider-Man is not in it then calling him some ass D villain? 😵‍💫 people really need too be reading more comic books…",https://nitter.net/brithdaykid/status/1506418826065297409#m,"I feel bad for morbius,people hated the movie just because it’s Sony and Spider-Man is not in it then calling him some ass D villain? 😵‍💫 people really need too be reading more comic books…",1
Morbius,22 Mar 2022,@_ivnxx,gorgonzola.,don’t know if the Morbius review is legit but if it is fuck that guy for spoiling it,https://nitter.net/_ivnxx/status/1506418723493666818#m,don’t know if the Morbius review is legit but if it is fuck that guy for spoiling it,1
Morbius,22 Mar 2022,@NOBODY91177955,Tom 19歳,モービウスvsアンドリュースパイダーマンのリーク映像ww Morbius vsAndrew Spider-man leaked #Marvel #Morbius #マーベル #スパイダーマン #モービウス,https://nitter.net/NOBODY91177955/status/1506418059329769473#m,Morbius vs Andrew Spider-man leaked video ww Morbius vsAndrew Spider-man leaked #Marvel #Morbius,0
Morbius,22 Mar 2022,@enjolrasinparis,emma de Lioncourt,je te spoil les scènes post crédit de Morbius,https://nitter.net/enjolrasinparis/status/1506418046361124868#m,I'm spoiling the Morbius post credit scenes for you,0
Morbius,22 Mar 2022,@brandybongos,Brendan A Jones,"I have no investment in Morbius whatsoever. But it's possible that information is IN the film, just not in scenes that feature Smith. Of course, it's something that Smith should have been told in order to inform his performance, but who knows why that didn't happened.",https://nitter.net/brandybongos/status/1506417889494315011#m,"I have no investment in Morbius whatsoever. But it's possible that information is IN the film, just not in scenes that feature Smith. Of course, it's something that Smith should have been told in order to inform his performance, but who knows why that didn't happened.",1
Morbius,22 Mar 2022,@YallKnow_GP,DO BRONX,I want to see morbius,https://nitter.net/YallKnow_GP/status/1506417629191356429#m,I want to see morbius,1
Morbius,22 Mar 2022,@captainnyanko,キャプテンニャンコ😺,morbius-movie.jp/,https://nitter.net/captainnyanko/status/1506417539987173376#m,morbius-movie.jp/,1
Morbius,22 Mar 2022,@MickyLafferty,Michael Lafferty,"Yeah I thought as much, I expect #Morbius to crash and burn in the next few weeks, I don’t see it competing favourably against #Sonic2 or #FantasticBeasts3 koimoi.com/hollywood-news/mo…",https://nitter.net/MickyLafferty/status/1506417532101697539#m,"Yeah I thought as much, I expect #Morbius to crash and burn in the next few weeks, I don’t see it competing favourably against #Sonic2 or #FantasticBeasts3 koimoi.com/hollywood-news/mo…",0
Morbius,22 Mar 2022,@mike_morbius,🦇Mike🧪Morbius🦇🕸️⚰️🏰🪓,,https://nitter.net/mike_morbius/status/1506417476892045312#m,,0
Morbius,22 Mar 2022,@MagicHandz,STAR,"Morbius, The Bubble, Warm Embrace & Blue Glitter. 🔥",https://nitter.net/MagicHandz/status/1506417447485599744#m,"Morbius, The Bubble, Warm Embrace & Blue Glitter. 🔥",0
Morbius,22 Mar 2022,@spidersfield,joão 🦇,ainda não consigo acreditar que cortaram essas cenas de morbius kkkkk justamente a do cartaz do homem-aranha e a do abutre que geraram um monte de teorias,https://nitter.net/spidersfield/status/1506417354649047045#m,"I still can't believe they cut those scenes from Morbius hahaha, exactly the one with the Spider-Man poster and the one with the vulture that generated a lot of theories",0
Morbius,22 Mar 2022,@LRTendencias,Entretenimiento La República,"😲 #Morbius quitaría referencias a #Spiderman: malas críticas cortarían lazos con el #UCM A pesar de que los adelantos de “Morbius” anticipaban mayor desarrollo del Buitre de Michael Keaton, el villano habría quedado reducido a una escena postcrédito. larepublica.pe/cine-series/2…",https://nitter.net/LRTendencias/status/1506417255998971907#m,"😲 #Morbius would remove references to #Spiderman: bad reviews would cut ties with the #UCM Although the previews for “Morbius” anticipated further development of Michael Keaton's Vulture, the villain would have been reduced to a post-credit scene. larepublica.pe/cine-series/2…",0
Morbius,22 Mar 2022,@Ianjarred,E,Morbius lmao,https://nitter.net/Ianjarred/status/1506417239033004035#m,Morbius lmao,0
Morbius,22 Mar 2022,@TakeMeToMars11,Holy Guacamole ☀️🏖️🐚🎆,"Exactly, it’s going to go quick because it’s not that long. I was hoping for a 3 hour movie 😛 Seeing Morbius on the big screen is going to be epic 🤓🙌🏻 The anticipation 🤣👇🏻",https://nitter.net/TakeMeToMars11/status/1506417167289438211#m,"Exactly, it’s going to go quick because it’s not that long. I was hoping for a 3 hour movie 😛 Seeing Morbius on the big screen is going to be epic 🤓🙌🏻 The anticipation 🤣👇🏻",1
Morbius,22 Mar 2022,@PeliYManta_,Peli & Manta,Increíble póster animado de #Morbius visto en Milán.,https://nitter.net/PeliYManta_/status/1506417162004619280#m,Incredible #Morbius animated poster seen in Milan.,0
Morbius,22 Mar 2022,@QScorsese,QuenScorse #Peacemaker #RenewStargirl 🇨🇱,¿Por qué? #Morbius,https://nitter.net/QScorsese/status/1506417112063090691#m,Because? #Morbius,0
Morbius,22 Mar 2022,@movie_and_love,Movie & Love,The king @JaredLeto #Morbius,https://nitter.net/movie_and_love/status/1506416907867627526#m,The king @JaredLeto #Morbius,0
Morbius,22 Mar 2022,@awyeeeee,Lady Raven Stan,Showing up to the function in the Morbius shirt 🧛🧛,https://nitter.net/awyeeeee/status/1506416876246740994#m,Showing up to the function in the Morbius shirt 🧛🧛,0
Morbius,22 Mar 2022,@Alex_Ram30,ALEX RAM,#JaredLeto dice que quiere que su #Morbius interactúe con #IronMan de #RobertDowneyJr,https://nitter.net/Alex_Ram30/status/1506416849134759941#m,#JaredLeto says he wants his #Morbius to interact with #RobertDowneyJr's #IronMan,0
Morbius,22 Mar 2022,@Mercyhank,Mercy,Last thing Morbius hears… Blade: “Give my regards to Mr. Stark.” #MCU #Comics #Blade,https://nitter.net/Mercyhank/status/1506416836837007361#m,Last thing Morbius hears… Blade: “Give my regards to Mr. Stark.” #MCU #Comics #Blade,0
Morbius,22 Mar 2022,@_Haytham_,ɦαყƭɦαɱ 🎓🍄🍁,Acho q Morbius não vai estrear nunca,https://nitter.net/_Haytham_/status/1506416698852843524#m,I don't think Morbius will ever debut,0
Morbius,22 Mar 2022,@DBTPpodcast,Don't Blame The Pilot,Go on then why not? #JaredLeto #Morbius,https://nitter.net/DBTPpodcast/status/1506416670239301636#m,Go on then why not? #JaredLeto #Morbius,0
Morbius,22 Mar 2022,@movie_and_love,Movie & Love,Mister @JaredLeto #Morbius,https://nitter.net/movie_and_love/status/1506416485501132800#m,Mister @JaredLeto #Morbius,0
Morbius,22 Mar 2022,@30FUMars,30FeetUnderMars,#MORBIUS @JaredLeto @leetrink @FaZeClan @NateHillTV @MorbiusMovie @30SECONDSTOMARS #Twitch twitch.tv/natehill/v/1433311…,https://nitter.net/30FUMars/status/1506416485333442562#m,#MORBIUS @JaredLeto @leetrink @FaZeClan @NateHillTV @MorbiusMovie @30SECONDSTOMARS #Twitch twitch.tv/natehill/v/1433311…,0
Morbius,22 Mar 2022,@ToBeSoVictoria,❝ Victoria ❞,quick and short thread of the morbius premiere in paris,https://nitter.net/ToBeSoVictoria/status/1506416319318614020#m,quick and short thread of the morbius premiere in paris,0
Morbius,23 Mar 2022,@Morbius_Fan1,Saint Chama 🗿,,https://nitter.net/Morbius_Fan1/status/1506782770290466821#m,,0
Morbius,23 Mar 2022,@dreamick,¯\_(ツ)_/¯,post morbius traumatic disorder,https://nitter.net/dreamick/status/1506782635770658821#m,post morbius traumatic disorder,0
Morbius,23 Mar 2022,@Morbius_Fan1,Saint Chama 🗿,Juancho spotted in the bench!!!,https://nitter.net/Morbius_Fan1/status/1506782565163835393#m,Juancho spotted in the bench!!!,1
Morbius,23 Mar 2022,@mamensoul,mamen.,Jared Leto en la premiere de Morbius en Madrid 📸✨,https://nitter.net/mamensoul/status/1506782416215724036#m,Jared Leto at the Morbius premiere in Madrid 📸✨,0
Morbius,23 Mar 2022,@jacksonicide,jackson,"YOU HAVE WON!! You have won an all inclusive sweepstakes to the world wide premier of #Morbius. Please message us credit card details, address, living relatives, place of work/school, and we will have you on the plane in no time!",https://nitter.net/jacksonicide/status/1506782238737842178#m,"YOU HAVE WON!! You have won an all inclusive sweepstakes to the world wide premier of #Morbius. Please message us credit card details, address, living relatives, place of work/school, and we will have you on the plane in no time!",0
Morbius,23 Mar 2022,@rogercrf1895,roger,"o foda é q eu sei q morbius vai ser ruim, e mesmo assim eu vou ver o filme",https://nitter.net/rogercrf1895/status/1506782137210474498#m,"The fuck is that I know that Morbius is going to be bad, and I'm still going to watch the movie",1
Morbius,23 Mar 2022,@AdivinaCuantos,Adivina Cuántos,Filtran una escena post-créditos de Morbius (SPOILERS) > @Cinemascomics ift.tt/ucmTevG #news,https://nitter.net/AdivinaCuantos/status/1506782095179403265#m,They leak a post-credits scene from Morbius (SPOILERS) > @Cinemascomics ift.tt/ucmTevG #news,0
Morbius,23 Mar 2022,@Luca_zone,*,Aurora Ramazzotti 👑 a Madrid per la prima di Morbius con Jared Leto,https://nitter.net/Luca_zone/status/1506782033015713797#m,Aurora Ramazzotti 👑 in Madrid for the premiere of Morbius with Jared Leto,0
Morbius,23 Mar 2022,@tRi_beccv,ρɭคٱก ﻝคกﻉ,Morbius looks like it’s coming out soon 🤷🏿‍♀️,https://nitter.net/tRi_beccv/status/1506781975620820992#m,Morbius looks like it’s coming out soon 🤷🏿‍♀️,0
Morbius,23 Mar 2022,@Jacen_El,Dare-Jacen,"Doesn't change the fact that they don't deserve him. Instead of giving us stuff we want like Spider-Man 2099 or Spider-Noir, they're making movies about Morbius and fucking Kraven. People who actually think that movie will be good are lying to themselves. Morbius too.",https://nitter.net/Jacen_El/status/1506781575463116803#m,"Doesn't change the fact that they don't deserve him. Instead of giving us stuff we want like Spider-Man 2099 or Spider-Noir, they're making movies about Morbius and fucking Kraven. People who actually think that movie will be good are lying to themselves. Morbius too.",1
Morbius,23 Mar 2022,@jacksonicide,jackson,When my boyfriend buys tickets for #Morbius. Exclusively in theatres April 1st.,https://nitter.net/jacksonicide/status/1506781395812769798#m,When my boyfriend buys tickets for #Morbius. Exclusively in theatres April 1st.,0
Morbius,23 Mar 2022,@DrDelorean,Dylan the Villain,Just read Morbius spoilers and good God I can't wait to rip this movie to shreds,https://nitter.net/DrDelorean/status/1506781279752273924#m,Just read Morbius spoilers and good God I can't wait to rip this movie to shreds,1
Morbius,23 Mar 2022,@Vchompooming,ChainChomps,Sounds like your more of a Morbius fan😠,https://nitter.net/Vchompooming/status/1506781265881669632#m,Sounds like your more of a Morbius fan😠,1
Morbius,23 Mar 2022,@Morbius_Fan1,Saint Chama 🗿,@NBCSCeltics your channel always freezes. Fix it PLEASE!!!,https://nitter.net/Morbius_Fan1/status/1506781241227583495#m,@NBCSCeltics your channel always freezes. Fix it PLEASE!!!,0
Morbius,23 Mar 2022,@umm_Kaycee,protagonist,"Can I just teleport to next weekend already, so I can watch Morbius. Tired of waiting",https://nitter.net/umm_Kaycee/status/1506781054170017793#m,"Can I just teleport to next weekend already, so I can watch Morbius. Tired of waiting",1
Morbius,23 Mar 2022,@jacksonicide,jackson,That bitch ass Spider-Man mother fucker #Morbius could kick his scrawny little ass,https://nitter.net/jacksonicide/status/1506781010318483458#m,That bitch ass Spider-Man mother fucker #Morbius could kick his scrawny little ass,0
Morbius,23 Mar 2022,@Fitzpat80679470,Fitzpatrick Chansa,Is that war for morbius bro,https://nitter.net/Fitzpat80679470/status/1506780930287013889#m,Is that war for morbius bro,0
Morbius,23 Mar 2022,@Morbius_Fan1,Saint Chama 🗿,dIrTy pLaY bY SmArT,https://nitter.net/Morbius_Fan1/status/1506780826108891146#m,dIrTy pLaY bY SmArT,0
Morbius,23 Mar 2022,@707DeeJay,💧💧Splash Ketchum💧💧,Me and keshawn talked about this too lol only way it makes sense is if Morbius and blade are connected along wit black knight and moon knight and hopefully Ghost Rider eventually,https://nitter.net/707DeeJay/status/1506780254433693697#m,Me and keshawn talked about this too lol only way it makes sense is if Morbius and blade are connected along wit black knight and moon knight and hopefully Ghost Rider eventually,1
Morbius,23 Mar 2022,@KamesJerr,Kames Jerr 🎬🎮,Can’t wait to see the latest Morbius Doctor,https://nitter.net/KamesJerr/status/1506780163509477383#m,Can’t wait to see the latest Morbius Doctor,1
Morbius,23 Mar 2022,@xavicuevas,𝕏𝕒𝕧𝕚𝕔𝕦𝕖𝕧𝕒𝕤 🏴󠁧󠁢󠁥󠁮󠁧󠁿🇻🇪🇮🇱🎗🤟,"Matt Smith no entiende su personaje en Morbius El que fuera el undécimo Doctor reconoce estar confundido sobre Loxias Crown, su personaje en Morbius bit.ly/37Wu5gD",https://nitter.net/xavicuevas/status/1506779812425175040#m,"Matt Smith does not understand his character in Morbius The former eleventh Doctor admits to being confused about Loxias Crown, his character in Morbius bit.ly/37Wu5gD",0
Morbius,23 Mar 2022,@Antmallo,∆FMD,Los outfits que está metiendo Jared en las premiere de morbius por faaaaavor. Orgasmo visual me genera este hombre,https://nitter.net/Antmallo/status/1506779782381330435#m,"The outfits that Jared is wearing at the Morbius premiere, please. Visual orgasm this man generates in me",0
Morbius,23 Mar 2022,@RichTL_,RichTL 💫,No puede ser. Sony extorsionó a Lou tras salir de Morbius.,https://nitter.net/RichTL_/status/1506779543226433544#m,It just can't be. Sony blackmailed Lou after leaving Morbius.,0
Morbius,23 Mar 2022,@klintar06,Klintar06,Tan mala es Morbius? Tenia esperanzas 😞,https://nitter.net/klintar06/status/1506779408803237892#m,Is Morbius that bad? I had hopes 😞,0
Morbius,23 Mar 2022,@PeteLikesSharks,Pete,Me and my girls going to watch Morbius knowing full well it's gonna be terrible,https://nitter.net/PeteLikesSharks/status/1506779270240247808#m,Me and my girls going to watch Morbius knowing full well it's gonna be terrible,0
Morbius,23 Mar 2022,@MoobysEs,Moobys.es,Presentación de #Morbius en Madrid @JaredLeto Fotografía: @vrokdave,https://nitter.net/MoobysEs/status/1506779219740745731#m,Presentation of #Morbius in Madrid @JaredLeto Photography: @vrokdave,0
Morbius,23 Mar 2022,@Morbius_Fan1,Saint Chama 🗿,,https://nitter.net/Morbius_Fan1/status/1506779138853638147#m,,0
Morbius,23 Mar 2022,@TostadaDCebolla,Broken🐲,La opinion del vagabundo este siempre me ha parecido una putisima mierda pero la verdad que Morbius apesta a basura desde que se anunció,https://nitter.net/TostadaDCebolla/status/1506779117819207688#m,"This vagabond's opinion has always seemed like fucking shit to me, but the truth is that Morbius has reeked of garbage since it was announced.",0
Morbius,23 Mar 2022,@ForbesLifeLatam,Forbes Life Latam,"Con #Morbius, Jared Leto presenta un personaje nunca antes visto en el universo de @Marvel. Conoce todos los detalles 👇 forbes.com.mx/forbes-life/en…",https://nitter.net/ForbesLifeLatam/status/1506779073174982668#m,"With #Morbius, Jared Leto introduces a character never before seen in the @Marvel universe. Know all the details 👇 forbes.com.mx/forbes-life/en…",0
Morbius,23 Mar 2022,@anajusantoss_,just me,"mano, dia 31 morbius, dia 14/4 animais fantásticos, dia 05/5 doutor estranho, dia 07/5 natiruts e baco, fora a caralhada de filmes q vão ter mais p frente nesse ano, tô fudida",https://nitter.net/anajusantoss_/status/1506779017344602120#m,"bro, on the 31st morbius, on the 14/4th fantastic animals, on the 5th/5th doctor strange, on the 7th/5th natiruts and baco, apart from the shitload of films that will be released this year, I'm fucked",0
Morbius,23 Mar 2022,@elperiodico,El Periódico,Jared Leto: 10 cosas que hay que saber del actor que se convierte en el villano de 'Morbius' elperiodi.co/mumrc3,https://nitter.net/elperiodico/status/1506778908045332480#m,Jared Leto: 10 things you need to know about the actor who becomes the villain of 'Morbius' elperiodi.co/mumrc3,1
Morbius,23 Mar 2022,@MaggotStitch,KJ Stitch bring me the horizon 5/5/26,Bro I’d love a stuffed Morbius to snuggle with just an idea,https://nitter.net/MaggotStitch/status/1506778509347336194#m,Bro I’d love a stuffed Morbius to snuggle with just an idea,0
Morbius,23 Mar 2022,@Morbius_Fan1,Saint Chama 🗿,Mike Conley,https://nitter.net/Morbius_Fan1/status/1506778459527421954#m,Mike Conley,0
Morbius,23 Mar 2022,@MoobysEs,Moobys.es,Premiere de #Morbius #MorbiusLaPelicula @JaredLeto Pics: @vrokdave,https://nitter.net/MoobysEs/status/1506778250919428096#m,Premiere de #Morbius #MorbiusLaPelicula @JaredLeto Pics: @vrokdave,0
Morbius,23 Mar 2022,@superlc529,Linda | 😈 😇 #SaveDBD #LuciFam #SPNFamily,"I must admit, I know nothing about 'Morbius' 😅 I LOVE that Matt's answer was to meet Karen's MCU character. Life-long friends right there. 🥰 Rocking the long hair there, Matt! 😍🔥 #MattSmith",https://nitter.net/superlc529/status/1506778226626080770#m,"I must admit, I know nothing about 'Morbius' 😅 I LOVE that Matt's answer was to meet Karen's MCU character. Life-long friends right there. 🥰 Rocking the long hair there, Matt! 😍🔥 #MattSmith",0
Morbius,23 Mar 2022,@uglyprezident,L Sapien,Can't wait to see Morbius. 10th times the charm when it comes to Jared Leto and Jared Leto only.,https://nitter.net/uglyprezident/status/1506778012037132296#m,Can't wait to see Morbius. 10th times the charm when it comes to Jared Leto and Jared Leto only.,0
Morbius,23 Mar 2022,@jacksonicide,jackson,When my friends are taking about maybe seeing #Morbius on April 1st. Exclusively in theatres.,https://nitter.net/jacksonicide/status/1506777848614473735#m,When my friends are taking about maybe seeing #Morbius on April 1st. Exclusively in theatres.,1
Morbius,23 Mar 2022,@radiotongossa,RADIO TONGOSSA,Morbius en présence de @JaredLeto le mardi 22 Mars 2022 au Cinéma Champs-Élysées à Paris. @sitejaredletobr Vidéo complète : piped.video/c7DkpUo9nhw Images : @radiotongossa,https://nitter.net/radiotongossa/status/1506777759317737476#m,"Morbius in the presence of @JaredLeto on Tuesday March 22, 2022 at the Champs-Élysées Cinema in Paris. @sitejaredletobr Full video: piped.video/c7DkpUo9nhw Images: @radiotongossa",0
Morbius,23 Mar 2022,@Morbius_Fan1,Saint Chama 🗿,Agree,https://nitter.net/Morbius_Fan1/status/1506777523996274695#m,Agree,0
Morbius,23 Mar 2022,@EnsafHamid,Hamid Ensaf,"I think the international market will be a major reason on why I believe Fantastic Beasts: The Secrets Of Dumbledore will do so well, however if it isn't going to be Fantastic Beasts: The Secrets Of Dumbledore, it will likely be Morbius.",https://nitter.net/EnsafHamid/status/1506777389241708547#m,"I think the international market will be a major reason on why I believe Fantastic Beasts: The Secrets Of Dumbledore will do so well, however if it isn't going to be Fantastic Beasts: The Secrets Of Dumbledore, it will likely be Morbius.",0
Morbius,24 Mar 2022,@PossumLiker3000,Joseph,the morbius sweep its finally here,https://nitter.net/PossumLiker3000/status/1507145165751955470#m,the morbius sweep its finally here,1
Morbius,24 Mar 2022,@augenblighte,💴,there's already a morbius teaser??? about time,https://nitter.net/augenblighte/status/1507145069782265856#m,there's already a morbius teaser??? about time,1
Morbius,24 Mar 2022,@dvdnewshu,DVDNEWS 🇭🇺,Morbius - szinkronizált előzetes #3 ► piped.video/watch?v=ibQB1ZLA… | #dvdnewshu piped.video/watch?v=ibQB1ZLA…,https://nitter.net/dvdnewshu/status/1507145031022432258#m,Morbius - Dubbed Trailer #3 ► piped.video/watch?v=ibQB1ZLA… | #dvdnewshu piped.video/watch?v=ibQB1ZLA…,0
Morbius,24 Mar 2022,@jordanjwoodson,Jordan Woodson,"Lmao Sony really wants to try and convince us that Morbius is a real movie so much so that they are clearly paying critics to tweet about it and claim they've seen it. You aren't fooling us, Sony.",https://nitter.net/jordanjwoodson/status/1507144922863915015#m,"Lmao Sony really wants to try and convince us that Morbius is a real movie so much so that they are clearly paying critics to tweet about it and claim they've seen it. You aren't fooling us, Sony.",1
Morbius,24 Mar 2022,@ThatAFCGooner86,Josh,"Also, been reading comics for longer than youve been alive. If you think Morbius is solely a Superhero, you clearly havent read many.",https://nitter.net/ThatAFCGooner86/status/1507144870338732034#m,"Also, been reading comics for longer than youve been alive. If you think Morbius is solely a Superhero, you clearly havent read many.",0
Morbius,24 Mar 2022,@CheriStories,Fashionista Stories,Jared Leto in @gucci Fall 2022 at the ''#Morbius'' Madrid Photocall shar.es/aWSKTa,https://nitter.net/CheriStories/status/1507144810766946307#m,Jared Leto in @gucci Fall 2022 at the ''#Morbius'' Madrid Photocall shar.es/aWSKTa,0
Morbius,24 Mar 2022,@wandaslola,caroline. 🪩,just read ab the morbius post credit scenes and they’re absolutely horrendous 😭😭😭😭,https://nitter.net/wandaslola/status/1507144788897935371#m,just read ab the morbius post credit scenes and they’re absolutely horrendous 😭😭😭😭,1
Morbius,24 Mar 2022,@FredSmith914,Fred Smith,I am sincerely convinced that the Morbius ad campaign is a plot by Sony to sink the value of the Marvel co-sign by pushing the worst thing they could make as a Marvel product,https://nitter.net/FredSmith914/status/1507144722187386880#m,I am sincerely convinced that the Morbius ad campaign is a plot by Sony to sink the value of the Marvel co-sign by pushing the worst thing they could make as a Marvel product,1
Morbius,24 Mar 2022,@PresidentEgg16,President Egg 🍉,"Sure, I don’t really care about Morbius (the character) anyways",https://nitter.net/PresidentEgg16/status/1507144708178714629#m,"Sure, I don’t really care about Morbius (the character) anyways",1
Morbius,24 Mar 2022,@mike_morbius,🦇Mike🧪Morbius🦇🕸️⚰️🏰🪓,"Who will invade Russia to deal with them murdering journalists and political opponents, Russia's biological- and chemical weapons labs? science.org/content/article/…",https://nitter.net/mike_morbius/status/1507144702688219139#m,"Who will invade Russia to deal with them murdering journalists and political opponents, Russia's biological- and chemical weapons labs? science.org/content/article/…",0
Morbius,24 Mar 2022,@iheardyouliked,I Heard You Liked This,How all these non blue check mark dudes seeing MORBIUS already?,https://nitter.net/iheardyouliked/status/1507144631317942273#m,How all these non blue check mark dudes seeing MORBIUS already?,0
Morbius,24 Mar 2022,@AAssembleBR,Avengers Assemble BR,📷 Jared Leto na premiere de #Morbius em Londres.,https://nitter.net/AAssembleBR/status/1507144523364933637#m,📷 Jared Leto at the #Morbius premiere in London.,0
Morbius,24 Mar 2022,@AAssembleBR,Avengers Assemble BR,📷 Jared Leto na premiere de #Morbius em Paris.,https://nitter.net/AAssembleBR/status/1507144499100884992#m,📷 Jared Leto at the premiere of #Morbius in Paris.,0
Morbius,24 Mar 2022,@AAssembleBR,Avengers Assemble BR,📷 Jared Leto e o diretor Daniel Espinosa na premiere de #Morbius na Espanha.,https://nitter.net/AAssembleBR/status/1507144470776758272#m,📷 Jared Leto and director Daniel Espinosa at the premiere of #Morbius in Spain.,0
Morbius,24 Mar 2022,@HeySparkles16,Chips 📛,"I mean, i got reasons for hate venom 1, 2 and now im just waiting that morbius surprise me They say that the 3rd is the charm, hopefully and so",https://nitter.net/HeySparkles16/status/1507144322549907480#m,"I mean, i got reasons for hate venom 1, 2 and now im just waiting that morbius surprise me They say that the 3rd is the charm, hopefully and so",0
Morbius,24 Mar 2022,@RedDragon733,Dalton,People were hoping and getting excited that MORBIUS would be 2000s edgelord trash like Venom but it just ended up being boring is very funny,https://nitter.net/RedDragon733/status/1507144196913868803#m,People were hoping and getting excited that MORBIUS would be 2000s edgelord trash like Venom but it just ended up being boring is very funny,1
Morbius,24 Mar 2022,@DuardoJG,Eduardo G,Pasaré de ir a ver Morbius al cine,https://nitter.net/DuardoJG/status/1507144073110511620#m,I will go from going to see Morbius to the cinema,1
Morbius,24 Mar 2022,@elementbr35,Bromo𖥔 / #JojoLander,"YOU ARE WRONG, MORBIUS IS THE GREATEST MOVIE OF ALL TIME",https://nitter.net/elementbr35/status/1507143941371559954#m,"YOU ARE WRONG, MORBIUS IS THE GREATEST MOVIE OF ALL TIME",1
Morbius,24 Mar 2022,@DylanG9199,Joshua,Just go see #TheBatman again . Instead of #Morbius,https://nitter.net/DylanG9199/status/1507143477834006528#m,Just go see #TheBatman again . Instead of #Morbius,1
Morbius,24 Mar 2022,@Jasamgurlie,BLACKLIVESMATTER,Please don’t tell me the part shown in one of the trailers of Michael Keaton was an end credit scene? Why they spoil that? Sony? #Morbius,https://nitter.net/Jasamgurlie/status/1507143385190129665#m,Please don’t tell me the part shown in one of the trailers of Michael Keaton was an end credit scene? Why they spoil that? Sony? #Morbius,0
Morbius,24 Mar 2022,@MoviePlusGT,MoviePlusGt,En el cuerpo de Michael #Morbius viven 2 personalidades y @kyouzins las capturó perfectamente en su obra. ¿Qué te parece? No te pierdas a una leyenda de #Marvel exclusivamente en cines. 🍿🎥🦇,https://nitter.net/MoviePlusGT/status/1507143205652992007#m,2 personalities live in the body of Michael #Morbius and @kyouzins captured them perfectly in his work. What do you think? Don't miss a #Marvel legend exclusively in theaters. 🍿🎥🦇,0
Morbius,24 Mar 2022,@JuJu_Da_Gamer,JuJu,Morbius got delayed like 8 times. It doesn’t surprise me the early reviews aren’t that good.,https://nitter.net/JuJu_Da_Gamer/status/1507143202893185028#m,Morbius got delayed like 8 times. It doesn’t surprise me the early reviews aren’t that good.,1
Morbius,24 Mar 2022,@lewisjwr,lewisjwr ☆★,"Morbius isn’t a masterpiece? Gosh, whoever could have forseen such a thing",https://nitter.net/lewisjwr/status/1507143198942142470#m,"Morbius isn’t a masterpiece? Gosh, whoever could have forseen such a thing",1
Morbius,24 Mar 2022,@carnageclaps,Carnageclaps,not everyone is gonna hate Morbius,https://nitter.net/carnageclaps/status/1507143179170160642#m,not everyone is gonna hate Morbius,0
Morbius,24 Mar 2022,@verbumproxen,pharmasha,You're telling me you're showing Morbius for two bloody weeks here and not Everything Everywhere 😭,https://nitter.net/verbumproxen/status/1507143087340273664#m,You're telling me you're showing Morbius for two bloody weeks here and not Everything Everywhere 😭,0
Morbius,24 Mar 2022,@TrashmanOrigins,WhoIsSimianRapid?,@Morbius,https://nitter.net/TrashmanOrigins/status/1507143024391995407#m,@Morbius,0
Morbius,24 Mar 2022,@Eddie_fg4,Eddie,Jared Leto can’t catch a break with these characters 😂😂 first DC and now Morbius. 🤦🏻‍♂️🤦🏻‍♂️ I haven’t seen it yet but I’ve been seeing more and more tweets condemning the movie 😂😂,https://nitter.net/Eddie_fg4/status/1507143000937357318#m,Jared Leto can’t catch a break with these characters 😂😂 first DC and now Morbius. 🤦🏻‍♂️🤦🏻‍♂️ I haven’t seen it yet but I’ve been seeing more and more tweets condemning the movie 😂😂,1
Morbius,24 Mar 2022,@RishalPatel,COWBOY RISH 🤠,Kinda wanna see Morbius to see how bad it really is,https://nitter.net/RishalPatel/status/1507142919567904773#m,Kinda wanna see Morbius to see how bad it really is,1
Morbius,24 Mar 2022,@JedElias,The Casual Critic,"So is #Morbius “Let there be Carnage” bad or “Venom” (2018) bad? 🤔 I know most critics didn’t like either one of those movies, but I still had a lot of fun with Carnage.",https://nitter.net/JedElias/status/1507142760901406743#m,"So is #Morbius “Let there be Carnage” bad or “Venom” (2018) bad? 🤔 I know most critics didn’t like either one of those movies, but I still had a lot of fun with Carnage.",1
Morbius,24 Mar 2022,@ChelseaLeiannn,Chelsea,"Sorry, but Morbius is not a real movie. Doesn't exist. Never happened.",https://nitter.net/ChelseaLeiannn/status/1507142626687873057#m,"Sorry, but Morbius is not a real movie. Doesn't exist. Never happened.",1
Morbius,24 Mar 2022,@HutchBucketz,HutchBucketz ⚡️,Morbius is about to be the best movie i’ve ever seen! (Sony if you see this pls invite me to a red carpet haha),https://nitter.net/HutchBucketz/status/1507142376690749440#m,Morbius is about to be the best movie i’ve ever seen! (Sony if you see this pls invite me to a red carpet haha),1
Morbius,24 Mar 2022,@davemabaldwin,Dave Baldwin,Happy to hear that it was just as good as we imagined it would be. #Morbius,https://nitter.net/davemabaldwin/status/1507142067818053632#m,Happy to hear that it was just as good as we imagined it would be. #Morbius,0
Morbius,24 Mar 2022,@MFGrogoom,🕷️,I knew Morbius would be bad but is it really as much of a shit show as everyone is saying?,https://nitter.net/MFGrogoom/status/1507141716721217548#m,I knew Morbius would be bad but is it really as much of a shit show as everyone is saying?,1
Morbius,24 Mar 2022,@mirela_adami,mirela,pensando nele morbius semana que vem,https://nitter.net/mirela_adami/status/1507141700065579020#m,thinking about him morbius next week,0
Morbius,24 Mar 2022,@Zetsub0u1,Lu,"Nobody asked for this, he a trash actor (hehe Im doctor Michael Morbius 💀💀), they wasted my guy Matt Smith, Post credit is the most senseless thing in existence",https://nitter.net/Zetsub0u1/status/1507141591416377344#m,"Nobody asked for this, he a trash actor (hehe Im doctor Michael Morbius 💀💀), they wasted my guy Matt Smith, Post credit is the most senseless thing in existence",1
Morbius,24 Mar 2022,@croquet_13,Crøquet 🪷,"La escena del Joker de Barry Keoghan en The Batman??? Me la pela, estoy demasiado ocupado esperando por el 99% de tomates positivos de la auténtica película del año y de la década: 'MORBIUS: INTO THE MORBIUS-VERSE' 😼😼😼",https://nitter.net/croquet_13/status/1507141454698799105#m,"Barry Keoghan's Joker scene in The Batman??? I'm sorry, I'm too busy waiting for the 99% positive feedback from the true movie of the year and decade: 'MORBIUS: INTO THE MORBIUS-VERSE' 😼😼😼",0
Morbius,24 Mar 2022,@repskywlkr,lour! is seeing djo,man alto miedo estan diciendo cosas horribles de morbius y yo ya me compre las entradas del cine😭,https://nitter.net/repskywlkr/status/1507141395819249669#m,man high fear they are saying horrible things about morbius and I already bought the movie tickets😭,0
Morbius,24 Mar 2022,@buhanizo,lu ! 🕸️,esta morbius en su lista lloro me voy a matar,https://nitter.net/buhanizo/status/1507141283747229698#m,this morbius on your list I cry I'm going to kill myself,1
Morbius,24 Mar 2022,@WalDoubleE,👨🏼‍🦲,Jared Leto really be the worst actor to play any superhero😭. You’re telling me he flopped with Joker AND NOW MORBIUS?!?!?,https://nitter.net/WalDoubleE/status/1507141250041929730#m,Jared Leto really be the worst actor to play any superhero😭. You’re telling me he flopped with Joker AND NOW MORBIUS?!?!?,1
Morbius,24 Mar 2022,@spidersfield,joão 🦇,MORBIUS VAI SER HORRÍVEL KKKKKKKKKKKKKKKKKKKKK,https://nitter.net/spidersfield/status/1507141222690963457#m,MORBIUS IS GOING TO BE HORRIBLE LOL,0
Morbius,Feb 16,@jairmearrependi,jairme,Rindo que teve uma alegoria que foi literalmente isso,https://nitter.net/jairmearrependi/status/2023231159258300882#m,Laughing that there was an allegory that was literally that,0
Morbius,Feb 16,@Kesthecollie,Puppy Bess and Auntie Kes,Speed ✅ Power ✅ Stick ✅,https://nitter.net/Kesthecollie/status/2023370261962051629#m,Speed ✅ Power ✅ Stick ✅,0
Morbius,Feb 16,@zeshmohmand,ZEShan ⚫,بریکنگ نیوز 🚨 نئی ڈیولپمنٹ!!🔥 آئی ایس ایف کے نوجوانوں نے کشمیر ہائی وے اسلام آباد کو بلاک کر دیا!! زبردست 👏,https://nitter.net/zeshmohmand/status/2023426777230774529#m,BREAKING NEWS 🚨 NEW DEVELOPMENT!! 🔥 ISF youth blocked Kashmir Highway Islamabad!! Great 👏,0
Morbius,Feb 15,@meishato,meisha ۶ৎ,things you can burn to reduce stress: - sage - pedophiles - marijuana - racists - lavender,https://nitter.net/meishato/status/2023054431521300548#m,things you can burn to reduce stress: - sage - pedophiles - marijuana - racists - lavender,0
Morbius,Feb 16,@TheDonClub,Don,"You got mad at my opinion, what happened to people being able to share opinions? I guess mine matters to you. One day you’ll have to look me in the eye and apologize for your ignorance.",https://nitter.net/TheDonClub/status/2023431114971574737#m,"You got mad at my opinion, what happened to people being able to share opinions? I guess mine matters to you. One day you’ll have to look me in the eye and apologize for your ignorance.",0
Morbius,Feb 16,@i_il22,امل احمد,عن ايش الاسئله 🌚,https://nitter.net/i_il22/status/2023431114967421034#m,What are the questions about?,0
Morbius,Feb 16,@damasco1812,Sergio,The body as battlefield: Europe’s far right is turning health policy into a fight against science vía @Euractiv euractiv.com/news/the-body-a…,https://nitter.net/damasco1812/status/2023335496970346554#m,The body as battlefield: Europe’s far right is turning health policy into a fight against science vía @Euractiv euractiv.com/news/the-body-a…,0
Morbius,Feb 16,@CHDAngelMom,Casi Weinmann,"Even in death, Charlie still sees the TRUTH & helped exposing her insanity. Wow. She turned out to be a true psychopath. It’s sad. Either she was ALWAYS this way & was great at being a chameleon, or she became a psychopath after his death. I don’t know which. Because ousted or not, she didn’t reveal herself until he passed away. I don’t get it",https://nitter.net/CHDAngelMom/status/2023431114967134507#m,"Even in death, Charlie still sees the TRUTH & helped exposing her insanity. Wow. She turned out to be a true psychopath. It’s sad. Either she was ALWAYS this way & was great at being a chameleon, or she became a psychopath after his death. I don’t know which. Because ousted or not, she didn’t reveal herself until he passed away. I don’t get it",0
Morbius,Feb 16,@BACK300FIRE,BACKFIRE 300🧋🐩,足す以上に抜くことが大事ってのは創作あるあるですからねぇ… 試し描きじゃあ、オラオラオラァ！と勢いで描いたのが意外と気に入って、ほんじゃ背景も描くかと頑張ったら何を描きたかったのかがぼやけたり 侭なりません、はい,https://nitter.net/BACK300FIRE/status/2023431114963259465#m,"Subtracting is more important than adding because there is something creative about it... This is a trial drawing, oh my! I drew it with such vigor that I surprisingly liked it, and when I tried to draw the background too, what I wanted to draw became blurry.",0
Morbius,Feb 16,@ohohohohohohoa,กกต.หัวฆวย.อมย.นห,แบงค์เอาตายแน่ กัดไม่ปล่อยกับประกันสังคม,https://nitter.net/ohohohohohohoa/status/2023309781264662645#m,The bank will surely kill you. Don't let go of Social Security.,0
Morbius,Feb 16,@TheSpiderKong,Miguel Bilhar,"ano passado anularam um gol do inter contra o bahia com uma falta muito parecida e eu fiquei PUTO se voce é a favor dessa falta voce é contra o futebol, simples assim maluco claramente perde o controle da bola antes mesmo do contato esse tipo de falta é INSUPORTAVEL no fut br",https://nitter.net/TheSpiderKong/status/2023413689593037012#m,"last year they canceled a goal from inter against bahia with a very similar foul and I was PISSED if you are in favor of that foul you are against football, simple as that, crazy guy clearly loses control of the ball even before contact, this type of foul is UNBEARABLE in fut br",0
Morbius,Feb 15,@IamFromStars,Alice Taylor's bitch⁷ 🍉 will see TWICE & BTS,Odebrali mi ich dla tego czegoś,https://nitter.net/IamFromStars/status/2023154959051808860#m,They were taken from me for this thing,0
Morbius,26 Mar 2022,@InfamousP,Pip $moke,and he’s gonna get nominated for Worst Actor next year for Morbius 😂😂😂,https://nitter.net/InfamousP/status/1507869573042868224#m,and he’s gonna get nominated for Worst Actor next year for Morbius 😂😂😂,0
Morbius,26 Mar 2022,@cjsjostrand,A guy named Carl and a cat named Pickle,*nerd glasses* Morbius is a Sony Spider-Man Universe picture so it'd be a failure of Sony. It has MCU's Vulture though and kinda no idea where it is in the multiverse canon. New MCU Blade has already made a voice cameo in another MCU movie though.,https://nitter.net/cjsjostrand/status/1507869278623526914#m,*nerd glasses* Morbius is a Sony Spider-Man Universe picture so it'd be a failure of Sony. It has MCU's Vulture though and kinda no idea where it is in the multiverse canon. New MCU Blade has already made a voice cameo in another MCU movie though.,0
Morbius,26 Mar 2022,@priya_gajar,rockstar barbie,what did morbius do to you 😭,https://nitter.net/priya_gajar/status/1507869122469810183#m,what did morbius do to you 😭,0
Morbius,26 Mar 2022,@hsinbloom,toria,acabei de ver batman deram esse ingresso promocional e um jornal do morbius ??? dkkdkdk,https://nitter.net/hsinbloom/status/1507868966177456136#m,"I just saw Batman, did they give you this promotional ticket and a morbius newspaper??? dkkdkdk",0
Morbius,26 Mar 2022,@MoesesKIIINT,Moeses KIIINT,"They're about to disown Morbius then, cause it's looking like it'll do terrible.",https://nitter.net/MoesesKIIINT/status/1507868795704123398#m,"They're about to disown Morbius then, cause it's looking like it'll do terrible.",1
Morbius,26 Mar 2022,@GoodWitchLuzara,🌸 Juliet/Luz/Emma/Marcy/Dilly 🌸,I was going to watch Morbius in cinemas but instead I think imma wait till its on dvd,https://nitter.net/GoodWitchLuzara/status/1507868548965752833#m,I was going to watch Morbius in cinemas but instead I think imma wait till its on dvd,1
Morbius,26 Mar 2022,@qrkhams,key 𓆩♱𓆪,morbius check:,https://nitter.net/qrkhams/status/1507868018436718599#m,morbius check:,0
Morbius,26 Mar 2022,@CptPikmin,SandshrewGaming680,good news! We dont have to watch Morbius!,https://nitter.net/CptPikmin/status/1507867992444473344#m,good news! We dont have to watch Morbius!,0
Morbius,26 Mar 2022,@RossMovieReview,Ross The Movie Reviewer,"Sonic The Hedgehog 2 The Northman Morbius: reason why is, to see how bad it is. Fantastic Beasts 3: Please don’t let me down or otherwise am done with this series!",https://nitter.net/RossMovieReview/status/1507867726844473351#m,"Sonic The Hedgehog 2 The Northman Morbius: reason why is, to see how bad it is. Fantastic Beasts 3: Please don’t let me down or otherwise am done with this series!",0
Morbius,26 Mar 2022,@iamthatroby,rob-e,Avi Arad seeing one person ask when Morbius is going to appear in the avengers,https://nitter.net/iamthatroby/status/1507867594929602561#m,Avi Arad seeing one person ask when Morbius is going to appear in the avengers,0
Morbius,26 Mar 2022,@jeguru1,MrWild462,‘Morbius’ Director Confirms Spider-Man Exists In Sony’s Universe jeabynews.com/morbius-direct…,https://nitter.net/jeguru1/status/1507867328872333316#m,‘Morbius’ Director Confirms Spider-Man Exists In Sony’s Universe jeabynews.com/morbius-direct…,0
Morbius,26 Mar 2022,@ComicsCollecti4,Comics Collectibles,FEAR #30 CGC 9.6 🔑🔥 Morbius the Living Vampire WHITE could be 9.8 see pics ebay.com/itm/255456726002?ha… eBay,https://nitter.net/ComicsCollecti4/status/1507867266011992065#m,FEAR #30 CGC 9.6 🔑🔥 Morbius the Living Vampire WHITE could be 9.8 see pics ebay.com/itm/255456726002?ha… eBay,0
Morbius,26 Mar 2022,@DarkspiderDavid,David Ortega,"Chief shows his face in just the first episode of Halo, Morbius direct flat out spoils the movie on Twitter; Its a really sad and bizarre time to be a pop culture fan. I guess this is a good a time as any to cleanse out with Everything Everywhere All At Once.",https://nitter.net/DarkspiderDavid/status/1507867230192607233#m,"Chief shows his face in just the first episode of Halo, Morbius direct flat out spoils the movie on Twitter; Its a really sad and bizarre time to be a pop culture fan. I guess this is a good a time as any to cleanse out with Everything Everywhere All At Once.",1
Morbius,26 Mar 2022,@Aarty12341,Mr Scene IT ALL,"Wish I was working with Sony on morbius and spiderman. The First thing I'd do is leave the mcu I'd start a secret wars spider verse trilogy based on TAS with Tom, Tobey and Andrew. Introduce madame web the beyonder and ease Miles morales into the trilogy to take over from Tom.",https://nitter.net/Aarty12341/status/1507867067663491075#m,"Wish I was working with Sony on morbius and spiderman. The First thing I'd do is leave the mcu I'd start a secret wars spider verse trilogy based on TAS with Tom, Tobey and Andrew. Introduce madame web the beyonder and ease Miles morales into the trilogy to take over from Tom.",0
Morbius,26 Mar 2022,@Joe_Pace96,Joe Pace,I feel like this will do well because everyone will see it after Morbius and just be happier 😂,https://nitter.net/Joe_Pace96/status/1507866877762097152#m,I feel like this will do well because everyone will see it after Morbius and just be happier 😂,0
Morbius,26 Mar 2022,@HiddenReach,Hidden Reach,Morbius? 👀,https://nitter.net/HiddenReach/status/1507866791686594567#m,Morbius? 👀,0
Morbius,27 Mar 2022,@Morbius_Fan1,Saint Chama 🗿,,https://nitter.net/Morbius_Fan1/status/1508232324361723919#m,,0
Morbius,27 Mar 2022,@Morbius_Fan1,Saint Chama 🗿,,https://nitter.net/Morbius_Fan1/status/1508232191955906564#m,,0
Morbius,27 Mar 2022,@videlicetius,Videlicetius,Morbius Box Office Debut Projected As Lowest Spider-Man Live-Action Movie screenrant.com/morbius-box-o…,https://nitter.net/videlicetius/status/1508231726350409741#m,Morbius Box Office Debut Projected As Lowest Spider-Man Live-Action Movie screenrant.com/morbius-box-o…,0
Morbius,27 Mar 2022,@yhanzin2,pravas,"Qnd será q morbius chega aqui em Adamantina, minha expectativa pra esse filme tá mto alta",https://nitter.net/yhanzin2/status/1508231479087747077#m,"When will Morbius arrive here in Adamantina, my expectations for this film are very high",0
Morbius,27 Mar 2022,@dragonmoments,Dragon,Looks like I’m gonna go see Morbius,https://nitter.net/dragonmoments/status/1508231365606711302#m,Looks like I’m gonna go see Morbius,1
Morbius,27 Mar 2022,@pipisnyasemut,nih🍉,"pageee, morbius sama moon knight tinggal 2 hareeeee😭🤗🤗",https://nitter.net/pipisnyasemut/status/1508231212896514050#m,"pageee, Morbius and Moon Knight only have 2 days left😭🤗🤗",0
Morbius,27 Mar 2022,@BatiburrilloEl,El Batiburrillo,"En la serie animada de los 90 de Spiderman, Morbius tuvo una historia bastante interesante y algunas apariciones. Y ya los crossovers con Blade están bastante guapos.",https://nitter.net/BatiburrilloEl/status/1508231077579706379#m,"In the '90s Spiderman animated series, Morbius had a pretty interesting story and a few appearances. And the crossovers with Blade are already quite nice.",0
Morbius,27 Mar 2022,@Morbius_Fan1,Saint Chama 🗿,,https://nitter.net/Morbius_Fan1/status/1508230852752384003#m,,0
Morbius,27 Mar 2022,@BIONICPRIME,J°$h ฏۗ™ۗۗ꙱꙱꙱꙱꙱꙱꙱꙱꙱꙱꙱꙱꙱꙱꙱꙱꙱꙱꙱꙱꙱꙱꙱꙱꙱꙱꙱꙱꙱꙱꙱꙱꙱꙱꙱꙱꙱꙱꙱꙱,Should've been Morbius....,https://nitter.net/BIONICPRIME/status/1508230669482217478#m,Should've been Morbius....,1
Morbius,27 Mar 2022,@Morbius_Fan1,Saint Chama 🗿,Minnesota coach is another Kevin Ryan look a like,https://nitter.net/Morbius_Fan1/status/1508230623865016320#m,Minnesota coach is another Kevin Ryan look a like,0
Morbius,27 Mar 2022,@0luquitaz,lucas,"Em Abril tem 3 filmes que preciso assistir no cinema: Morbius ( sim, eu vou assistir), Sonic 2 e Animais Fantásticos 3. Espero eu conseguir ver todos eles.",https://nitter.net/0luquitaz/status/1508230428666253315#m,"In April there are 3 films that I need to watch at the cinema: Morbius (yes, I'm going to watch), Sonic 2 and Fantastic Beasts 3. I hope I can see them all.",0
Morbius,27 Mar 2022,@N64Team,Team N64 (Sixty) #WhoIsEmio,Lore de Sonic>>>>>>>>>>>>>>>>>>>Lore de Morbius,https://nitter.net/N64Team/status/1508230416175669258#m,Sonic Lore>>>>>>>>>>>>>>>>>>>> Morbius Lore,0
Morbius,27 Mar 2022,@Cinemark_ar,Cinemark Argentina 🇦🇷,Acordate que ya podés asegurar tu lugar para #Morbius y #AnimalesFantasticos3 en cinemarkhoyts.com.ar,https://nitter.net/Cinemark_ar/status/1508230385812926466#m,Remember that you can now secure your place for #Morbius and #FantasticAnimals3 at cinemamarkhoyts.com.ar,0
Morbius,27 Mar 2022,@Morbius_Fan1,Saint Chama 🗿,I kiss Brooklyn D-lo,https://nitter.net/Morbius_Fan1/status/1508230328711884804#m,I kiss Brooklyn D-lo,0
Morbius,27 Mar 2022,@Metacida,not alive,"Me da que en Morbius no va a ser, o solo por esa tontuna las críticas no serían TAN malas",https://nitter.net/Metacida/status/1508230025992187907#m,"I think it won't be in Morbius, or just because of that nonsense the reviews wouldn't be THAT bad.",0
Morbius,27 Mar 2022,@Morbius_Fan1,Saint Chama 🗿,,https://nitter.net/Morbius_Fan1/status/1508230022544384005#m,,0
Morbius,27 Mar 2022,@otterpop29,maura 🦦,okay who wants to take the bullet and see morbius with me? i HAVE to see matt smith,https://nitter.net/otterpop29/status/1508229786748928000#m,okay who wants to take the bullet and see morbius with me? i HAVE to see matt smith,1
Morbius,27 Mar 2022,@valmont1702,Carl LEPELTIER,"Based on the various clues, we already know #Venom & #Morbius are in the same universe as Andrew Garfields's Amazing Spider-Man 😏",https://nitter.net/valmont1702/status/1508229755002368003#m,"Based on the various clues, we already know #Venom & #Morbius are in the same universe as Andrew Garfields's Amazing Spider-Man 😏",0
Morbius,27 Mar 2022,@gabrielw_jpg,Gabriel™,"o dia que eu sair de casa pra assistir MORBIUS pode me internar que eu tô maluco, quem teve essa ideia?",https://nitter.net/gabrielw_jpg/status/1508229748996120576#m,"The day I leave the house to watch MORBIUS might admit me that I'm crazy, who had this idea?",1
Morbius,27 Mar 2022,@Birdsquawks_,EJ,It’d be cool if it was a variant to Tobey’s Spidey because we know he worked at the Daily Bugle with the same logo last time we saw him in the Raimiverse. But it could be a variant to Tom or Andrew too. I really wanna know who’s the Spider-Man in the Morbius universe already,https://nitter.net/Birdsquawks_/status/1508229342672814085#m,It’d be cool if it was a variant to Tobey’s Spidey because we know he worked at the Daily Bugle with the same logo last time we saw him in the Raimiverse. But it could be a variant to Tom or Andrew too. I really wanna know who’s the Spider-Man in the Morbius universe already,1
Morbius,27 Mar 2022,@WillSamoro,William Daniel,"#jaredleto, #morbius, #suicidesquad, #requiemforadream Não dá pra negar que o Jared Leto só fez atuações dignas de Framboesa de Ouro. 3 filmes que não dá pra apagar da memória (dele).",https://nitter.net/WillSamoro/status/1508229302990647296#m,"#jaredleto, #morbius, #suicidesquad, #requiemforadream There's no denying that Jared Leto only gave performances worthy of a Golden Raspberry. 3 films that you can’t erase from your (his) memory.",0
Morbius,27 Mar 2022,@trebuaNsalguoD,último romântico,LEK.... Tô triste pq não vou ver morbius na estreia,https://nitter.net/trebuaNsalguoD/status/1508229193741578241#m,LEK.... I'm sad because I won't see Morbius at the premiere,0
Morbius,27 Mar 2022,@CinephileX79,Xennial Cinephile,"Morbius Director Talks Vulture’s Role, Post-Credits Scenes comingsoon.net/movies/news/1… #xennialcinephile #cinephilex79",https://nitter.net/CinephileX79/status/1508229046328508417#m,"Morbius Director Talks Vulture’s Role, Post-Credits Scenes comingsoon.net/movies/news/1… #xennialcinephile #cinephilex79",0
Morbius,27 Mar 2022,@Accessdenied_03,bossy beast.,You know morbius is out on Thursday right?!,https://nitter.net/Accessdenied_03/status/1508228967047696387#m,You know morbius is out on Thursday right?!,0
Morbius,27 Mar 2022,@LandonBurris,Landon,@gloomPATROL Are you on #JaredLeto watch? Heard he might attend the #Oscars as #Morbius this year...,https://nitter.net/LandonBurris/status/1508228789729480708#m,@gloomPATROL Are you on #JaredLeto watch? Heard he might attend the #Oscars as #Morbius this year...,0
Morbius,27 Mar 2022,@CarlosEMunoz2,Carlos E. Munoz,Should I waste my money on tickets for Morbius?,https://nitter.net/CarlosEMunoz2/status/1508228663250149385#m,Should I waste my money on tickets for Morbius?,1
Morbius,27 Mar 2022,@Morbius_Fan1,Saint Chama 🗿,THIS TEAM!!,https://nitter.net/Morbius_Fan1/status/1508228550096269316#m,THIS TEAM!!,0
Morbius,27 Mar 2022,@Josancoppola,Art Deco,a ver como lo hacen con morbius pero la de venom no parecia tanto de los 90 xd,https://nitter.net/Josancoppola/status/1508228367790837760#m,Let's see how they do it with Morbius but the Venom one didn't seem so much from the 90s xd,0
Morbius,27 Mar 2022,@guiseokie_,เɳα⁷₉ 솝 ﾒ𝟶 | PLAYᶜʳᶠ,"tenho q assistir hawkeye ate dia 30, pra assistir moonknight até dia 1 pra eu assistir morbius dia 1 a noite mds marvel put4",https://nitter.net/guiseokie_/status/1508228324644036614#m,"I have to watch Hawkeye until the 30th, to watch Moonknight until the 1st so I can watch Morbius on the 1st at night mds marvel put4",0
Morbius,27 Mar 2022,@MarvelousChats,Marvelous Chats,Fantastic cast tonight all! Great turn out live over on #twitch! Not to worry though if you missed it will be up on #YouTube and #Spotify tomorrow ! Big week coming next week! Loads of new content. CANT WAIT ! #MoonKnight #Morbius #marvel #mcu #disneyplus 💚💚💚,https://nitter.net/MarvelousChats/status/1508228199687327744#m,Fantastic cast tonight all! Great turn out live over on #twitch! Not to worry though if you missed it will be up on #YouTube and #Spotify tomorrow ! Big week coming next week! Loads of new content. CANT WAIT ! #MoonKnight #Morbius #marvel #mcu #disneyplus 💚💚💚,0
Morbius,27 Mar 2022,@chrisdsav,𝕽𝖆𝖉𝖎𝖔 𝖔𝖋 𝕳𝖔𝖗𝖗𝖔𝖗 #horrorhost,I saw the lost city Morbius does not come out till next week,https://nitter.net/chrisdsav/status/1508227867926278156#m,I saw the lost city Morbius does not come out till next week,1
Morbius,27 Mar 2022,@JaredLeto,JARED LETO,#MADRID @MorbiusMovie #MORBIUS,https://nitter.net/JaredLeto/status/1508227642469740548#m,#MADRID @MorbiusMovie #MORBIUS,0
Morbius,27 Mar 2022,@Morbius_Fan1,Saint Chama 🗿,W,https://nitter.net/Morbius_Fan1/status/1508227636627218436#m,W,0
Morbius,27 Mar 2022,@Anarconormie,ACESSORIA RATM,"não vi, nem vou ver morbius, to meio pah com coisa de heroi",https://nitter.net/Anarconormie/status/1508227582546055169#m,"I haven't seen it, nor will I see it, Morbius, I'm a little confused about hero stuff",0
Morbius,27 Mar 2022,@onlyace_daniels,𝑨𝒄𝒆 𝑫𝒂𝒏𝒊𝒆𝒍𝒔,Green light Morbius 2 and 3 and a Jared Leto Spin-off Show with Jared Leto playing a Different version called Morbi-us Directed by Jordon Peele,https://nitter.net/onlyace_daniels/status/1508227143439990786#m,Green light Morbius 2 and 3 and a Jared Leto Spin-off Show with Jared Leto playing a Different version called Morbi-us Directed by Jordon Peele,0
Morbius,27 Mar 2022,@Morbius_Fan1,Saint Chama 🗿,Kat is so sad. I AM SO HAPPY!!!!!,https://nitter.net/Morbius_Fan1/status/1508226841705947142#m,Kat is so sad. I AM SO HAPPY!!!!!,0
Morbius,27 Mar 2022,@MARSStore,THE MARS STORE.,New #MORBIUSMERCH! Three new items just dropped in the store - quantities limited so grab ‘em while you can: Morbiusmerch.com,https://nitter.net/MARSStore/status/1508226837389840384#m,New #MORBIUSMERCH! Three new items just dropped in the store - quantities limited so grab ‘em while you can: Morbiusmerch.com,0
Morbius,27 Mar 2022,@DanielPEQUENO3,Daniel_fromMts,estão criticando muito Morbius,https://nitter.net/DanielPEQUENO3/status/1508226723040661506#m,are criticizing Morbius a lot,0
Morbius,27 Mar 2022,@muramasacast,Muramasa #OfertasdeGames,Os 10 Maiores Inimigos do Morbius ovicio.com.br/os-10-maiores-…,https://nitter.net/muramasacast/status/1508226496909000704#m,The 10 Greatest Enemies of Morbius ovicio.com.br/os-10-maiores-…,0
Morbius,27 Mar 2022,@Cinemascomics,Cinemascomics,Explicación a la presencia del Buitre del UCM en Morbius. No tiene sentido cinemascomics.com/explicacio…,https://nitter.net/Cinemascomics/status/1508226486234456067#m,Explanation of the presence of the UCM Vulture in Morbius. It doesn't make sense cinemascomics.com/explicacio…,0
Morbius,28 Mar 2022,@worldofHailee,Hailee Steinfeld’s ex,Can’t be worse than Morbius 😅,https://nitter.net/worldofHailee/status/1508594762945015814#m,Can’t be worse than Morbius 😅,0
Morbius,28 Mar 2022,@SCinecolon,Starlight CineColón,En solo 3 DÍAS es el GRAN ESTRENO de #Morbius en #StarlightCinemaDigital ⭐ (Jueves 31/03) Próximamente publicamos los horarios y programación completa.,https://nitter.net/SCinecolon/status/1508594632560574466#m,In just 3 DAYS is the GRAND PREMIERE of #Morbius at #StarlightCinemaDigital ⭐ (Thursday 03/31) We will soon publish the schedules and complete programming.,0
Morbius,28 Mar 2022,@BigToneant,Big Tone #MorbiusSweep,Can't wait for morbius to get on this thread,https://nitter.net/BigToneant/status/1508594586850975745#m,Can't wait for morbius to get on this thread,0
Morbius,28 Mar 2022,@mateusonfire,mute,"a critica diz q Morbius é ruim agora q eu quero ve memo, tenho certeza que vo gosta. filme ruim é alicerce do cinema conteporaneo",https://nitter.net/mateusonfire/status/1508594483792916490#m,"The critics say that Morbius is bad, now I want to see it, I'm sure you'll like it. Bad films are the foundation of contemporary cinema",1
Morbius,28 Mar 2022,@LShadowed,"Lawki (La La Land fan account, moi ??) 🎬","Et c'est avec seulement une petite journée de retard que voici le planning de la semaine !! La présentation se fait sur un perso Moon Knight, parce que... Morbius... Enfin, je me passe de commentaires Et évidemment, selon vos votes précédents, la vidéo de Wanda est en préparation",https://nitter.net/LShadowed/status/1508594283863056392#m,"And it's only a little day late that here is the schedule for the week!! The presentation is on a Moon Knight character, because... Morbius... Well, I do without comments And obviously, according to your previous votes, Wanda's video is in preparation",0
Morbius,28 Mar 2022,@ArronTilley8,Arron Tilley,#Morbius #MorbiusMovieID #GFUEL,https://nitter.net/ArronTilley8/status/1508594269069660171#m,#Morbius #MorbiusMovieID #GFUEL,0
Morbius,28 Mar 2022,@c4ms_l,cams,eu quero mtmtmtmtm assistir Morbius 😱,https://nitter.net/c4ms_l/status/1508594004249690117#m,I really want to watch Morbius 😱,1
Morbius,28 Mar 2022,@tjstrangerking,Tony Jiménez,"Lo de ""Morbius"" no deja de ser como esas referencias en las dos de ""Venom"". Pilladas por los pelos y muy ligeras. Me da que tampoco pueden hacer mucho más, o que Marvel Studios no les deja demasiado margen más allá de para crear su propio universo.",https://nitter.net/tjstrangerking/status/1508593944736710668#m,"The ""Morbius"" thing is still like those references in the two ""Venom"" ones. Caught by the hair and very light. It seems to me that they can't do much more, or that Marvel Studios doesn't leave them much room beyond creating their own universe.",0
Morbius,28 Mar 2022,@justlikeMrJ,𝙅 𝙖 𝙮,QUE BONITINHO ELE FALANDO EM PORTUGUÊS HAUSHAUSH eu tô chorando 😭 o Jared tá tão feliz com Morbius 💜🧛 Coloquem ele num potinho e o protejam de todo mal,https://nitter.net/justlikeMrJ/status/1508593839182860302#m,HOW CUTE HIM SPEAKING PORTUGUESE HAUSHAUSH I'm crying 😭 Jared is so happy with Morbius 💜🧛 Put him in a little pot and protect him from all harm,0
Morbius,28 Mar 2022,@McBDirect,Jack McBryan,"I agree, it does. Could very likely be the best thing that comes out of Morbius",https://nitter.net/McBDirect/status/1508593793590779912#m,"I agree, it does. Could very likely be the best thing that comes out of Morbius",1
Morbius,28 Mar 2022,@YoungEntmag,Young Entertainment,"Check out the top 10 things to Read, Watch, and Listen to from Mar. 27 to Apr. 7 #Moonshot #WeareYA #Morbius youngentertainmentmag.com/to…",https://nitter.net/YoungEntmag/status/1508593774565683203#m,"Check out the top 10 things to Read, Watch, and Listen to from Mar. 27 to Apr. 7 #Moonshot #WeareYA #Morbius youngentertainmentmag.com/to…",0
Morbius,28 Mar 2022,@Lord_Carnxge,Shawn renner,#MORBIUS that would be cool af to have,https://nitter.net/Lord_Carnxge/status/1508593556423909376#m,#MORBIUS that would be cool af to have,0
Morbius,28 Mar 2022,@junkytoes,junkytoes,#MORBIUS,https://nitter.net/junkytoes/status/1508593536127676422#m,#MORBIUS,0
Morbius,28 Mar 2022,@CineMultiverse,The Cine Multiverse,"It's pretty safe to say Toby McGuire- Spiderman will not be this Morbius & Venom Universe. Vulture is part of Tom Holland-Spiderman's universe & he's being teased in this Morbius movie. Morbius 1st appeared in the Amazing Spiderman comic 101, my thought is they stick with that.",https://nitter.net/CineMultiverse/status/1508593392397299713#m,"It's pretty safe to say Toby McGuire- Spiderman will not be this Morbius & Venom Universe. Vulture is part of Tom Holland-Spiderman's universe & he's being teased in this Morbius movie. Morbius 1st appeared in the Amazing Spiderman comic 101, my thought is they stick with that.",1
Morbius,28 Mar 2022,@Sieeee__,Sierra,I gotta see MORBIUS,https://nitter.net/Sieeee__/status/1508593350903046144#m,I gotta see MORBIUS,0
Morbius,28 Mar 2022,@iMDeaDlyBruhh,iMDeadly,#MORBIUS,https://nitter.net/iMDeaDlyBruhh/status/1508593170409472001#m,#MORBIUS,0
Morbius,28 Mar 2022,@ChryslerxMachi1,ChryslerxMachinax69,#Morbius looking forward to it!,https://nitter.net/ChryslerxMachi1/status/1508593153481314304#m,#Morbius looking forward to it!,1
Morbius,28 Mar 2022,@RealRyanAdams1,Ryan Adams,#MORBIUS can’t wait to see it this weekend,https://nitter.net/RealRyanAdams1/status/1508592962992803844#m,#MORBIUS can’t wait to see it this weekend,1
Morbius,28 Mar 2022,@DarkAngelSlater,Stephen Slater,This would be perfect for the new house #MORBIUS,https://nitter.net/DarkAngelSlater/status/1508592788774047751#m,This would be perfect for the new house #MORBIUS,0
Morbius,28 Mar 2022,@klapolloz,falbo,morbius tem cara de ser um filme que renderia horas de sono,https://nitter.net/klapolloz/status/1508592781303992331#m,morbius looks like a film that would give you hours of sleep,0
Morbius,28 Mar 2022,@eurkplay,RK Play,Vendo Morbius / vendo #sonic 2 o filme,https://nitter.net/eurkplay/status/1508592737452535809#m,Watching Morbius / watching #sonic 2 the movie,0
Morbius,28 Mar 2022,@Mauro_722,.,Moon knight y morbius en esta semana y todo es felicidad!,https://nitter.net/Mauro_722/status/1508592642422194182#m,Moon knight and morbius in this week and everything is happiness!,1
Morbius,28 Mar 2022,@bouchard_emeric,K1 Fear,#Morbius LFFGGG,https://nitter.net/bouchard_emeric/status/1508592585912504321#m,#Morbius LFFGGG,0
Morbius,28 Mar 2022,@shanemcwilliams,Shane McWilliams,#MORBIUS,https://nitter.net/shanemcwilliams/status/1508592294420697097#m,#MORBIUS,0
Morbius,28 Mar 2022,@malnacor,LoungeNerd,Done and #Morbius lets do this!!!!!!,https://nitter.net/malnacor/status/1508592268562903043#m,Done and #Morbius lets do this!!!!!!,0
Morbius,28 Mar 2022,@damedameio,Tores,To querendo ver Morbius na pré estreia,https://nitter.net/damedameio/status/1508592247729762307#m,I want to see Morbius in the premiere,0
Morbius,28 Mar 2022,@MythicGamer29,Mythic Gamer,#MORBIUS,https://nitter.net/MythicGamer29/status/1508592209368686595#m,#MORBIUS,0
Morbius,28 Mar 2022,@SteelbookDaddy,Tyan Reynolds,Gonna be a long week. 5am-6pm work day through Saturday. The Long Halloween everyday. Moon Knight. Morbius. .@mcu_on_repeat on Sunday (will have a non spoiler episode for publishing purposes on Sunday).,https://nitter.net/SteelbookDaddy/status/1508592071334109184#m,Gonna be a long week. 5am-6pm work day through Saturday. The Long Halloween everyday. Moon Knight. Morbius. .@mcu_on_repeat on Sunday (will have a non spoiler episode for publishing purposes on Sunday).,0
Morbius,28 Mar 2022,@Cman710,Cman710,Still better casting than Jared Leto as Morbius.,https://nitter.net/Cman710/status/1508592040392626177#m,Still better casting than Jared Leto as Morbius.,0
Morbius,28 Mar 2022,@rrubbar,💜💫💙❤Rocío📖❤💛💜,#Morbius ¿¿¿¿en España vale el sorteo???? Gracias 😊,https://nitter.net/rrubbar/status/1508591908058275840#m,#Morbius Is the draw valid in Spain???? Thank you 😊,0
Morbius,28 Mar 2022,@bertm1975,BGM_FinalKnight,#Morbius #GFUEL,https://nitter.net/bertm1975/status/1508591844086755339#m,#Morbius #GFUEL,0
Morbius,28 Mar 2022,@Oscar_Oreo,Osc,Moonknight & Morbius this week 🙏,https://nitter.net/Oscar_Oreo/status/1508591760305319939#m,Moonknight & Morbius this week 🙏,0
Morbius,28 Mar 2022,@Alex_____72,Alex,#morbius #GFUEL,https://nitter.net/Alex_____72/status/1508591496555114497#m,#morbius #GFUEL,0
Morbius,28 Mar 2022,@J_romey2402,Jeremy2402,#Morbius YURRR,https://nitter.net/J_romey2402/status/1508591487629541377#m,#Morbius YURRR,0
Morbius,28 Mar 2022,@SantiB_66,+54 9 221 352-1546 🇸🇪,CHICOS ESTOY ENTUSIASMADO POR MORBIUS,https://nitter.net/SantiB_66/status/1508591199275339776#m,GUYS I'M EXCITED ABOUT MORBIUS,0
Morbius,28 Mar 2022,@Jhinocyde,Jhinocyde,#Morbius,https://nitter.net/Jhinocyde/status/1508591143751086080#m,#Morbius,0
Morbius,28 Mar 2022,@elmis003,elmis,#MORBIUS lets go papa need a new fridge,https://nitter.net/elmis003/status/1508591142463582224#m,#MORBIUS lets go papa need a new fridge,1
Morbius,29 Mar 2022,@capybaroness,largest rodent,??? i thought only morbius had the morbius disease.,https://nitter.net/capybaroness/status/1508957109735636999#m,??? i thought only morbius had the morbius disease.,1
Morbius,29 Mar 2022,@efernonity,z,siapa yang nknton morbius hari ini???,https://nitter.net/efernonity/status/1508957075397025795#m,Who's watching Morbius today???,0
Morbius,29 Mar 2022,@aszucatti,ᴸᵉᶜᵒ,Ir ver morbius na pré estreia e legendado ainda aí sim,https://nitter.net/aszucatti/status/1508956954512744456#m,Go see Morbius at the premiere and with subtitles still there,0
Morbius,29 Mar 2022,@daniellelizza,danielliza 🌟💃🦸‍♀️,Amanhã tem estreia de Morbius em LA. Atencao para ver se Dakota vai já que é evento da Sonny! 👀,https://nitter.net/daniellelizza/status/1508956550181834759#m,Tomorrow sees the premiere of Morbius in LA. Pay attention to see if Dakota goes since it's Sonny's event! 👀,0
Morbius,29 Mar 2022,@tatertot374,Beth,#MORBIUS,https://nitter.net/tatertot374/status/1508956104516067333#m,#MORBIUS,0
Morbius,29 Mar 2022,@eyesofhamtori,rin,Ga bisa nonton morbius 😔,https://nitter.net/eyesofhamtori/status/1508955712801902593#m,Can't watch Morbius 😔,0
Morbius,29 Mar 2022,@hitcancel,Le Chiffre,Morbius movie cool idea Morlun movie = 1.8 billion dollars in ticket sales alone,https://nitter.net/hitcancel/status/1508955559185338375#m,Morbius movie cool idea Morlun movie = 1.8 billion dollars in ticket sales alone,1
Morbius,29 Mar 2022,@jessiemuellerr,victor night shyamalan,"Fui mudar meu nome aqui pra ""pre-estreia de morbius no Cariri cancelada pois ninguém comprou ingresso"" mas não coube :(",https://nitter.net/jessiemuellerr/status/1508955519201034241#m,"I went to change my name here to ""morbius premiere in Cariri canceled because no one bought a ticket"" but it didn't fit :(",0
Morbius,29 Mar 2022,@venusianxpluto,Ree is in Milan 🇮🇹,I feel like morbius is gonna be an absolute disaster,https://nitter.net/venusianxpluto/status/1508955516827017220#m,I feel like morbius is gonna be an absolute disaster,1
Morbius,29 Mar 2022,@jacobmc_18,jacob,which girl gonna come and watch morbius with me 😫🤦🏻‍♂️💯,https://nitter.net/jacobmc_18/status/1508955512351637508#m,which girl gonna come and watch morbius with me 😫🤦🏻‍♂️💯,0
Morbius,29 Mar 2022,@Osu16Bit,Stephanie Brownback,"in honor of trans day of visibility every trans person should get a free ticket to see marvel's new legend, morbius",https://nitter.net/Osu16Bit/status/1508955503744983047#m,"in honor of trans day of visibility every trans person should get a free ticket to see marvel's new legend, morbius",0
Morbius,29 Mar 2022,@KevinTarazi,Kevin | #RoadToRequiem,A que no puede ser tan L como Morbius. 😹,https://nitter.net/KevinTarazi/status/1508955441975414791#m,It can't be as L as Morbius. 😹,0
Morbius,29 Mar 2022,@XoxChikki,Chikki💋,I wonder where do they take Jared to film or photograph Morbius extras? He always looks like he’s in a spaceship or alternate universe. 🧔🏻‍♀️=🐐,https://nitter.net/XoxChikki/status/1508955400984576000#m,I wonder where do they take Jared to film or photograph Morbius extras? He always looks like he’s in a spaceship or alternate universe. 🧔🏻‍♀️=🐐,0
Morbius,29 Mar 2022,@NeiceyyBaby,Neicey🦋,"I gotta go see that Morbius movie, that mf look good asf",https://nitter.net/NeiceyyBaby/status/1508955348492820492#m,"I gotta go see that Morbius movie, that mf look good asf",1
Morbius,29 Mar 2022,@shaqfan1937,elaine shaqfan,"After Morbius releases, there will only be two eras of cinema: Before Morbius, and after Morbius.",https://nitter.net/shaqfan1937/status/1508955169559560200#m,"After Morbius releases, there will only be two eras of cinema: Before Morbius, and after Morbius.",0
Morbius,29 Mar 2022,@jessiemuellerr,victor night shyamalan,Atenção: duas pessoas irão assistir morbius na quinta-feira,https://nitter.net/jessiemuellerr/status/1508955136231718914#m,Attention: two people will watch Morbius on Thursday,0
Morbius,29 Mar 2022,@Certified_Gs,Dooga♥️,Look like marvel up to something #Morbius,https://nitter.net/Certified_Gs/status/1508955129030090755#m,Look like marvel up to something #Morbius,1
Morbius,29 Mar 2022,@SamuelC30869611,SC,Pior que estou vou passar o dia no cinema sábado assistir Cidade Perdida e Morbius na sequencia!,https://nitter.net/SamuelC30869611/status/1508954915917475843#m,"Worse than I am, I'm going to spend the day at the cinema on Saturday, watching Lost City and Morbius in the sequel!",1
Morbius,29 Mar 2022,@Koslofskyspeaks,Jonah Koslofsky,Oh shit I might have to rebrand as a Morbius truther,https://nitter.net/Koslofskyspeaks/status/1508954862154829828#m,Oh shit I might have to rebrand as a Morbius truther,0
Morbius,29 Mar 2022,@GGMoman,forced government euthanasia,"why are they hyping morbius up as a ""marvel legend"" like he isnt 1. a D tier villain beat out by fucking big wheel, and a C tier antihero 2. not even the best villain/antihero introduced on an issue of Amazing Spider-Man that's a multiple of 100 because Venom on 300 got his ass",https://nitter.net/GGMoman/status/1508954657674170378#m,"why are they hyping morbius up as a ""marvel legend"" like he isnt 1. a D tier villain beat out by fucking big wheel, and a C tier antihero 2. not even the best villain/antihero introduced on an issue of Amazing Spider-Man that's a multiple of 100 because Venom on 300 got his ass",1
Morbius,29 Mar 2022,@wlynaiii,ilian,mais enft c qui morbius il fout quoi dans l’univers marvel le type j’ai rien compris,https://nitter.net/wlynaiii/status/1508954253464903693#m,"but anyway, who is morbius, what is he doing in the marvel universe, the guy, I didn’t understand anything",1
Morbius,29 Mar 2022,@AmberVa17094185,Amber Valentine,Tomorrow I am watching Morbius. Woohoo. Can't wait.,https://nitter.net/AmberVa17094185/status/1508954078075785217#m,Tomorrow I am watching Morbius. Woohoo. Can't wait.,1
Morbius,29 Mar 2022,@haecilur,naicu,mana review morbius udah keluar belom,https://nitter.net/haecilur/status/1508954067833290754#m,Is the Morbius review out yet?,0
Morbius,29 Mar 2022,@CinefilosColomb,Cinefilos Colombia,Su cura será su maldición... #Morbius #Estreno 31 de marzo #ExclusivamenteEnCines. @SonyPicturesCol @MorbiusMovie,https://nitter.net/CinefilosColomb/status/1508953991157329926#m,His cure will be his curse... #Morbius #Premiere March 31 #ExclusivelyInCines. @SonyPicturesCol @MorbiusMovie,0
Morbius,29 Mar 2022,@StacyBauer22,Stacy Bauer,#Morbius #GFUEL 🖤,https://nitter.net/StacyBauer22/status/1508953884634583043#m,#Morbius #GFUEL 🖤,0
Morbius,29 Mar 2022,@TheRealTCU,TCU,Seeing Morbius opening day... Taking one for the team.,https://nitter.net/TheRealTCU/status/1508953821376098306#m,Seeing Morbius opening day... Taking one for the team.,0
Morbius,29 Mar 2022,@Koslofskyspeaks,Jonah Koslofsky,"“It’s me, Roger Ebert. Today, me, Gene and @screenrant are going to talk about a movie we’re all excited for: Sony Pictures Morbius”",https://nitter.net/Koslofskyspeaks/status/1508953791579762691#m,"“It’s me, Roger Ebert. Today, me, Gene and @screenrant are going to talk about a movie we’re all excited for: Sony Pictures Morbius”",1
Morbius,29 Mar 2022,@Donkeyshlopter,Keith (definitely a parody),I can’t wait until you do a comic about this movie. I’m looking forward to your #Morbius strip.,https://nitter.net/Donkeyshlopter/status/1508953632720498692#m,I can’t wait until you do a comic about this movie. I’m looking forward to your #Morbius strip.,1
Morbius,29 Mar 2022,@costelinhaMe,Luiz,"Ansioso por Morbius, honestamente nunca ouvi falar dele, mas referente ao MCU tô sempre de braços abertos",https://nitter.net/costelinhaMe/status/1508953517083578374#m,"Looking forward to Morbius, I've honestly never heard of him, but when it comes to the MCU, I'm always with open arms.",0
Morbius,29 Mar 2022,@BethkazV,Beth Kazakewich,#MORBIUS,https://nitter.net/BethkazV/status/1508953493851279368#m,#MORBIUS,0
Morbius,29 Mar 2022,@angelringz,Yellow Bone Superman,MORBIUS SWEEEEEP GRAAAAAAAAHHHH,https://nitter.net/angelringz/status/1508953404319617026#m,MORBIUS SWEEEEEP GRAAAAAAAAHHHH,0
Morbius,29 Mar 2022,@umartitiwu,Titiwu,"MoonKnight Tomorrow, Morbius Thursday & Sonic2 Friday. FEASTING!!!",https://nitter.net/umartitiwu/status/1508953378302402566#m,"MoonKnight Tomorrow, Morbius Thursday & Sonic2 Friday. FEASTING!!!",0
Morbius,29 Mar 2022,@chillyislit,chilly,#MORBIUS,https://nitter.net/chillyislit/status/1508953357616091140#m,#MORBIUS,0
Morbius,29 Mar 2022,@AlejandroooMV,𝓐𝓵𝓮𝓳𝓪𝓷𝓭𝓻𝓸 𝓜. 𓂀,¡Mañana Moon Knight y Morbius! 🤩,https://nitter.net/AlejandroooMV/status/1508953011913117701#m,Tomorrow Moon Knight and Morbius! 🤩,0
Morbius,29 Mar 2022,@SagaMultiverse,Multiversal Capture,Marvel Updates - Morbius rated PG-13 - Moon Knight comes out in 5 hours - New still from #MultiverseOfMadnes,https://nitter.net/SagaMultiverse/status/1508952807205916679#m,Marvel Updates - Morbius rated PG-13 - Moon Knight comes out in 5 hours - New still from #MultiverseOfMadnes,0
Morbius,29 Mar 2022,@Ded_M0,Ded_M0th,Niiice. I really want to see Morbius 🦇,https://nitter.net/Ded_M0/status/1508952763962585088#m,Niiice. I really want to see Morbius 🦇,1
Morbius,29 Mar 2022,@Sonicmario826,David Pescitelli,The end credit scene for 1 so it already has that over Morbius.,https://nitter.net/Sonicmario826/status/1508952753304920072#m,The end credit scene for 1 so it already has that over Morbius.,1
Morbius,29 Mar 2022,@JohnDrakeOpera,John Drake,I have a fever and if I’m too sick to go to the morbius premier I’m going to lose it.,https://nitter.net/JohnDrakeOpera/status/1508952670459019267#m,I have a fever and if I’m too sick to go to the morbius premier I’m going to lose it.,1
Morbius,29 Mar 2022,@theteflondonR,S.c.o.f 🐝,Discounted tickets too? Morbius pack hittin different,https://nitter.net/theteflondonR/status/1508952647080058888#m,Discounted tickets too? Morbius pack hittin different,0
Morbius movie,28 Feb 2022,@epistemophagy,moby dickgirl,Matt Smith seems like the smartest character in his new movie... guess you could argue he's The Brain of MORBIUS,https://nitter.net/epistemophagy/status/1498439645927186433#m,Matt Smith seems like the smartest character in his new movie... guess you could argue he's The Brain of MORBIUS,0
Morbius movie,28 Feb 2022,@1movietrailer,movietrailer,MORBIUS Movie (2022) --> dai.ly/x88dwm0/ #MORBIUS #JaredLeto,https://nitter.net/1movietrailer/status/1498438782852517893#m,MORBIUS Movie (2022) --> dai.ly/x88dwm0/ #MORBIUS #JaredLeto,0
Morbius movie,28 Feb 2022,@WholeLottaShin,Shin,Morbius going to make more than every movie in April,https://nitter.net/WholeLottaShin/status/1498434488115814402#m,Morbius going to make more than every movie in April,1
Morbius movie,28 Feb 2022,@everm0r33,🇵🇸🩵,is morbius a horror movie…,https://nitter.net/everm0r33/status/1498433598659219460#m,is morbius a horror movie…,1
Morbius movie,28 Feb 2022,@KerrangMagazine,Kerrang!,Morbius: Watch the final trailer for Jared Leto antihero movie. kerrang.com/morbius-watch-th…,https://nitter.net/KerrangMagazine/status/1498432835169968143#m,Morbius: Watch the final trailer for Jared Leto antihero movie. kerrang.com/morbius-watch-th…,1
Morbius movie,28 Feb 2022,@EyedSheep,Brown Eyed Black Sheep,I have seen so much of Morbius in the so many trailer now.. i am not sure if anything is left for the movie!,https://nitter.net/EyedSheep/status/1498431522273370116#m,I have seen so much of Morbius in the so many trailer now.. i am not sure if anything is left for the movie!,1
Morbius movie,28 Feb 2022,@Panthos704,Panthos,This is another movie you gonna have to see for yourself...Sony is making Morbius and I have 0 expectations it's gonna be a great movie but I damn sure hope so because the trailers look awesome,https://nitter.net/Panthos704/status/1498429891884290048#m,This is another movie you gonna have to see for yourself...Sony is making Morbius and I have 0 expectations it's gonna be a great movie but I damn sure hope so because the trailers look awesome,1
Morbius movie,28 Feb 2022,@PKLENTERTAINME1,PKL ENTERTAINMENT,NEW VIDEO!! Reaction and breakdown of the latest #Morbius trailer. Did it do enough to get you excited for the movie? Let me know what you think & check out my review. #trailer #SpiderMan piped.video/zmzERIKeyjA,https://nitter.net/PKLENTERTAINME1/status/1498425593226055683#m,NEW VIDEO!! Reaction and breakdown of the latest #Morbius trailer. Did it do enough to get you excited for the movie? Let me know what you think & check out my review. #trailer #SpiderMan piped.video/zmzERIKeyjA,0
Morbius movie,28 Feb 2022,@spiropyran,cowboy stan 🤠,The movie looks awful but glad to see Sony doing more than just a collage of actor’s faces for the poster! #Morbius,https://nitter.net/spiropyran/status/1498423094054117383#m,The movie looks awful but glad to see Sony doing more than just a collage of actor’s faces for the poster! #Morbius,1
Morbius movie,28 Feb 2022,@BurkeApex,Burke,Today we will be discussing the contrast between good and bad comic book movie adaptations. What is the recipe for success? Why does #TheBatman get it right? And why will #Morbius likely miss the mark? Morbius final trailer and Batman review reactions live at 6PM EST on Twitch!,https://nitter.net/BurkeApex/status/1498420817121583104#m,Today we will be discussing the contrast between good and bad comic book movie adaptations. What is the recipe for success? Why does #TheBatman get it right? And why will #Morbius likely miss the mark? Morbius final trailer and Batman review reactions live at 6PM EST on Twitch!,1
Morbius movie,28 Feb 2022,@ComicBookRumors,ComicBookRumors,It's all a little confusing. dlvr.it/SKqbST,https://nitter.net/ComicBookRumors/status/1498418747484168192#m,It's all a little confusing. dlvr.it/SKqbST,1
Morbius movie,28 Feb 2022,@iliiili,𝐴𝐷𝑉𝐼𝐿 ✰,"تم تأكيد أن كريس هيمسورث سوف يلعب دور الشرير الرئيسي في Mad Max: Furiosa 📖 ""الدم والعرق والكروم"" #سينما #Cinema #Morbius #movies #movie #فلم",https://nitter.net/iliiili/status/1498417990257287171#m,"Chris Hemsworth has been confirmed to play the main villain in Mad Max: Furiosa 📖 “Blood, Sweat and Chrome” #Cinema #Morbius #movies #movie #movie",0
Morbius movie,28 Feb 2022,@Justnicyk,justnicyk,For morbius movie,https://nitter.net/Justnicyk/status/1498413364829110276#m,For morbius movie,1
Morbius movie,28 Feb 2022,@Justnicyk,justnicyk,"Og plans for this movie that we’re planned Sinister 6, clones, and venom hmmm I wonder if this somehow ties in with the new morbius movie because micheal Kenton’s vulture is “building a team” in the movie",https://nitter.net/Justnicyk/status/1498413098591473676#m,"Og plans for this movie that we’re planned Sinister 6, clones, and venom hmmm I wonder if this somehow ties in with the new morbius movie because micheal Kenton’s vulture is “building a team” in the movie",1
Morbius movie,28 Feb 2022,@GOODMORNING3939,GoodMorningSunshine,I think we'll get Okoye in November (Black Panther 2). Morgan Le Fay could be one the villains teased for September. Morbius in April (Spidey month + movie release). Ironheart will probably come with her solo D+ series in 2023. Blue Marvel in August?! No idea for Dazzler.,https://nitter.net/GOODMORNING3939/status/1498411467217022988#m,I think we'll get Okoye in November (Black Panther 2). Morgan Le Fay could be one the villains teased for September. Morbius in April (Spidey month + movie release). Ironheart will probably come with her solo D+ series in 2023. Blue Marvel in August?! No idea for Dazzler.,1
Morbius movie,28 Feb 2022,@rbrbreyes,AFRO REYES,Lol can you imagine how weird it will be if Morbius ends up being a good movie,https://nitter.net/rbrbreyes/status/1498411465400795141#m,Lol can you imagine how weird it will be if Morbius ends up being a good movie,1
Morbius movie,28 Feb 2022,@VideoDetective,Video Detective,Check out the final trailer for #Morbius videodetective.com/movie/mor…,https://nitter.net/VideoDetective/status/1498410844933132289#m,Check out the final trailer for #Morbius videodetective.com/movie/mor…,0
Morbius movie,28 Feb 2022,@slashfilm,/Film,"On today’s @slashfilmdaily, Ben and Chris talk about Steven Spielberg making a Bullitt movie (and which actor would be fun to see in the lead role). slashfilm.com/783071/daily-p…",https://nitter.net/slashfilm/status/1498410024695128064#m,"On today’s @slashfilmdaily, Ben and Chris talk about Steven Spielberg making a Bullitt movie (and which actor would be fun to see in the lead role). slashfilm.com/783071/daily-p…",1
Morbius movie,28 Feb 2022,@WwwWario1,TripleWario,Man so many films to look forward to this year...! The Batman Doctor Strange 2 NOPE Elvis Fantastic Beasts 3 Morbius Sonic 2 Lightyear Spider-Man Across the Spiderverse The Mario movie And apparently a horror film called The Exorcism of God (holy shit lmao),https://nitter.net/WwwWario1/status/1498409881551970309#m,Man so many films to look forward to this year...! The Batman Doctor Strange 2 NOPE Elvis Fantastic Beasts 3 Morbius Sonic 2 Lightyear Spider-Man Across the Spiderverse The Mario movie And apparently a horror film called The Exorcism of God (holy shit lmao),1
Morbius movie,28 Feb 2022,@EchoLeeNumber2,Echo of the 80s B-Movie Age,The new MORBIUS trailer actually makes it look like a movie I’ll check out when it’s released. More “This is the character.” and less of “HEY. Jared Leto stars in this.” Bravo to the marketing.,https://nitter.net/EchoLeeNumber2/status/1498405602216738817#m,The new MORBIUS trailer actually makes it look like a movie I’ll check out when it’s released. More “This is the character.” and less of “HEY. Jared Leto stars in this.” Bravo to the marketing.,1
Morbius movie,28 Feb 2022,@UncleTweets,Unc.,#TheBatman movie is highly anticipated by comicbook fans. #Marvel dropping #MoonKnight & #Morbius a few weeks / month after was calculated. Wonder how this will play out 👀,https://nitter.net/UncleTweets/status/1498404898261458944#m,#TheBatman movie is highly anticipated by comicbook fans. #Marvel dropping #MoonKnight & #Morbius a few weeks / month after was calculated. Wonder how this will play out 👀,1
Morbius movie,28 Feb 2022,@VyceVictus,VyceVictus,The new MORBIUS trailer look like they actually put money into the movie,https://nitter.net/VyceVictus/status/1498404380059607044#m,The new MORBIUS trailer look like they actually put money into the movie,1
Morbius movie,28 Feb 2022,@matiasalexandre,Alexandre Matias,"Or #Morbius will be a multiverse movie also. In third act, the events of #SpiderManNoWayHome will change the world of #Morbius. Like the post credit scene of #VenomLetThereBeCarnage.",https://nitter.net/matiasalexandre/status/1498397520501870593#m,"Or #Morbius will be a multiverse movie also. In third act, the events of #SpiderManNoWayHome will change the world of #Morbius. Like the post credit scene of #VenomLetThereBeCarnage.",1
Morbius movie,28 Feb 2022,@matiasalexandre,Alexandre Matias,"Or #Morbius will be a multiverse movie also. In third act, the events of #SpiderManNoWayHome will change the world of #Morbius. Like the post credit scene of #VenomLetThereBeCarnage.",https://nitter.net/matiasalexandre/status/1498397105219678210#m,"Or #Morbius will be a multiverse movie also. In third act, the events of #SpiderManNoWayHome will change the world of #Morbius. Like the post credit scene of #VenomLetThereBeCarnage.",1
Morbius movie,28 Feb 2022,@Marlo_138,Marlo-138,Now let's see them battle in a movie together. Spider-Man vs Morbius.,https://nitter.net/Marlo_138/status/1498396750607896577#m,Now let's see them battle in a movie together. Spider-Man vs Morbius.,1
Morbius movie,28 Feb 2022,@WhoCommission,Julio C.,"Hey team @AMCTheatres, @CEOAdam can we please get a NFT for the release of the Morbius movie. Let's make sure this movie sells out opening weekend 🙌",https://nitter.net/WhoCommission/status/1498392903772745732#m,"Hey team @AMCTheatres, @CEOAdam can we please get a NFT for the release of the Morbius movie. Let's make sure this movie sells out opening weekend 🙌",1
Morbius movie,28 Feb 2022,@screenrant,Screen Rant,"#Morbius director Daniel Espinosa opens up about casting Jared Leto as the Marvel character: ""Jared Leto was the only actor that could really play the part of Morbius. That wasn't really a choice – it was predestination."" buff.ly/3Iuedzl",https://nitter.net/screenrant/status/1498392659416817673#m,"#Morbius director Daniel Espinosa opens up about casting Jared Leto as the Marvel character: ""Jared Leto was the only actor that could really play the part of Morbius. That wasn't really a choice – it was predestination."" buff.ly/3Iuedzl",1
Morbius movie,28 Feb 2022,@The_GWW,TheGWW.com 📣,Morbius Final Trailer Breakdown - Marvel Movie News Read More Here: zpr.io/SivdziYUcytS,https://nitter.net/The_GWW/status/1498391879335002115#m,Morbius Final Trailer Breakdown - Marvel Movie News Read More Here: zpr.io/SivdziYUcytS,1
Morbius movie,28 Feb 2022,@GeekCollective_,Tyler,"Again, I don't wanna hate on the movie, those are just the vibes I'm getting based on that trailer. I could be totally wrong. I don't think it looks bad even, just not like anything all that interesting to me, but we'll see. Probably doesn't help that idc too much about Morbius.",https://nitter.net/GeekCollective_/status/1498391748527235080#m,"Again, I don't wanna hate on the movie, those are just the vibes I'm getting based on that trailer. I could be totally wrong. I don't think it looks bad even, just not like anything all that interesting to me, but we'll see. Probably doesn't help that idc too much about Morbius.",1
Morbius movie,28 Feb 2022,@GeekCollective_,Tyler,"I will say, having seen the new Morbius trailer, I think I finally figured out Sony's plan for their Marvel stuff. Just make any movie that looks like an edgy 90s/00s movie. And make the character look like what a kid of that era would call cool.",https://nitter.net/GeekCollective_/status/1498391746040021003#m,"I will say, having seen the new Morbius trailer, I think I finally figured out Sony's plan for their Marvel stuff. Just make any movie that looks like an edgy 90s/00s movie. And make the character look like what a kid of that era would call cool.",1
Morbius movie,28 Feb 2022,@blackflipdude,🅱️lack History Matters,"I'm not really a Morbius fan, or a fan of vampires in general, but the movie definitely has some sick posters. Way better than those cast ensemble posters",https://nitter.net/blackflipdude/status/1498390938531606535#m,"I'm not really a Morbius fan, or a fan of vampires in general, but the movie definitely has some sick posters. Way better than those cast ensemble posters",1
Morbius movie,28 Feb 2022,@_BrujulaMX_,Brújula MX,"Thanks for the ❤️ @richard_price2. Richard will perform as a lawyer in the upcoming Sony movie ""Morbius"".",https://nitter.net/_BrujulaMX_/status/1498389298030260229#m,"Thanks for the ❤️ @richard_price2. Richard will perform as a lawyer in the upcoming Sony movie ""Morbius"".",1
Morbius movie,28 Feb 2022,@jerome73327762,jerome,"Check out my latest video ""Morbius movie trailer reaction"" Watch Now: piped.video/8V90sMUQ5OQ tubebuddy.com/Wwewwe",https://nitter.net/jerome73327762/status/1498389143793004547#m,"Check out my latest video ""Morbius movie trailer reaction"" Watch Now: piped.video/8V90sMUQ5OQ tubebuddy.com/Wwewwe",0
Morbius movie,28 Feb 2022,@gezgintrk,Engin Dikmen,Morbius’ final trailer asks questions about Leto’s vampire ow.ly/t1U5103raEl,https://nitter.net/gezgintrk/status/1498389129394065414#m,Morbius’ final trailer asks questions about Leto’s vampire ow.ly/t1U5103raEl,1
Morbius movie,28 Feb 2022,@Twitt_Npc,Ian,"They changed the date of the movie, I’m assuming it’s to compete with morbius",https://nitter.net/Twitt_Npc/status/1498388788233580549#m,"They changed the date of the movie, I’m assuming it’s to compete with morbius",1
Morbius movie,1 Mar 2022,@pdcmovies,Punch Drunk Critics,"Movie Studios Pull Major Releases From Russia, Including ‘The Batman’, ‘Morbius’, And More go.pdcmovies.com/IuxpVT",https://nitter.net/pdcmovies/status/1498797259131138053#m,"Movie Studios Pull Major Releases From Russia, Including ‘The Batman’, ‘Morbius’, And More go.pdcmovies.com/IuxpVT",0
Morbius movie,1 Mar 2022,@aymtt_8,@ym8,ジャレッド・レト☺️ マイケル・キートン😳👏🏻 #モービウス morbius-movie.jp/,https://nitter.net/aymtt_8/status/1498791058775613440#m,Jared Leto☺️ Michael Keaton😳👏🏻 #Morbius morbius-movie.jp/,0
Morbius movie,1 Mar 2022,@CloniiCory,Clonii (The Only Romani Dr. Doom),Man's trying to pull Jacksfilms fake hype for Emoji Movie with Morbius. Except it's not funny.,https://nitter.net/CloniiCory/status/1498786619880456193#m,Man's trying to pull Jacksfilms fake hype for Emoji Movie with Morbius. Except it's not funny.,1
Morbius movie,1 Mar 2022,@McatMike,Mike Catalano,Yes #Morbius! Nice format for when you're waiting in the movie theater on April 1st!,https://nitter.net/McatMike/status/1498784253336825857#m,Yes #Morbius! Nice format for when you're waiting in the movie theater on April 1st!,1
Morbius movie,1 Mar 2022,@chrisjoya1996,chris,Omg love this. I'm hoping this movie is better than Vemon 2 and Morbius ain't looking too hot so fingers crossed,https://nitter.net/chrisjoya1996/status/1498783428694757379#m,Omg love this. I'm hoping this movie is better than Vemon 2 and Morbius ain't looking too hot so fingers crossed,1
Morbius movie,1 Mar 2022,@thatvenomfanboy,That Venom Fanboy 🇵🇸 (FREE PALESTINE),"Morbius is not known at all, yeah, but the fact that it has Vulture will attract a lot of people. And knowing Sony they might have added something else that will attract even more people to see the movie, just like the Venom 2 post credit scene did.",https://nitter.net/thatvenomfanboy/status/1498779054891323393#m,"Morbius is not known at all, yeah, but the fact that it has Vulture will attract a lot of people. And knowing Sony they might have added something else that will attract even more people to see the movie, just like the Venom 2 post credit scene did.",1
Morbius movie,1 Mar 2022,@unstorenp,unstore.com.np,"Batman, Morbius and Other Movie Releases Halted in Russia by Major Hollywood Studios unstore.com.np/batman-morbiu…",https://nitter.net/unstorenp/status/1498778022790500356#m,"Batman, Morbius and Other Movie Releases Halted in Russia by Major Hollywood Studios unstore.com.np/batman-morbiu…",0
Morbius movie,1 Mar 2022,@azizd_official,Kemalist Aziz ❂ #𐱅𐰇𐰼𐰚,"Warner Bros’un ‘The Batman’, Sony’nin de ‘Morbius’ filmlerinin Rusya’daki gösterimlerini durdurmalarının ardından Disney, gösterime girecek tüm filmlerini Rusya’da durduran ilk Hollywood stüdyosu oldu. Warner ve Sony de aynı şeyi düşünüyor. hollywoodreporter.com/movies…",https://nitter.net/azizd_official/status/1498777481326874627#m,"After Warner Bros. and Sony stopped the screenings of their movies ""Morbius"" in Russia, Disney became the first Hollywood studio to stop all its movies to be released in Russia. Warner and Sony think the same thing. hollywoodreporter.com/movies…",0
Morbius movie,1 Mar 2022,@blvze97,Jon 🌙,If Morbius flops maybe that will scare Sony away from going any further with the Kraven movie and we could just have him be the villain in the next Spidey film instead! Wishful thinking.,https://nitter.net/blvze97/status/1498770121027989505#m,If Morbius flops maybe that will scare Sony away from going any further with the Kraven movie and we could just have him be the villain in the next Spidey film instead! Wishful thinking.,1
Morbius movie,1 Mar 2022,@embahgendut,Embah Endut Cayang,"Hunger a.k.a crown But i hear in this movie it just a character based on it because his name is Milo... actually Hunger is pretty same character like Morbius. He fighting other Marvel's character like Spiderman,Blade,Kingpin etc",https://nitter.net/embahgendut/status/1498767906246565890#m,"Hunger a.k.a crown But i hear in this movie it just a character based on it because his name is Milo... actually Hunger is pretty same character like Morbius. He fighting other Marvel's character like Spiderman,Blade,Kingpin etc",1
Morbius movie,1 Mar 2022,@SilverbirdGhana,Silverbird Cinemas Ghana,When running out of time is a good thing. ⏱ ONE MONTH until you meet a new Marvel legend. @MorbiusMovie is exclusively in movie theaters April 1. . . #ComingSoon #MORBIUS #cinemaexperience #Movienight #SilverbirdGhana #experiencethedifferience,https://nitter.net/SilverbirdGhana/status/1498763557785284609#m,When running out of time is a good thing. ⏱ ONE MONTH until you meet a new Marvel legend. @MorbiusMovie is exclusively in movie theaters April 1. . . #ComingSoon #MORBIUS #cinemaexperience #Movienight #SilverbirdGhana #experiencethedifferience,1
Morbius movie,1 Mar 2022,@SidPhoenix2211,Sid • 🐜 • 🐼 • 🧱 • 🔪 • 🔦,Literally who tf cares about morbius? I don't think I've ever cared about a movie less lol Seeing this tweet this morning reminded me that they movie's still a thing lol,https://nitter.net/SidPhoenix2211/status/1498762632458870788#m,Literally who tf cares about morbius? I don't think I've ever cared about a movie less lol Seeing this tweet this morning reminded me that they movie's still a thing lol,1
Morbius movie,1 Mar 2022,@jolievie123,jolie me,Morbius Becomes The Living Vampire Scene | MORBIUS (NEW 2022) Movie CLIP 4K piped.video/F_Yg8xj9vI8 via @YouTube,https://nitter.net/jolievie123/status/1498761865438146565#m,Morbius Becomes The Living Vampire Scene | MORBIUS (NEW 2022) Movie CLIP 4K piped.video/F_Yg8xj9vI8 via @YouTube,0
Morbius movie,1 Mar 2022,@kkvysakhh,Vysakh,#Morbius Movie Final Trailer: piped.video/0bxftgM3vdA via @YouTube,https://nitter.net/kkvysakhh/status/1498745589697105925#m,#Morbius Movie Final Trailer: piped.video/0bxftgM3vdA via @YouTube,0
Morbius movie,1 Mar 2022,@AsianOddBall,Arun,No that's fair I just mean have the movies influenced the writers and stories regardless of the studios. I just ask because of characters that appear or reappear after a movie comes out. Like I assume Loxias Crown will make a reapearnce after Morbius comes out.,https://nitter.net/AsianOddBall/status/1498745394876100616#m,No that's fair I just mean have the movies influenced the writers and stories regardless of the studios. I just ask because of characters that appear or reappear after a movie comes out. Like I assume Loxias Crown will make a reapearnce after Morbius comes out.,1
Morbius movie,1 Mar 2022,@ExJdawg,gabriel,The official Morbius account just ratiod someone on their official Discord💀 I am now hyped for this movie,https://nitter.net/ExJdawg/status/1498739031903031302#m,The official Morbius account just ratiod someone on their official Discord💀 I am now hyped for this movie,1
Morbius movie,1 Mar 2022,@JeremiahofNY,Jeremiah,Let go of what you used to be. Discover who you’re meant to be. Watch the final trailer now. #Morbius is exclusively in movie theaters April 1.,https://nitter.net/JeremiahofNY/status/1498732329967263751#m,Let go of what you used to be. Discover who you’re meant to be. Watch the final trailer now. #Morbius is exclusively in movie theaters April 1.,1
Morbius movie,1 Mar 2022,@JeremiahofNY,Jeremiah,Let go of what you used to be. Discover who you’re meant to be. Watch the final trailer now. #Morbius is exclusively in movie theaters April 1.,https://nitter.net/JeremiahofNY/status/1498732131836735490#m,Let go of what you used to be. Discover who you’re meant to be. Watch the final trailer now. #Morbius is exclusively in movie theaters April 1.,1
Morbius movie,1 Mar 2022,@JeremiahofNY,Jeremiah,When running out of time is a good thing.⏱ ONE MONTH until you meet a new Marvel legend. #Morbius is exclusively in movie theaters April 1.,https://nitter.net/JeremiahofNY/status/1498728877849563141#m,When running out of time is a good thing.⏱ ONE MONTH until you meet a new Marvel legend. #Morbius is exclusively in movie theaters April 1.,1
Morbius movie,1 Mar 2022,@themindkiIIer,cris,someone get in that morbius discord and ask jared leto how many times he takes his shirt off in the movie,https://nitter.net/themindkiIIer/status/1498721377309835264#m,someone get in that morbius discord and ask jared leto how many times he takes his shirt off in the movie,1
Morbius movie,1 Mar 2022,@BotziMarcus,Mansa Musa,He should have stuck with vampire movies. Oh yes Morbius now that is a movie worth waiting and really watching. That is standard,https://nitter.net/BotziMarcus/status/1498712901330345988#m,He should have stuck with vampire movies. Oh yes Morbius now that is a movie worth waiting and really watching. That is standard,1
Morbius movie,1 Mar 2022,@IndieBOOMfest,IndieBoom Film+Music Fest,Warner Bros. Pulls ‘The Batman’ Russia Release hollywoodreporter.com/movies… by @THR #morbius,https://nitter.net/IndieBOOMfest/status/1498710895060557828#m,Warner Bros. Pulls ‘The Batman’ Russia Release hollywoodreporter.com/movies… by @THR #morbius,0
Morbius movie,1 Mar 2022,@RealScreenGeek,ScreenGeek,Matt Smith’s Character In ‘Morbius’ Movie Has Been Revealed: bit.ly/3tjBaPd,https://nitter.net/RealScreenGeek/status/1498708167622070286#m,Matt Smith’s Character In ‘Morbius’ Movie Has Been Revealed: bit.ly/3tjBaPd,1
Morbius movie,1 Mar 2022,@DannyMedge,Medge,Jared Leto definitely ain’t helping morbius either. We seen his superhero movie track record and NOBODY liked that shit,https://nitter.net/DannyMedge/status/1498705171890810888#m,Jared Leto definitely ain’t helping morbius either. We seen his superhero movie track record and NOBODY liked that shit,1
Morbius movie,1 Mar 2022,@moviefone,moviefone,Jared Leto’s the Living Vampire in the Final ‘Morbius’ Trailer #moviefone #movie #jaredleto #morbius #MarvelStudios #Marvel moviefone.com/2022/02/28/fin…,https://nitter.net/moviefone/status/1498704628547948546#m,Jared Leto’s the Living Vampire in the Final ‘Morbius’ Trailer #moviefone #movie #jaredleto #morbius #MarvelStudios #Marvel moviefone.com/2022/02/28/fin…,0
Morbius movie,1 Mar 2022,@waggs902,waggs,"Well I love him in the comics and I love the supernatural side of Marvel like Blade, Morbius, Moon Knight. With Strange at the center, I assume I will learn to like his movie counter part too.",https://nitter.net/waggs902/status/1498703444240224260#m,"Well I love him in the comics and I love the supernatural side of Marvel like Blade, Morbius, Moon Knight. With Strange at the center, I assume I will learn to like his movie counter part too.",1
Morbius movie,1 Mar 2022,@cinelinx,Cinelinx,Watch the final trailer for #Morbius. cinelinx.com/movie-news/embr…,https://nitter.net/cinelinx/status/1498699585082044419#m,Watch the final trailer for #Morbius. cinelinx.com/movie-news/embr…,0
Morbius movie,1 Mar 2022,@DDMurdock181,BetaRay18,"Alright, time for today's entry. What are the comic covers the #vevefam would like to see on @veve_official? Morbius movie is coming, why not this classic ish?!",https://nitter.net/DDMurdock181/status/1498698206347149313#m,"Alright, time for today's entry. What are the comic covers the #vevefam would like to see on @veve_official? Morbius movie is coming, why not this classic ish?!",1
Morbius movie,1 Mar 2022,@SmallScreenCo,Small Screen,WATCH: Check out the final trailer for #JaredLeto's #Morbius movie! #MorbiusMovie #MorbiusMovieTrailer #JaredLetoMovie small-screen.co.uk/watch-epi…,https://nitter.net/SmallScreenCo/status/1498696747379482628#m,WATCH: Check out the final trailer for #JaredLeto's #Morbius movie! #MorbiusMovie #MorbiusMovieTrailer #JaredLetoMovie small-screen.co.uk/watch-epi…,0
Morbius movie,1 Mar 2022,@cjules1st,Jυlιe Craғт💖,"Jared Leto Was The Only Actor Who Could Play Morbius, Says Director screenrant.com/morbius-movie…",https://nitter.net/cjules1st/status/1498696240854233089#m,"Jared Leto Was The Only Actor Who Could Play Morbius, Says Director screenrant.com/morbius-movie…",0
Morbius movie,2 Mar 2022,@P5BESTGAME,🖤🦇Roxie🦇🖤,Y'all are sleeping on this movie Morbius (In theaters April 1st) is gonna be lit 🔥,https://nitter.net/P5BESTGAME/status/1499146763374141440#m,Y'all are sleeping on this movie Morbius (In theaters April 1st) is gonna be lit 🔥,1
Morbius movie,2 Mar 2022,@TheBeanieBoi96,Craig 🦒🏴󠁧󠁢󠁷󠁬󠁳󠁿,That Morbius movie looks fucking amazing,https://nitter.net/TheBeanieBoi96/status/1499145398807580676#m,That Morbius movie looks fucking amazing,1
Morbius movie,2 Mar 2022,@screenrant,Screen Rant,#Morbius uses the same visual effects for Jared Leto's Marvel vampire as the MCU did for Thanos in Avengers: Endgame. buff.ly/3hwbARw,https://nitter.net/screenrant/status/1499124520975753221#m,#Morbius uses the same visual effects for Jared Leto's Marvel vampire as the MCU did for Thanos in Avengers: Endgame. buff.ly/3hwbARw,0
Morbius movie,2 Mar 2022,@DilChuraliya_,Ruh!. ✨,Why am i so excited for morbius? Yes Jared off course but but what's vulture doing in that movie is the mystery🤯 #Morbius,https://nitter.net/DilChuraliya_/status/1499116524077867008#m,Why am i so excited for morbius? Yes Jared off course but but what's vulture doing in that movie is the mystery🤯 #Morbius,1
Morbius movie,2 Mar 2022,@embahgendut,Embah Endut Cayang,I mean the comic character of Hunger way cooler than Morbius Btw Jared Leto look good fit in this movie...,https://nitter.net/embahgendut/status/1499112764794494976#m,I mean the comic character of Hunger way cooler than Morbius Btw Jared Leto look good fit in this movie...,1
Morbius movie,2 Mar 2022,@MrJustinLindsey,Justin,SONY has now announced that their movies will not be released in Russia. This means that the SONY/MARVEL movie Morbius is now off the table for Putin. He is not going to be a happy camper about that news #RussiaUkraine #RussianUkrainianWar,https://nitter.net/MrJustinLindsey/status/1499105676181835777#m,SONY has now announced that their movies will not be released in Russia. This means that the SONY/MARVEL movie Morbius is now off the table for Putin. He is not going to be a happy camper about that news #RussiaUkraine #RussianUkrainianWar,1
Morbius movie,2 Mar 2022,@LilFormers,Matt Moylan 🇨🇦,"If they keep doing this with a few more character after Venom, Morbius, Kraven... they could reinvent the Sinister Six as an anti-hero crossover movie. Like a dark Avengers. That hasn't really been done.",https://nitter.net/LilFormers/status/1499100769139703812#m,"If they keep doing this with a few more character after Venom, Morbius, Kraven... they could reinvent the Sinister Six as an anti-hero crossover movie. Like a dark Avengers. That hasn't really been done.",1
Morbius movie,2 Mar 2022,@Lordimtire,Gambit,Be on the lookout for the new morbius movie too,https://nitter.net/Lordimtire/status/1499087797524721664#m,Be on the lookout for the new morbius movie too,1
Morbius movie,2 Mar 2022,@stereocilias,Muppets Fan #2768,Imagine morbius had to fight Batman for opening weekend. That movie would sell 0 tickets,https://nitter.net/stereocilias/status/1499085346100891663#m,Imagine morbius had to fight Batman for opening weekend. That movie would sell 0 tickets,1
Morbius movie,2 Mar 2022,@stephenmic1981,Stephen,Morbius looks like it could be a cool movie. Yeah that’s right lots of the original cast form the first 3 films 🤔 should be an interesting film with Robert pattirson as Batman..🤔,https://nitter.net/stephenmic1981/status/1499070606058442753#m,Morbius looks like it could be a cool movie. Yeah that’s right lots of the original cast form the first 3 films 🤔 should be an interesting film with Robert pattirson as Batman..🤔,1
Morbius movie,2 Mar 2022,@K_i_chrome,K-i,面白ろそう 映画『モービウス』 | オフィシャルサイト | ソニー・ピクチャーズ morbius-movie.jp/,https://nitter.net/K_i_chrome/status/1499063636513361924#m,Looks interesting movie “Mobius” | Official site | Sony Pictures morbius-movie.jp/,0
Morbius movie,2 Mar 2022,@Mythoughtsmatr,NameGoesHere,I’m actually super hyped about Morbius. Love the character in the 90s Spider-Man show when I was a kid. People are hating that Spider-Man’s not in it. But it looks like a fun action movie. Spider-Man is not in every action movie ever created btw,https://nitter.net/Mythoughtsmatr/status/1499061272809250822#m,I’m actually super hyped about Morbius. Love the character in the 90s Spider-Man show when I was a kid. People are hating that Spider-Man’s not in it. But it looks like a fun action movie. Spider-Man is not in every action movie ever created btw,1
Morbius movie,2 Mar 2022,@FANEXPONOLA,FAN EXPO New Orleans,"Morbius releases a month from now! With rumors of an appearance by Spider-Man, along with the appearance of the Vulture played by Michael Keaton, it seems like it will be another crossover superhero movie. Will you be seeing it? 🧛‍♂️",https://nitter.net/FANEXPONOLA/status/1499051916025815041#m,"Morbius releases a month from now! With rumors of an appearance by Spider-Man, along with the appearance of the Vulture played by Michael Keaton, it seems like it will be another crossover superhero movie. Will you be seeing it? 🧛‍♂️",1
Morbius movie,2 Mar 2022,@l0n9w4yh0m3,no♥️,"And another thing I don't want to hear anything about Jared Leto and his method acting on his new movie Morbius, we already know how fucking weird he is and the pedo vibes he gives.",https://nitter.net/l0n9w4yh0m3/status/1499042191812939776#m,"And another thing I don't want to hear anything about Jared Leto and his method acting on his new movie Morbius, we already know how fucking weird he is and the pedo vibes he gives.",1
Morbius movie,2 Mar 2022,@MegaConOrlando,MEGACON Orlando,"Morbius releases a month from now! With rumors of an appearance by Spider-Man, along with the appearance of the Vulture played by Michael Keaton, it seems like it will be another crossover superhero movie. Will you be seeing it? 🧛‍♂️",https://nitter.net/MegaConOrlando/status/1499036812039401473#m,"Morbius releases a month from now! With rumors of an appearance by Spider-Man, along with the appearance of the Vulture played by Michael Keaton, it seems like it will be another crossover superhero movie. Will you be seeing it? 🧛‍♂️",1
Morbius movie,2 Mar 2022,@GingaHerb,✊🏾No.0 GoZyuHerb,If niggas was hype about Morbius then there would be Morbius hype. No one asked for a Morbius movie,https://nitter.net/GingaHerb/status/1499030760350797839#m,If niggas was hype about Morbius then there would be Morbius hype. No one asked for a Morbius movie,1
Morbius movie,2 Mar 2022,@JeremiahofNY,Jeremiah,Let go of what you used to be. Discover who you’re meant to be. Watch the final trailer now. #Morbius is exclusively in movie theaters April 1.,https://nitter.net/JeremiahofNY/status/1499024713800110082#m,Let go of what you used to be. Discover who you’re meant to be. Watch the final trailer now. #Morbius is exclusively in movie theaters April 1.,1
Morbius movie,2 Mar 2022,@channeldownload,*CHANNEL FULL MOVIE (NEW 2020)*,"MORBIUS | 2022 FuLL MoViE [HD]-4k Watch Now >> tinyurl.com/djyptkvm Dangerously ill with a rare blood disorder, and determined to save others suffering his same fate, Dr. Michael Morbius attempts a desperate gamble.",https://nitter.net/channeldownload/status/1499021376895610885#m,"MORBIUS | 2022 FuLL MoViE [HD]-4k Watch Now >> tinyurl.com/djyptkvm Dangerously ill with a rare blood disorder, and determined to save others suffering his same fate, Dr. Michael Morbius attempts a desperate gamble.",0
Morbius movie,2 Mar 2022,@ashleybits,Ashley Bits,"I feel rly bad for the second sonic movie, its definitely getting overshadowed by the movie of the millennium coming out just a week before it, seems like sonic will live in the shadow of morbius.",https://nitter.net/ashleybits/status/1499015854486401035#m,"I feel rly bad for the second sonic movie, its definitely getting overshadowed by the movie of the millennium coming out just a week before it, seems like sonic will live in the shadow of morbius.",1
Morbius movie,2 Mar 2022,@estory1992,Lia Rose,Morbius May Repeat a Major Superhero Movie Sin estory.my.id/2022/03/02/morb…,https://nitter.net/estory1992/status/1499006632751247365#m,Morbius May Repeat a Major Superhero Movie Sin estory.my.id/2022/03/02/morb…,0
Morbius movie,2 Mar 2022,@Chunderbluffin,Thundermuffin,"Guys, no posting memes in the general chat of the official Sony Morbius movie Discord server",https://nitter.net/Chunderbluffin/status/1499006627768328194#m,"Guys, no posting memes in the general chat of the official Sony Morbius movie Discord server",1
Morbius movie,2 Mar 2022,@BStapIes,AP,That Morbius movie looks like complete dogshit. Shame on anyone spending money to see that,https://nitter.net/BStapIes/status/1499000458769281025#m,That Morbius movie looks like complete dogshit. Shame on anyone spending money to see that,1
Morbius movie,2 Mar 2022,@TyrannoGreg,"TyrannosaurusGreg, Video Game Enjoyer.","Shouldn't the studio be ""hyping the hell"" out of the movie? Like that's their job. If it looks good, and is promoted right, the hype will be there. Especially if it's a property people want to see. Morbius isn't a property people know about or want to see.",https://nitter.net/TyrannoGreg/status/1498999596038692869#m,"Shouldn't the studio be ""hyping the hell"" out of the movie? Like that's their job. If it looks good, and is promoted right, the hype will be there. Especially if it's a property people want to see. Morbius isn't a property people know about or want to see.",1
Morbius movie,2 Mar 2022,@digitalltop,Digital Products Top,Morbius' final trailer asks questions about Leto's vampire | Digital Trends bit.ly/3K6tlDy bit.ly/3K6tlDy,https://nitter.net/digitalltop/status/1498935203699511296#m,Morbius' final trailer asks questions about Leto's vampire | Digital Trends bit.ly/3K6tlDy bit.ly/3K6tlDy,1
Morbius movie,2 Mar 2022,@jregoryK,the dingler,no morbius the marvel movie,https://nitter.net/jregoryK/status/1498931191919280128#m,no morbius the marvel movie,1
Morbius movie,2 Mar 2022,@moviere09350416,Movie Reviews By JT,have to see what comic book movie going on my top films of 2022 later this year after seeing The Batman still got Morbius Doctor Strange 2 Black Adam Thor Love And Thunder The Flash Black Panther 2 Batgirl Aquaman 2 to see,https://nitter.net/moviere09350416/status/1498924371582279684#m,have to see what comic book movie going on my top films of 2022 later this year after seeing The Batman still got Morbius Doctor Strange 2 Black Adam Thor Love And Thunder The Flash Black Panther 2 Batgirl Aquaman 2 to see,0
Morbius movie,2 Mar 2022,@Geek_Gen_France,Geek Generation,"The Batman, Morbius, Sonic 2 le film, Ambulance, Jujutsu Kaisen Movie 0... découvrez les sorties cinéma du mois de mars 2022. geekgeneration.fr/agenda-des… #CINE #CINEMA #AGENDA #FILMS",https://nitter.net/Geek_Gen_France/status/1498916280149151747#m,"The Batman, Morbius, Sonic 2 the film, Ambulance, Jujutsu Kaisen Movie 0... discover the cinema releases for March 2022. geekgeneration.fr/agenda-des… #CINE #CINEMA #AGENDA #FILMS",1
Morbius movie,2 Mar 2022,@JorDorOr,จดอ - JUSTดูIT.,"Warner, Disney, Sony และ Paramount พร้อมใจกันคว่ำบาตรรัสเซียถอดโปรแกรมฉายภาพยนตร์เรื่องต่าง ๆ ไม่ว่าจะเป็น The Batman, Morbius, Turning Red และ Sonic The Hedgehog 2 พวกเรา #จดอ #JUSTดูIT หวังเป็นอย่างยิ่งว่าสถานการณ์ความไม่สงบนี้จะสิ้นสุดโดยเร็ว ที่มา: hollywoodreporter.com/movies…",https://nitter.net/JorDorOr/status/1498916017589862400#m,"Warner, Disney, Sony, and Paramount are united in boycotting Russia, removing the programs for various films, including The Batman, Morbius, Turning Red, and Sonic The Hedgehog 2. We #JUSTWatchIT sincerely hope that this unrest situation will end soon. Source: hollywoodreporter.com/movies…",0
Morbius movie,2 Mar 2022,@RustyTusks,computer kisser,i genuinely hope your presence in the Morbius OFFICIAL MOVIE Discord Server get you a cameo in a movie or special credits or something,https://nitter.net/RustyTusks/status/1498910415325069315#m,i genuinely hope your presence in the Morbius OFFICIAL MOVIE Discord Server get you a cameo in a movie or special credits or something,1
Morbius movie,2 Mar 2022,@moviere09350416,Movie Reviews By JT,the next comic book movie is #Morbius on April 1,https://nitter.net/moviere09350416/status/1498909976374435843#m,the next comic book movie is #Morbius on April 1,1
Morbius movie,2 Mar 2022,@Spincharoo,Spitling 🦴,I love you morbius movie 🥰🥰🥰🥰,https://nitter.net/Spincharoo/status/1498906255791833090#m,I love you morbius movie 🥰🥰🥰🥰,1
Morbius movie,2 Mar 2022,@Razorramon713,Drank Bell,Man that Morbius movie is going to fucking suck I just know it lol,https://nitter.net/Razorramon713/status/1498902859508858886#m,Man that Morbius movie is going to fucking suck I just know it lol,1
Morbius movie,2 Mar 2022,@TheCakeDive,Cake,The Morbius discord server is literally so strange like 💀 (Exclusively in Movie Theaters April 1st),https://nitter.net/TheCakeDive/status/1498888217310998528#m,The Morbius discord server is literally so strange like 💀 (Exclusively in Movie Theaters April 1st),1
Morbius movie,2 Mar 2022,@DonEsQue,R.,So Sony is hiring a bunch of people with clout to promote Morbius? Shouldn't have made the movie in the first place,https://nitter.net/DonEsQue/status/1498884831484125191#m,So Sony is hiring a bunch of people with clout to promote Morbius? Shouldn't have made the movie in the first place,1
Morbius movie,2 Mar 2022,@ReDamos64,J00SE🧃,"Morbius is not Venom. Ppl had been wanting to see a venom movie for years prior to its release simply due to his general popularity, that movie was never gonna flop plus you might’ve forgotten that back in 2018 ppl had been theorizing Tom Holland showing up in Venom for months.",https://nitter.net/ReDamos64/status/1498875781958627329#m,"Morbius is not Venom. Ppl had been wanting to see a venom movie for years prior to its release simply due to his general popularity, that movie was never gonna flop plus you might’ve forgotten that back in 2018 ppl had been theorizing Tom Holland showing up in Venom for months.",1
Morbius movie,2 Mar 2022,@FarrahWilson1,Farrah Wilson,"#Repost @morbiusmovie • • • • • When running out of time is a good thing.⏱ ONE MONTH until you meet a new Marvel legend. #Morbius is exclusively in movie theaters April 1. @ Darlington, South Carolina instagram.com/p/CalkMM9AiJx/…",https://nitter.net/FarrahWilson1/status/1498868227220324355#m,"#Repost @morbiusmovie • • • • • When running out of time is a good thing.⏱ ONE MONTH until you meet a new Marvel legend. #Morbius is exclusively in movie theaters April 1. @ Darlington, South Carolina instagram.com/p/CalkMM9AiJx/…",1
Morbius movie,2 Mar 2022,@CrustyMuffin33,crut,"Kraven, Morbius, Vulture, are probably 100% Mysterio is very likely imo Electro, Sandman, Rhino are possible with movie/project announcements",https://nitter.net/CrustyMuffin33/status/1498857800574849025#m,"Kraven, Morbius, Vulture, are probably 100% Mysterio is very likely imo Electro, Sandman, Rhino are possible with movie/project announcements",1
Morbius movie,3 Mar 2022,@Timelord_Tim,Tim Lewis,New video is up! My reaction to the Vignette “The Lore of Morbius” for #Morbius.” Coming top theaters April 1. Some history of the character mixed with some scenes from the movie. Looks like a great action/horror/superhero movie. #MORBIUS #JaredLeto #Sony piped.video/H3utCtEcb0c,https://nitter.net/Timelord_Tim/status/1499507320438419459#m,New video is up! My reaction to the Vignette “The Lore of Morbius” for #Morbius.” Coming top theaters April 1. Some history of the character mixed with some scenes from the movie. Looks like a great action/horror/superhero movie. #MORBIUS #JaredLeto #Sony piped.video/H3utCtEcb0c,1
Morbius movie,3 Mar 2022,@NDad5000,NerdDad5000,New video is up! My reaction to the Vignette “The Lore of Morbius” for #Morbius.” Coming top theaters April 1. Some history of the character mixed with some scenes from the movie. Looks like a great action/horror/superhero movie. #MORBIUS #JaredLeto #Sony piped.video/H3utCtEcb0c,https://nitter.net/NDad5000/status/1499506867248066565#m,New video is up! My reaction to the Vignette “The Lore of Morbius” for #Morbius.” Coming top theaters April 1. Some history of the character mixed with some scenes from the movie. Looks like a great action/horror/superhero movie. #MORBIUS #JaredLeto #Sony piped.video/H3utCtEcb0c,1
Morbius movie,3 Mar 2022,@snkFTW443,Anouk VL,"IDK about y'all, but I am pretty curious to see that movie! #Marvel #Morbius #fanart #sketch #ArtistOnTwitter",https://nitter.net/snkFTW443/status/1499482593632436235#m,"IDK about y'all, but I am pretty curious to see that movie! #Marvel #Morbius #fanart #sketch #ArtistOnTwitter",1
Morbius movie,3 Mar 2022,@kittyyyyashhhh,ashhh♡,"The exorcism of god, Umma, you are not my mother, infinite storm, morbius, you won’t be alone, ambulance, fantastic beasts, the bad guys & etc. I can’t wait to spend my time at the movie theaters 🤩",https://nitter.net/kittyyyyashhhh/status/1499478986027536387#m,"The exorcism of god, Umma, you are not my mother, infinite storm, morbius, you won’t be alone, ambulance, fantastic beasts, the bad guys & etc. I can’t wait to spend my time at the movie theaters 🤩",1
Morbius movie,3 Mar 2022,@MonkeMonkeFunke,Kyle Kean,I think you'd be hard-pressed to find someone excited tbh...I love Morbius in the cartoons and older comics but this movie looks like a cringe-fest,https://nitter.net/MonkeMonkeFunke/status/1499459372178714629#m,I think you'd be hard-pressed to find someone excited tbh...I love Morbius in the cartoons and older comics but this movie looks like a cringe-fest,1
Morbius movie,3 Mar 2022,@zaidkola1,Zaid,You just mad the Batman is a boring mediocre dc film anyways watch the new mcu movie morbius in cinemas April 1st,https://nitter.net/zaidkola1/status/1499444892975742992#m,You just mad the Batman is a boring mediocre dc film anyways watch the new mcu movie morbius in cinemas April 1st,1
Morbius movie,3 Mar 2022,@StarrSomebody,🌹👉@StarrSomebody👈 Starr Carrington,This movie looks really good! #MorbiusTheLivingVampire In Theaters April 1. #JaredLeto #Marvel ♫ blip.fm/~1kapvi,https://nitter.net/StarrSomebody/status/1499444282637398017#m,This movie looks really good! #MorbiusTheLivingVampire In Theaters April 1. #JaredLeto #Marvel ♫ blip.fm/~1kapvi,1
Morbius movie,3 Mar 2022,@ZeroYear97,Matt Murdock,the best part about morbius is that Oscorp is back after all these years and during nwh oscorp doesn't exist in the mcu but vulture who is from the mcu is in the morbius movie so wtf is going on with that !? I need answer's dammit !!!,https://nitter.net/ZeroYear97/status/1499440244889899017#m,the best part about morbius is that Oscorp is back after all these years and during nwh oscorp doesn't exist in the mcu but vulture who is from the mcu is in the morbius movie so wtf is going on with that !? I need answer's dammit !!!,1
Morbius movie,3 Mar 2022,@JasonSmessaert,Jason,"Officially confirmed by: @SonyPictures The new movie, Morbius. Comes out (in Belgium) on April 6, 2022. It's an action/adventure movie.",https://nitter.net/JasonSmessaert/status/1499434587033903111#m,"Officially confirmed by: @SonyPictures The new movie, Morbius. Comes out (in Belgium) on April 6, 2022. It's an action/adventure movie.",1
Morbius movie,3 Mar 2022,@OLayachi2,Othman Layachi,"#Daredevil #Wolverine #Deadpool #Morbius #Punisher #Blade and few more NEED to be R-Rated, but the rest should be PG-13. The Daredevil movie didn't work as well as Daredevil TV series because the movie was limited to PG-13.",https://nitter.net/OLayachi2/status/1499428240909287424#m,"#Daredevil #Wolverine #Deadpool #Morbius #Punisher #Blade and few more NEED to be R-Rated, but the rest should be PG-13. The Daredevil movie didn't work as well as Daredevil TV series because the movie was limited to PG-13.",1
Morbius movie,3 Mar 2022,@spaceserenade,𝙕𝙚𝙚𝙠,Let go of what you used to be. Discover who you’re meant to be. Watch the final trailer now. #Morbius is exclusively in movie theaters April 1.,https://nitter.net/spaceserenade/status/1499424719656816641#m,Let go of what you used to be. Discover who you’re meant to be. Watch the final trailer now. #Morbius is exclusively in movie theaters April 1.,1
Morbius movie,3 Mar 2022,@pauliolmo,NOS Pauli 💫,The Batman Jujutsu Kaisen Movie Umma Morbius Fantastic Beast (la 1era semana de abril),https://nitter.net/pauliolmo/status/1499410817430732806#m,The Batman Jujutsu Kaisen Movie Umma Morbius Fantastic Beast (la 1era semana de abril),1
Morbius movie,3 Mar 2022,@PHAIPHILE,ɪ ᴡᴏʀʀʏ ғᴏʀ ʏᴏᴜ ᴡɪᴛʜᴏᴜᴛ ᴍᴇ,"the pandemic, mostly. last time because nwh’s still in theaters. they want morbius to make its best benefit & make the grand opening for (maybe) the return of tasmverse or what every they have in store. the movie cost them more than nwh, too expensive to just drop it whenever",https://nitter.net/PHAIPHILE/status/1499403020039495682#m,"the pandemic, mostly. last time because nwh’s still in theaters. they want morbius to make its best benefit & make the grand opening for (maybe) the return of tasmverse or what every they have in store. the movie cost them more than nwh, too expensive to just drop it whenever",1
Morbius movie,3 Mar 2022,@Draco_Mouth_Toy,Lanky Stank,Hot take but this would be great because studios seem to have absolutely no idea what movies people want to see. They'll be charging $25 tickets for movies like Morbius and Avatar 14 and wondering why people are skipping out on seeing them over a cheaper indie movie lol.,https://nitter.net/Draco_Mouth_Toy/status/1499401747470512134#m,Hot take but this would be great because studios seem to have absolutely no idea what movies people want to see. They'll be charging $25 tickets for movies like Morbius and Avatar 14 and wondering why people are skipping out on seeing them over a cheaper indie movie lol.,1
Morbius movie,3 Mar 2022,@ComicYears,Comic Years,We breakdown the final #Morbius trailer and all we know about the #Marvel movie that's had the best script security for at least two years.,https://nitter.net/ComicYears/status/1499389099471478790#m,We breakdown the final #Morbius trailer and all we know about the #Marvel movie that's had the best script security for at least two years.,1
Morbius movie,3 Mar 2022,@spellions,°°T°°,I have a soft spot for Michael Morbius ever since I RPed an OC that was his son when I was a wee teen. Is the movie gonna suck? Maybe. Am I gonna watch the shit out of it? Fuck yeah.,https://nitter.net/spellions/status/1499385332353097728#m,I have a soft spot for Michael Morbius ever since I RPed an OC that was his son when I was a wee teen. Is the movie gonna suck? Maybe. Am I gonna watch the shit out of it? Fuck yeah.,1
Morbius movie,3 Mar 2022,@ComicYears,Comic Years,We breakdown the final #Morbius trailer and all we know about the #Marvel movie that's had the best script security for at least two years. comicyears.com/movies/morbiu…,https://nitter.net/ComicYears/status/1499376601246703625#m,We breakdown the final #Morbius trailer and all we know about the #Marvel movie that's had the best script security for at least two years. comicyears.com/movies/morbiu…,1
Morbius movie,3 Mar 2022,@GabiMG_News,Gabi MG,"👀 Bus.. I was referring to this!! It wasn't the Michael Morbius' scan, Are two different New York buses from different realities (One is from Venom set) in the same container universe that is #Morbius movie in which MCU-TASM-Raimiverse-Venom coexist.",https://nitter.net/GabiMG_News/status/1499373846142533633#m,"👀 Bus.. I was referring to this!! It wasn't the Michael Morbius' scan, Are two different New York buses from different realities (One is from Venom set) in the same container universe that is #Morbius movie in which MCU-TASM-Raimiverse-Venom coexist.",1
Morbius movie,4 Mar 2022,@NotToxiccc,2 old for this but here i am...,You said it the first time like if they made another Batman movie? It's going to touch another SpiderMan movie? No it's not. You don't know the plan they have for the Spider Man? We have Kraven the Hunter Morbius Vulture in Morbius We might be seeing him against the Sinister next,https://nitter.net/NotToxiccc/status/1499867446878081028#m,You said it the first time like if they made another Batman movie? It's going to touch another SpiderMan movie? No it's not. You don't know the plan they have for the Spider Man? We have Kraven the Hunter Morbius Vulture in Morbius We might be seeing him against the Sinister next,1
Morbius movie,4 Mar 2022,@hamzaaXVIII,Hamza khan Swati,They played Morbius before the movie can you believe that!,https://nitter.net/hamzaaXVIII/status/1499864887689887747#m,They played Morbius before the movie can you believe that!,1
Morbius movie,4 Mar 2022,@itsdacko,Dacko,"It would be wild if they used these characters as they were meant to be used. Maybe they could bring in Garfield's Spider-man. I don't know; he seems like he'd be game. But I guess spider-man in a Kraven, Venom, or Morbius movie wouldn’t make sense.",https://nitter.net/itsdacko/status/1499863978981437447#m,"It would be wild if they used these characters as they were meant to be used. Maybe they could bring in Garfield's Spider-man. I don't know; he seems like he'd be game. But I guess spider-man in a Kraven, Venom, or Morbius movie wouldn’t make sense.",1
Morbius movie,4 Mar 2022,@Variety,Variety,"Major movie studios are halting theatrical releases in Russia amid the Ukraine invasion, including #TheBatman, Jared Leto’s #Morbius, the #Sonic sequel and Pixar’s #TurningRed. bit.ly/3pFrWvL",https://nitter.net/Variety/status/1499862437629075464#m,"Major movie studios are halting theatrical releases in Russia amid the Ukraine invasion, including #TheBatman, Jared Leto’s #Morbius, the #Sonic sequel and Pixar’s #TurningRed. bit.ly/3pFrWvL",1
Morbius movie,4 Mar 2022,@cwyattfilm,Chris Wyatt,"I’m still kinda shocked that they’re making this movie. We’ll see how Morbius does I guess but despite the popularity of Spidey and Venom, I don’t see much of a demand for it.",https://nitter.net/cwyattfilm/status/1499853347100127232#m,"I’m still kinda shocked that they’re making this movie. We’ll see how Morbius does I guess but despite the popularity of Spidey and Venom, I don’t see much of a demand for it.",1
Morbius movie,4 Mar 2022,@jolievie123,jolie me,Morbius Becomes The Living Vampire Scene | MORBIUS (NEW 2022) Movie CLIP 4K piped.video/F_Yg8xj9vI8 via @YouTube,https://nitter.net/jolievie123/status/1499851518425677834#m,Morbius Becomes The Living Vampire Scene | MORBIUS (NEW 2022) Movie CLIP 4K piped.video/F_Yg8xj9vI8 via @YouTube,0
Morbius movie,4 Mar 2022,@MarioWorldFun,Mario World Fun Zone,"When are we going to get Black Cat 🐈‍⬛ (Felicia) in a Spider-Man movie? The 1994 animated series did such a great job with her character, and I hope she gets in the movies soon. Heck, is she going to be in Morbius?",https://nitter.net/MarioWorldFun/status/1499850577571942403#m,"When are we going to get Black Cat 🐈‍⬛ (Felicia) in a Spider-Man movie? The 1994 animated series did such a great job with her character, and I hope she gets in the movies soon. Heck, is she going to be in Morbius?",0
Morbius movie,4 Mar 2022,@xsnowwhitee,Franziska,"I can’t wait for this movie, I’ve waited so long for this. And I always wanted a live action morbius and now I have it",https://nitter.net/xsnowwhitee/status/1499844189382754317#m,"I can’t wait for this movie, I’ve waited so long for this. And I always wanted a live action morbius and now I have it",1
Morbius movie,4 Mar 2022,@StokesLaNoire,Stokes,"I go into each movie hoping for something new from a big budget movie and hate it 80% of the time. Dr strange, Morbius and Blade is marvel's last chance at bringing in Darker mor dangerous plots.",https://nitter.net/StokesLaNoire/status/1499843014465830916#m,"I go into each movie hoping for something new from a big budget movie and hate it 80% of the time. Dr strange, Morbius and Blade is marvel's last chance at bringing in Darker mor dangerous plots.",1
Morbius movie,4 Mar 2022,@HughYoung_,Hugh&Co.,Morbius trailer is 🔥🔥🔥. Movie gonna be a Dr. Strange feel on crack,https://nitter.net/HughYoung_/status/1499839998455074833#m,Morbius trailer is 🔥🔥🔥. Movie gonna be a Dr. Strange feel on crack,1
Morbius movie,4 Mar 2022,@TwoTailedNeppy,Neppy,still can't believe that they seriously made a discord for morbius. i dont know what the movie is aside from vampires and marvel and i dont care this shit is just so dumb lmao.,https://nitter.net/TwoTailedNeppy/status/1499819292241629186#m,still can't believe that they seriously made a discord for morbius. i dont know what the movie is aside from vampires and marvel and i dont care this shit is just so dumb lmao.,1
Morbius movie,4 Mar 2022,@SuperfineElf,SuperfineElf,I'm actually really looking forward to see what they do with the MCU Blade movie and if they will cross him with Morbius some how,https://nitter.net/SuperfineElf/status/1499817089510559751#m,I'm actually really looking forward to see what they do with the MCU Blade movie and if they will cross him with Morbius some how,1
Morbius movie,4 Mar 2022,@A_Lashay_,A.L.L,Morbius is going to be a good ass movie.,https://nitter.net/A_Lashay_/status/1499815545083817986#m,Morbius is going to be a good ass movie.,1
Morbius movie,4 Mar 2022,@jasonsotelo567,jason :),"But this is an original stand alone movie. Marvel can’t help themselves with the whole cameo thing, even did it with Venom and will most likely do the same with Morbius.",https://nitter.net/jasonsotelo567/status/1499809206735712259#m,"But this is an original stand alone movie. Marvel can’t help themselves with the whole cameo thing, even did it with Venom and will most likely do the same with Morbius.",1
Morbius movie,4 Mar 2022,@SethJacob,Seth Jacob,"I have no idea what the plot of the Morbius movie is, but I feel like it could actually work if the plot was basically the same as Cronenberg’s The Fly, but with vampires/bats.",https://nitter.net/SethJacob/status/1499807938185248777#m,"I have no idea what the plot of the Morbius movie is, but I feel like it could actually work if the plot was basically the same as Cronenberg’s The Fly, but with vampires/bats.",1
Morbius movie,4 Mar 2022,@teamcocoforlife,Chanty G @Pop_My_Culture,The trailer does show promise which is why I will still see it. I loved all 3 Spider-Man movies. I personally didn’t care for either Venom movie but I will give Morbius a shot. I try to watch all the Superhero/Villain movies. I like to absorb,https://nitter.net/teamcocoforlife/status/1499798859337322502#m,The trailer does show promise which is why I will still see it. I loved all 3 Spider-Man movies. I personally didn’t care for either Venom movie but I will give Morbius a shot. I try to watch all the Superhero/Villain movies. I like to absorb,1
Morbius movie,4 Mar 2022,@MorbiusMovie,Morbius,"In the shadow of every hero, lies a villain. #Morbius is exclusively in movie theaters April 1. #FanArtFriday 🎨: @kyouzins",https://nitter.net/MorbiusMovie/status/1499791791607844869#m,"In the shadow of every hero, lies a villain. #Morbius is exclusively in movie theaters April 1. #FanArtFriday 🎨: @kyouzins",1
Morbius movie,5 Mar 2022,@Otto_Mottonn,Otto Mottonn -- aka THE Love Master Funk Machine,I'm hoping to Christ that Morbius movie is just a huge April Fool's prank on the MCU fans. @MarvelStudios @MorbiusMovie,https://nitter.net/Otto_Mottonn/status/1500257925050286087#m,I'm hoping to Christ that Morbius movie is just a huge April Fool's prank on the MCU fans. @MarvelStudios @MorbiusMovie,1
Morbius movie,5 Mar 2022,@Thatoneguy64,brandon.wad,when will they finally make a movie about michael morbius,https://nitter.net/Thatoneguy64/status/1500254576255160321#m,when will they finally make a movie about michael morbius,1
Morbius movie,5 Mar 2022,@Misroxy731,Roxy,Oh hell yes!!! I LOVE JARED LETO!!! I NEED A APRIL 1ST DATE Morbius - Exclusively in Movie Theaters Premium Formats and IMAX April.&url=morbius.movie/,https://nitter.net/Misroxy731/status/1500237794522038272#m,Oh hell yes!!! I LOVE JARED LETO!!! I NEED A APRIL 1ST DATE Morbius - Exclusively in Movie Theaters Premium Formats and IMAX April.&url=morbius.movie/,1
Morbius movie,5 Mar 2022,@Brad_Balboa,Brad Balboa,Before my screening of The Batman they showed the Jurassic World and Morbius trailers. Talk about a fucking upgrade once the actual movie came on,https://nitter.net/Brad_Balboa/status/1500235689060933633#m,Before my screening of The Batman they showed the Jurassic World and Morbius trailers. Talk about a fucking upgrade once the actual movie came on,1
Morbius movie,5 Mar 2022,@PatrickZircher,Patch Zircher,"She's seen Eternals and Shang Chi. She would watch a Marvel movie about, I don't know... Morbius even.",https://nitter.net/PatrickZircher/status/1500226393099100163#m,"She's seen Eternals and Shang Chi. She would watch a Marvel movie about, I don't know... Morbius even.",1
Morbius movie,5 Mar 2022,@materialgowrrrl,bunny🎠,"I’m a morbius fan, but I’m so disinterested in the movie. Like why we gotta have Jared Leto in everything",https://nitter.net/materialgowrrrl/status/1500210986057449472#m,"I’m a morbius fan, but I’m so disinterested in the movie. Like why we gotta have Jared Leto in everything",1
Morbius movie,5 Mar 2022,@RiseoftheDalek,No-Face,Looks really good and defo horror element there but comic book movie I'm looking forward to is Morbius.,https://nitter.net/RiseoftheDalek/status/1500207564625104898#m,Looks really good and defo horror element there but comic book movie I'm looking forward to is Morbius.,1
Morbius movie,5 Mar 2022,@Leentje2405,Leentje ✌🏻,"Na zijn kortstondige avontuur voor DC Comics als The Joker in Suicide Squad (2016), is het nu tijd voor Jared Leto om voor Marvel een ""anti-held"" te vertolken. Na Marvel's succesvolle Venom, komen zij met #Morbius. Moviespotlight: Morbius creativemediacorner.nl/2022/…",https://nitter.net/Leentje2405/status/1500207270046674951#m,"After his short-lived adventure for DC Comics as The Joker in Suicide Squad (2016), it is now time for Jared Leto to portray an ""anti-hero"" for Marvel. After Marvel's successful Venom, they come up with #Morbius. Moviespotlight: Morbius creativemediacorner.nl/2022/…",0
Morbius movie,5 Mar 2022,@DAVISakaDRIP,The Podcast Dropout,NOPE should be the movie coming out next month!!! Not FUCKING Morbius!!!,https://nitter.net/DAVISakaDRIP/status/1500204248348303366#m,NOPE should be the movie coming out next month!!! Not FUCKING Morbius!!!,1
Morbius movie,5 Mar 2022,@ShameYourName,Phillip Seymour Hoffman BMX,So excited to see the bat man movie. The Jared Leto movie Morbius where he is part bat,https://nitter.net/ShameYourName/status/1500201168752070658#m,So excited to see the bat man movie. The Jared Leto movie Morbius where he is part bat,1
Morbius movie,5 Mar 2022,@minsangslove,eddie misses teezers,NO ONE FUCKING TOLD ME ABOUT MORBIUS GETTING A MOVIE WHAT,https://nitter.net/minsangslove/status/1500181880259465216#m,NO ONE FUCKING TOLD ME ABOUT MORBIUS GETTING A MOVIE WHAT,1
Morbius movie,5 Mar 2022,@Marvia78,Marvia ⬆️🔺,I can't wait this movie @JaredLeto Morbius IS coming 🦇!!!!!,https://nitter.net/Marvia78/status/1500160609526202372#m,I can't wait this movie @JaredLeto Morbius IS coming 🦇!!!!!,1
Morbius movie,5 Mar 2022,@UnhingedTardis,Red Wine SuperFORTNITE,buy tickets to morbius movie instead,https://nitter.net/UnhingedTardis/status/1500158881422614531#m,buy tickets to morbius movie instead,1
Morbius movie,5 Mar 2022,@leeminorthreat,Lee,"Damn, Morbius is going to be a Sony flick? Movie is about to be a dud RIP",https://nitter.net/leeminorthreat/status/1500146901081067524#m,"Damn, Morbius is going to be a Sony flick? Movie is about to be a dud RIP",1
Morbius movie,5 Mar 2022,@MartynHardy1,Martyn Hardy,Not only was #batman epic. But I genuinely can not wait to return to watch every movie that was advertised. #TopGun #JurassicWorldDominion #DrStrange2 #Morbius #FantasticBeasts #AMCNOTLEAVING I'd invest in this company with or without squeeze potential 🎟,https://nitter.net/MartynHardy1/status/1500120449455427584#m,Not only was #batman epic. But I genuinely can not wait to return to watch every movie that was advertised. #TopGun #JurassicWorldDominion #DrStrange2 #Morbius #FantasticBeasts #AMCNOTLEAVING I'd invest in this company with or without squeeze potential 🎟,1
Morbius movie,5 Mar 2022,@NewsUpd19347435,News & Updates,Morbius Movie Download in Hindi English Filmyzilla 480p 720p 1080p wpage.in/morbius-movie-downl…,https://nitter.net/NewsUpd19347435/status/1500109252135989250#m,Morbius Movie Download in Hindi English Filmyzilla 480p 720p 1080p wpage.in/morbius-movie-downl…,0
Morbius movie,5 Mar 2022,@vinylorla,oj,can’t think of a movie i want to see less than morbius,https://nitter.net/vinylorla/status/1500095694979354630#m,can’t think of a movie i want to see less than morbius,1
Morbius movie,5 Mar 2022,@SandaliMendis,Sandali Mendis,"I didn't feel like leaving the hall even after it ended. What an amazing movie 😍 I already want to watch it again at least twice. Next up, Morbius #TheBatman #TheBatmanMovie",https://nitter.net/SandaliMendis/status/1500079111426949121#m,"I didn't feel like leaving the hall even after it ended. What an amazing movie 😍 I already want to watch it again at least twice. Next up, Morbius #TheBatman #TheBatmanMovie",1
Morbius movie,5 Mar 2022,@uluvjavi,javi,Y’all think blade gone be in the new morbius movie?,https://nitter.net/uluvjavi/status/1500064671755350017#m,Y’all think blade gone be in the new morbius movie?,1
Morbius movie,5 Mar 2022,@NADIRA52291441,NADIRA,rollingfhr.xyz/en/movie/5268…,https://nitter.net/NADIRA52291441/status/1500047024485326854#m,rollingfhr.xyz/en/movie/5268…,0
Morbius movie,5 Mar 2022,@sprongotrapo,SPRONGO,This makes morbius a fire movie already omg 🔥🔥🔥,https://nitter.net/sprongotrapo/status/1500044161722068994#m,This makes morbius a fire movie already omg 🔥🔥🔥,1
Morbius movie,5 Mar 2022,@ABCFelix1,ABC Felix,stream.easymovies.vip/en/mov…,https://nitter.net/ABCFelix1/status/1500017724428537856#m,stream.easymovies.vip/en/mov…,0
Morbius movie,5 Mar 2022,@GenerationWest0,Generation-West,"You know... Venom makes sense as franchise because he has lore and actual villains. Morbius has been a hero, so at least the movie has that going for him. Kraven has none of those. He's always been a big game hunter, those are real life supervillains.",https://nitter.net/GenerationWest0/status/1499992498562744326#m,"You know... Venom makes sense as franchise because he has lore and actual villains. Morbius has been a hero, so at least the movie has that going for him. Kraven has none of those. He's always been a big game hunter, those are real life supervillains.",1
Morbius movie,5 Mar 2022,@cheatsheet,Showbiz Cheat Sheet,"Marvel and Sony haven't actually confirmed #MichaelKeaton as the MCU #AdrianToomes, aka the Vulture, in the Jared Leto #Morbius movie.cheatsheet.com/entertainment…",https://nitter.net/cheatsheet/status/1499985560462675969#m,"Marvel and Sony haven't actually confirmed #MichaelKeaton as the MCU #AdrianToomes, aka the Vulture, in the Jared Leto #Morbius movie.cheatsheet.com/entertainment…",0
Morbius movie,5 Mar 2022,@Kudastop01,Tired,"Like the movie or hate the movie, I can only think of the guy you’re QRT-ing as the guy who very obviously shilled Morbius lol.",https://nitter.net/Kudastop01/status/1499984520728268800#m,"Like the movie or hate the movie, I can only think of the guy you’re QRT-ing as the guy who very obviously shilled Morbius lol.",1
Morbius movie,5 Mar 2022,@silence_dais,silence_dais,See that's the thing: we watched the Morbius movie but in jumbled pieces because of all the trailers we've gotten at this point.,https://nitter.net/silence_dais/status/1499979616370446336#m,See that's the thing: we watched the Morbius movie but in jumbled pieces because of all the trailers we've gotten at this point.,1
Morbius movie,5 Mar 2022,@2022Morbius,Watch Morbius Full Movie Online Free,"Morbius the Living Vampire seeks to end his curse of a thirst for blood, and to stop a demonic cult from unleashing hell on Earth. @2022Morbius #ColumbiaPictures #MarvelEntertainment #Morbius #Morbius2022 #MorbiusMovie #MorbiusFilm #MorbiusTrailer #IMDb #movie #FilmTwitter",https://nitter.net/2022Morbius/status/1499965174559612929#m,"Morbius the Living Vampire seeks to end his curse of a thirst for blood, and to stop a demonic cult from unleashing hell on Earth. @2022Morbius #ColumbiaPictures #MarvelEntertainment #Morbius #Morbius2022 #MorbiusMovie #MorbiusFilm #MorbiusTrailer #IMDb #movie #FilmTwitter",0
Morbius movie,5 Mar 2022,@Basicleveldemon,Basic,I bet this nigga is actively trying to down play the movie because he's trying to create hype for Morbius. He got that sony money,https://nitter.net/Basicleveldemon/status/1499962852420907010#m,I bet this nigga is actively trying to down play the movie because he's trying to create hype for Morbius. He got that sony money,1
Morbius movie,5 Mar 2022,@victoriahairpin,victoria,listen I know we’re all joking about how the morbius movie “looks bad” and “doesn’t need to exist”. but consider this: they mention long island in the trailer,https://nitter.net/victoriahairpin/status/1499962512225312769#m,listen I know we’re all joking about how the morbius movie “looks bad” and “doesn’t need to exist”. but consider this: they mention long island in the trailer,1
Morbius movie,5 Mar 2022,@Joefsh_,Joefsh (IS SEEING HARRY!),Take a second to think. What would make the most sales? What other collab friends/ enemies could they bring out that they know they’d make money on. (Wanda for example). Not many people know morbius and not everyone cares about sonic. MoM is the most hyped movie of the year.,https://nitter.net/Joefsh_/status/1499956256987131909#m,Take a second to think. What would make the most sales? What other collab friends/ enemies could they bring out that they know they’d make money on. (Wanda for example). Not many people know morbius and not everyone cares about sonic. MoM is the most hyped movie of the year.,1
Morbius movie,5 Mar 2022,@SwansongSpider,DawningHorror,MORBIUS MOVIE MORBIUS MOVIE MORBIUS MOVIE M--,https://nitter.net/SwansongSpider/status/1499955571927052292#m,MORBIUS MOVIE MORBIUS MOVIE MORBIUS MOVIE M--,1
Morbius movie,5 Mar 2022,@malik2189,malik2189,This morbius movie gonna be so fucking trash bro,https://nitter.net/malik2189/status/1499945358272643072#m,This morbius movie gonna be so fucking trash bro,1
Morbius movie,5 Mar 2022,@cyberpilate,Carla of Hoffman,Morbius coming out on April 1st does nothing to make me think it's a real movie...,https://nitter.net/cyberpilate/status/1499944896370671625#m,Morbius coming out on April 1st does nothing to make me think it's a real movie...,0
Morbius movie,5 Mar 2022,@kaudanyaa,IndNepNews,Morbius – Official Trailer | English Movie News – Hollywood – Times of India indnepnews.com/morbius-offic…,https://nitter.net/kaudanyaa/status/1499943708669751306#m,Morbius – Official Trailer | English Movie News – Hollywood – Times of India indnepnews.com/morbius-offic…,1
Morbius movie,5 Mar 2022,@blackkeysrgood,Entree Iguodala,Has there ever been a Marvel / DC movie coming out with less hype than Morbius? The trailer came out 2+ years ago. That’s like 18 months too early.,https://nitter.net/blackkeysrgood/status/1499942952029892608#m,Has there ever been a Marvel / DC movie coming out with less hype than Morbius? The trailer came out 2+ years ago. That’s like 18 months too early.,1
Morbius movie,6 Mar 2022,@Trev_orDie24,Trig Smith,Y’all think they going to introduce the MCU blade in the new Morbius movie ?,https://nitter.net/Trev_orDie24/status/1500604115923075075#m,Y’all think they going to introduce the MCU blade in the new Morbius movie ?,1
Morbius movie,6 Mar 2022,@GetItBackInCum,b,Y'all not selling this Morbius movie Lmfao,https://nitter.net/GetItBackInCum/status/1500603540989149184#m,Y'all not selling this Morbius movie Lmfao,1
Morbius movie,6 Mar 2022,@danielforrealz,Danny,I’m still not convinced Morbius is even a real movie. They finished filming what seems like years ago and has still yet to be released. Does it actually exist 🙁,https://nitter.net/danielforrealz/status/1500600770789621765#m,I’m still not convinced Morbius is even a real movie. They finished filming what seems like years ago and has still yet to be released. Does it actually exist 🙁,1
Morbius movie,6 Mar 2022,@darthsheebious,|\| | |\| ] /\ (-_-),Morbius is a shitty character. Don't get why they made a movie about him,https://nitter.net/darthsheebious/status/1500597153944768517#m,Morbius is a shitty character. Don't get why they made a movie about him,1
Morbius movie,6 Mar 2022,@NEXtMinnieTeena,♥️The Real Big Mama♥️,Aye I don’t know much about much but that man playing Morbius is Fine Af and I wanna go see the movie,https://nitter.net/NEXtMinnieTeena/status/1500585302934568961#m,Aye I don’t know much about much but that man playing Morbius is Fine Af and I wanna go see the movie,1
Morbius movie,6 Mar 2022,@qLxke_,Luke,"i just wanna make it clear that the Morbius excitement tweets i make aren’t jokes i am genuinely really excited for the movie, i think it looks really cool and fun and i like the character in the comics, plus Matt Smith is in it and he’s obviously gonna kill it like usual :)",https://nitter.net/qLxke_/status/1500576604036206594#m,"i just wanna make it clear that the Morbius excitement tweets i make aren’t jokes i am genuinely really excited for the movie, i think it looks really cool and fun and i like the character in the comics, plus Matt Smith is in it and he’s obviously gonna kill it like usual :)",1
Morbius movie,6 Mar 2022,@breqzao,breq,"Yeah ik what ur talking about and i kinda agree with you, btw i would love to see a movie with Spider-Man, Morbius and Lizard as the main characters with a ""medic and the monster"" theme while Peter struggles with who's his real self, Spider-Man or Peter Parker paralleling with +",https://nitter.net/breqzao/status/1500567577508073473#m,"Yeah ik what ur talking about and i kinda agree with you, btw i would love to see a movie with Spider-Man, Morbius and Lizard as the main characters with a ""medic and the monster"" theme while Peter struggles with who's his real self, Spider-Man or Peter Parker paralleling with +",1
Morbius movie,6 Mar 2022,@RealFrostBricks,FrostBricks,Thats hugely reductive. Twilight is an awful movie. It's part of its lasting appeal. R-Pats acting isn't the reason; but he has worked to distance himself from it We could just as easily say its vampire movies that aren't recieved well - we'll see what happens with Morbius,https://nitter.net/RealFrostBricks/status/1500566274010542083#m,Thats hugely reductive. Twilight is an awful movie. It's part of its lasting appeal. R-Pats acting isn't the reason; but he has worked to distance himself from it We could just as easily say its vampire movies that aren't recieved well - we'll see what happens with Morbius,1
Morbius movie,6 Mar 2022,@zik_zico,The Honoured Light,"That movie was a 10/10 and I'm a Marvel fan, MOM has to be spectacularly mad to top it fr, then I have no hopes on morbius tbh but we'll see.",https://nitter.net/zik_zico/status/1500558327188799489#m,"That movie was a 10/10 and I'm a Marvel fan, MOM has to be spectacularly mad to top it fr, then I have no hopes on morbius tbh but we'll see.",1
Morbius movie,6 Mar 2022,@ToddSeavey,Todd Seavey,"April Fool's Day _and_ the opening of the Morbius the Living Vampire movie, but don't take those as bad signs.",https://nitter.net/ToddSeavey/status/1500545468849434628#m,"April Fool's Day _and_ the opening of the Morbius the Living Vampire movie, but don't take those as bad signs.",1
Morbius movie,6 Mar 2022,@jtb0wen,Newob Tj,Intrigued by new ‘Morbius’ movie. Marvel always pushing boundaries. Jared Leto = one of my favs,https://nitter.net/jtb0wen/status/1500544891247632387#m,Intrigued by new ‘Morbius’ movie. Marvel always pushing boundaries. Jared Leto = one of my favs,1
Morbius movie,6 Mar 2022,@Affshar07,Affshar,Stop posting clips from Morbius.. Already the duration is very short of 1:30 hrs.. U guys will telecast nearly 1 hour of the movie spoilers in these promotion clips..🤦🏻🚶🏻,https://nitter.net/Affshar07/status/1500535574612279296#m,Stop posting clips from Morbius.. Already the duration is very short of 1:30 hrs.. U guys will telecast nearly 1 hour of the movie spoilers in these promotion clips..🤦🏻🚶🏻,1
Morbius movie,6 Mar 2022,@narcissexual,Skyler 🦒,Did that Morbius movie ever come out? I swear it's just a long running prank from Sony and doesn't actually exist,https://nitter.net/narcissexual/status/1500525851221237760#m,Did that Morbius movie ever come out? I swear it's just a long running prank from Sony and doesn't actually exist,1
Morbius movie,Feb 16,@DailyDizzy_GG,🎀Daily Yutane & Sol🔥,Unintelligent construct 💔,https://nitter.net/DailyDizzy_GG/status/2023332549725155570#m,Unintelligent construct 💔,0
Morbius movie,Feb 16,@MaPaulaFonseca,María Paula Fonseca Gómez,"Dicen @BluRadioCo que “usan RTVC para mandarle plata a los consentidos de la primera dama.” No señores nadie “le manda plata” a nadie, hay un contrato con un asesor de imagen y con un director de producción audiovisual para prestar sus servicios a la presidencia de la República.",https://nitter.net/MaPaulaFonseca/status/2023405501300785623#m,"@BluRadioCo says that “they use RTVC to send money to the first lady's darlings.” No gentlemen, no one “sends money” to anyone, there is a contract with an image consultant and with an audiovisual production director to provide their services to the presidency of the Republic.",0
Morbius movie,Feb 16,@JamesTate121,James Tate,"Her NDA was about to expire, and she fell down the stairs.",https://nitter.net/JamesTate121/status/2023203484234088549#m,"Her NDA was about to expire, and she fell down the stairs.",1
Morbius movie,Feb 16,@Azadikhaaaah,✌🏻✌🏻,همدیگه رو حمایت کنیم؛ بک بدین، فالو کنین و ریتوییت‌ همدیگه رو فراموش نکنین. این یک کنش جمعیه و قدرتش به همراهی ماست — هر تعامل کوچک، صدای جمعی‌مون رو بلندتر می‌کنه. #KingRezaPahlavi #IranMassacre #IranRevolution2026,https://nitter.net/Azadikhaaaah/status/2023381009488859351#m,"support each other; Back, follow and don't forget to retweet each other. It is a collective action and its power is with us - every small interaction makes our collective voice louder. #KingRezaPahlavi #IranMassacre #IranRevolution2026",0
Morbius movie,Feb 16,@GQ_14_,ⁱᴾⁱᵃⁿغزالہ قریشی 🇵🇰,A nation that forgets its heroes loses its future. Stand up for Imran Khan and for Pakistan. #مزاحمت_خان_کی_رہائی_تک @TeamiPians,https://nitter.net/GQ_14_/status/2023428145274400892#m,A nation that forgets its heroes loses its future. Stand up for Imran Khan and for Pakistan. #مزاحمت_خان_کی_رہائی_تک @TeamiPians,1
Morbius movie,Feb 16,@McFaul,Michael McFaul,Alexei Navalny loved Russia and opposed Putin. Patriotism and dissent are not contradictions. Loving your country doesn’t mean staying silent about its leaders. No one should be murdered for speaking out.,https://nitter.net/McFaul/status/2023419679348293903#m,Alexei Navalny loved Russia and opposed Putin. Patriotism and dissent are not contradictions. Loving your country doesn’t mean staying silent about its leaders. No one should be murdered for speaking out.,1
Morbius movie,Feb 16,@AtRealBen,ⱤɆ₳Ⱡ ฿Ɇ₦,drip drip drip…,https://nitter.net/AtRealBen/status/2023278263104418273#m,drip drip drip…,0
Morbius movie,Feb 16,@perolitaz,tor. 𖧁୧,aq no centro tb tinha um assim,https://nitter.net/perolitaz/status/2023433258252599301#m,There was also one like that in the center,1
Morbius movie,Feb 16,@newspim,뉴스핌,롱샷에게 묻는다! 팬 질문 & 미션 모집 🎤 롱샷이 여러분의 질문과 미션을 직접 뽑아 영상에서 답할 예정입니다! 네이버 폼으로 참여하기 naver.me/5ECcPTE3 선정된 질문/미션은 콘텐츠에 소개될 수 있어요! #롱샷,https://nitter.net/newspim/status/2023272199420088548#m,Ask Longshot! Fan Questions & Missions Recruitment 🎤 Longshot will personally pick your questions and missions and answer them in the video! Participate using the Naver form naver.me/5ECcPTE3 Selected questions/missions can be introduced in the content! #longshot,0
Morbius movie,Feb 16,@dogfomar,연구생,지우 요리하다가 불안정형모드 발동했는데 옆에서 하람이는 40통 뭔데~~ 이러고 있는거 진짜 개웃겨서,https://nitter.net/dogfomar/status/2023433180884418937#m,"Ji-woo activated unstable mode while cooking, and Ha-ram next to me called 40 messages~~ It was so funny that he was doing this.",0
Morbius movie,Feb 15,@numb2025,🇮🇷بُختاپوسم دوباره🇮🇷,عرازشه و فرقه جنون دارن هشتگ های چرتشون رو ترند میکنن. هشتگ های ما از ترند افتادن پس بی تفاوت رد نشو یه جاویدشاه بنویس و هشتگ بزن تنبلی؟من نوشتم تو ریت بزن #KingRezaPahlavi #IranMassacre,https://nitter.net/numb2025/status/2023146343687160289#m,"Arazsheh and Fargheh Janun are trending their chat hashtags. Our hashtags are falling out of trend, so don't be indifferent, write a Javed Shah and hashtag, you lazy?",0
Morbius movie,Feb 16,@HighSatietydiet,HighSatiety Diet,"Neither indiscriminate calorie restriction or intermittent fasting address/mitigate the metabolic consequence of dieting, that's⬆️hunger & a⬇️in metabolism. A higher satiety diet that focuses on dietary composition, namely protein & fibre intake plus low energy dense foods, does!",https://nitter.net/HighSatietydiet/status/2023428299675099604#m,"Neither indiscriminate calorie restriction or intermittent fasting address/mitigate the metabolic consequence of dieting, that's⬆️hunger & a⬇️in metabolism. A higher satiety diet that focuses on dietary composition, namely protein & fibre intake plus low energy dense foods, does!",0
Morbius movie,Feb 16,@yalnizz_dost,Dost,Harika bir akşam diliyorum,https://nitter.net/yalnizz_dost/status/2023433258244227453#m,I wish you a wonderful evening,0
Morbius movie,Feb 16,@MIBU5577063,MIBU🏊‍♂️,ガチで目立ちたくない吉良吉影はこう,https://nitter.net/MIBU5577063/status/2023340537902973411#m,"Yoshikage Kira, who really doesn't want to stand out, is like this",0
Morbius movie,Feb 16,@KasinoWxrld,Daveon Lott,ك&#x624;د خ&#x635;م ن&#x648;ن &#x633;تايلي 1 ▬ك&#x624;ب&#x624;ن▬ك&#x648;د▬خ&#x635;م▬ن&#x648;ن▬ ⎐ستتايليي⎐ ZQX⊴ ⎐ٺوٺ⎐ ⊵S3Q⊴ ▬مترو▬برازيل ⊵ds7⊵ ^^^^ 8cRO,https://nitter.net/KasinoWxrld/status/2023433258244178267#m,K&#x624;D S ⎐وٺ⎐ ⊵S3Q⊴ ▬Metro▬Brazil ⊵ds7⊵ ^^^^ 8cRO,0
Morbius movie,Feb 16,@jordanyroc,Luis,"Lil’ Wayne is one of the most iconic and influential rappers ever, a legend, and at his peak, he had one of the most dominant runs any rapper has ever had. But he also has A LOT of TERRIBLE music in his catalog. I’d argue that he’s been terrible for far longer than he was great. A lot of his music has aged horribly. And even at his peak, he wasn’t really rapping about shit. A very small percentage of his catalog has substance. Far too much of his catalog was him doing THIS⬇️",https://nitter.net/jordanyroc/status/2023426800232100144#m,"Lil’ Wayne is one of the most iconic and influential rappers ever, a legend, and at his peak, he had one of the most dominant runs any rapper has ever had. But he also has A LOT of TERRIBLE music in his catalog. I’d argue that he’s been terrible for far longer than he was great. A lot of his music has aged horribly. And even at his peak, he wasn’t really rapping about shit. A very small percentage of his catalog has substance. Far too much of his catalog was him doing THIS⬇️",1
